orden_id,producto_id,cantidad,precio_unitario
000000000000000000000001,2254,1,159.0
000000000000000000000002,3457,1,499.0
000000000000000000000003,4465,1,119.0
000000000000000000000003,3437,2,1099.0
000000000000000000000004,2788,1,2699.0
000000000000000000000004,2277,1,299.0
000000000000000000000005,2818,3,4279.0
000000000000000000000006,3101,3,59.0
000000000000000000000006,646,3,150.0
000000000000000000000006,4523,2,49.9
000000000000000000000006,2402,3,699.0
000000000000000000000007,1908,2,739.0
000000000000000000000007,828,3,799.0
000000000000000000000007,3114,2,36.9
000000000000000000000007,2278,1,339.0
000000000000000000000008,1402,3,199.0
000000000000000000000008,4376,1,114.99
000000000000000000000009,2657,1,1499.0
00000000000000000000000a,4647,3,259.0
00000000000000000000000b,1144,1,3999.0
00000000000000000000000c,3272,1,1389.0
00000000000000000000000c,2966,3,989.0
00000000000000000000000c,1797,2,499.0
00000000000000000000000d,3459,2,529.0
00000000000000000000000d,4886,2,408.0
00000000000000000000000d,521,3,12.0
00000000000000000000000e,939,2,625.0
00000000000000000000000e,4399,3,349.9
00000000000000000000000f,2158,1,310.0
00000000000000000000000f,4101,3,49.9
00000000000000000000000f,1464,2,1549.0
00000000000000000000000f,4159,3,59.9
000000000000000000000010,4345,3,149.9
000000000000000000000010,5,2,475.0
000000000000000000000011,1974,3,244.0
000000000000000000000012,4364,3,108.9
000000000000000000000012,1031,1,2140.0
000000000000000000000012,1052,2,795.0
000000000000000000000012,3894,3,88.5
000000000000000000000013,1648,3,1149.0
000000000000000000000013,2554,3,74.9
000000000000000000000013,3269,2,2599.0
000000000000000000000014,173,3,1185.0
000000000000000000000015,258,2,3849.0
000000000000000000000016,4678,2,99.0
000000000000000000000016,4721,1,99.0
000000000000000000000017,2903,2,979.99
000000000000000000000017,3470,2,89.0
000000000000000000000018,2780,1,3599.0
000000000000000000000019,3790,1,50.9
00000000000000000000001a,4429,1,119.99
00000000000000000000001b,3944,2,64.9
00000000000000000000001b,1752,1,1299.0
00000000000000000000001c,4553,3,45.9
00000000000000000000001d,4442,3,399.9
00000000000000000000001d,500,2,22.0
00000000000000000000001e,4161,1,159.9
00000000000000000000001f,4667,3,141.9
00000000000000000000001f,2017,3,239.0
000000000000000000000020,2137,3,118.0
000000000000000000000020,1674,3,1549.0
000000000000000000000021,595,2,74.99
000000000000000000000021,77,3,420.0
000000000000000000000022,1086,1,88.0
000000000000000000000022,2860,1,520.9
000000000000000000000023,4334,3,119.9
000000000000000000000023,65,3,375.0
000000000000000000000024,877,3,429.0
000000000000000000000025,2163,3,349.0
000000000000000000000026,2267,1,209.9
000000000000000000000026,362,2,1029.0
000000000000000000000027,3504,1,8.9
000000000000000000000027,4595,1,54.9
000000000000000000000028,3025,3,1200.0
000000000000000000000029,327,3,449.0
000000000000000000000029,2932,1,1099.0
000000000000000000000029,1721,3,1099.0
00000000000000000000002a,1267,2,50.9
00000000000000000000002a,1940,1,619.0
00000000000000000000002a,1332,1,369.0
00000000000000000000002a,1451,3,499.0
00000000000000000000002b,886,2,1449.0
00000000000000000000002c,1865,1,449.0
00000000000000000000002d,2287,3,79.9
00000000000000000000002d,2877,3,665.5
00000000000000000000002d,4174,2,212.0
00000000000000000000002d,3275,1,2649.0
00000000000000000000002e,4888,2,189.0
00000000000000000000002f,4724,1,109.0
000000000000000000000030,1615,2,1699.0
000000000000000000000030,2984,1,1299.0
000000000000000000000031,2461,3,29.9
000000000000000000000031,4155,2,32.0
000000000000000000000031,2534,2,26.9
000000000000000000000032,3106,3,59.0
000000000000000000000032,1426,3,1490.0
000000000000000000000033,4752,3,67.5
000000000000000000000034,1391,2,479.0
000000000000000000000034,695,3,269.0
000000000000000000000035,1841,1,799.0
000000000000000000000035,1632,1,2099.0
000000000000000000000036,5160,1,95.0
000000000000000000000036,4716,3,36.0
000000000000000000000037,874,1,1409.0
000000000000000000000037,3483,3,1899.0
000000000000000000000037,1793,3,1167.9
000000000000000000000038,3807,3,82.0
000000000000000000000038,4352,3,139.9
000000000000000000000039,4489,1,55.9
000000000000000000000039,3653,3,205.0
00000000000000000000003a,4271,1,98.0
00000000000000000000003a,3970,2,189.0
00000000000000000000003a,5135,2,429.99
00000000000000000000003b,661,1,199.0
00000000000000000000003b,1134,2,89.9
00000000000000000000003b,1236,3,169.9
00000000000000000000003c,3407,1,109.0
00000000000000000000003c,511,2,125.9
00000000000000000000003d,4717,1,36.0
00000000000000000000003d,3117,2,550.0
00000000000000000000003d,3908,2,196.0
00000000000000000000003e,4474,1,39.0
00000000000000000000003e,4942,2,34.9
00000000000000000000003f,3313,2,299.0
00000000000000000000003f,1353,1,70.9
000000000000000000000040,223,3,3149.0
000000000000000000000040,688,2,99.0
000000000000000000000041,3725,2,70.0
000000000000000000000042,671,2,449.0
000000000000000000000043,563,3,1037.0
000000000000000000000044,1955,2,379.0
000000000000000000000044,1035,3,599.0
000000000000000000000045,1375,3,409.0
000000000000000000000045,4964,3,41.9
000000000000000000000045,4975,1,29.9
000000000000000000000046,2556,3,50.8
000000000000000000000047,5139,1,3829.0
000000000000000000000048,4637,3,155.0
000000000000000000000048,337,2,899.0
000000000000000000000048,2845,3,3499.0
000000000000000000000049,865,3,499.0
000000000000000000000049,3552,2,529.0
000000000000000000000049,2968,3,315.0
00000000000000000000004a,4409,2,89.9
00000000000000000000004a,3961,2,269.0
00000000000000000000004b,710,1,681.9
00000000000000000000004b,2285,2,599.0
00000000000000000000004b,3693,3,59.9
00000000000000000000004c,1738,2,1399.99
00000000000000000000004d,4233,1,64.9
00000000000000000000004d,1566,1,789.0
00000000000000000000004e,4021,1,23.9
00000000000000000000004e,3672,1,129.0
00000000000000000000004f,4535,3,49.9
000000000000000000000050,2220,1,93.9
000000000000000000000050,2512,1,349.9
000000000000000000000050,2060,3,569.0
000000000000000000000051,3967,2,349.0
000000000000000000000052,1591,1,1399.0
000000000000000000000052,2427,2,489.0
000000000000000000000052,1864,1,429.0
000000000000000000000052,2957,3,989.0
000000000000000000000053,1035,3,599.0
000000000000000000000054,3922,2,33.0
000000000000000000000055,536,2,69.9
000000000000000000000056,4611,2,77.0
000000000000000000000057,5067,3,390.0
000000000000000000000057,1849,2,849.0
000000000000000000000058,5088,1,650680.0
000000000000000000000059,2168,1,59.1
000000000000000000000059,666,1,1179.0
00000000000000000000005a,3850,1,196.0
00000000000000000000005a,2386,1,499.0
00000000000000000000005b,2168,3,59.1
00000000000000000000005b,5121,3,650.0
00000000000000000000005c,2177,1,190.2
00000000000000000000005c,1166,1,140.68
00000000000000000000005d,3598,3,85.9
00000000000000000000005d,1019,2,420.0
00000000000000000000005d,3840,2,64.9
00000000000000000000005d,2492,3,244.99
00000000000000000000005e,4946,1,46.9
00000000000000000000005e,2052,1,759.0
00000000000000000000005e,212,3,1700.0
00000000000000000000005f,1436,3,309.0
00000000000000000000005f,3855,3,49.9
000000000000000000000060,4029,2,23.9
000000000000000000000060,748,2,1399.0
000000000000000000000061,4059,2,58.9
000000000000000000000062,2577,2,1750.0
000000000000000000000062,2068,1,109.0
000000000000000000000063,4445,2,129.9
000000000000000000000063,3785,1,64.9
000000000000000000000064,1668,1,1049.0
000000000000000000000064,2188,2,270.0
000000000000000000000064,4500,2,49.9
000000000000000000000065,1298,1,80.0
000000000000000000000065,2546,3,149.0
000000000000000000000065,4513,2,49.9
000000000000000000000066,1262,3,329.0
000000000000000000000066,4083,2,42.9
000000000000000000000066,2391,2,629.0
000000000000000000000066,4169,2,329.0
000000000000000000000067,4911,3,39.9
000000000000000000000068,4160,2,199.0
000000000000000000000069,4012,2,70.0
000000000000000000000069,1218,3,459.0
00000000000000000000006a,2637,3,1889.0
00000000000000000000006a,1546,1,1489.0
00000000000000000000006b,3875,3,123.99
00000000000000000000006c,304,3,708.0
00000000000000000000006c,1035,3,599.0
00000000000000000000006d,3744,3,159.0
00000000000000000000006d,126,1,2529.0
00000000000000000000006e,2172,3,169.0
00000000000000000000006e,2774,2,2499.0
00000000000000000000006e,5106,3,259.0
00000000000000000000006f,2595,3,4398.0
000000000000000000000070,1924,3,1399.0
000000000000000000000070,5171,2,1399.0
000000000000000000000071,824,3,560.0
000000000000000000000071,3635,2,5.9
000000000000000000000071,1363,1,209.0
000000000000000000000072,2001,2,279.0
000000000000000000000072,4352,3,139.9
000000000000000000000073,5077,3,169.0
000000000000000000000073,1973,1,799.0
000000000000000000000073,4077,1,42.9
000000000000000000000074,3812,1,57.9
000000000000000000000074,2357,1,50.9
000000000000000000000074,4478,2,36.9
000000000000000000000075,3743,1,74.9
000000000000000000000075,2475,2,30.0
000000000000000000000076,2419,3,469.0
000000000000000000000076,180,2,1699.0
000000000000000000000077,4070,2,29.9
000000000000000000000077,2345,1,115.9
000000000000000000000077,1886,3,199.0
000000000000000000000077,4974,1,89.0
000000000000000000000078,5141,2,2600.0
000000000000000000000078,323,2,498.0
000000000000000000000079,3404,1,4049.0
00000000000000000000007a,2233,2,257.0
00000000000000000000007a,1348,2,74.9
00000000000000000000007b,617,1,49.89
00000000000000000000007b,1154,3,2389.9
00000000000000000000007c,3233,1,779.9
00000000000000000000007d,3044,3,349.9
00000000000000000000007d,888,1,489.0
00000000000000000000007e,1814,3,1119.0
00000000000000000000007e,518,2,14.9
00000000000000000000007e,3804,1,154.0
00000000000000000000007e,2476,1,28.9
00000000000000000000007f,4404,1,479.9
000000000000000000000080,1266,3,49.9
000000000000000000000080,3399,1,1099.0
000000000000000000000081,3036,1,520.0
000000000000000000000082,3010,2,520.0
000000000000000000000082,4461,2,249.0
000000000000000000000082,2939,1,279.9
000000000000000000000082,497,1,89.0
000000000000000000000083,4892,1,106.0
000000000000000000000083,175,2,3099.0
000000000000000000000084,4541,1,49.9
000000000000000000000084,1698,1,799.0
000000000000000000000084,4804,2,93.9
000000000000000000000085,1186,2,200.0
000000000000000000000085,1065,1,439.0
000000000000000000000085,4426,1,205.0
000000000000000000000086,130,2,2549.0
000000000000000000000086,1428,1,1800.0
000000000000000000000087,2966,3,989.0
000000000000000000000087,4205,1,79.9
000000000000000000000088,256,1,3599.0
000000000000000000000089,3634,1,29.9
000000000000000000000089,603,2,1359.0
00000000000000000000008a,2664,3,1449.0
00000000000000000000008a,3121,3,389.9
00000000000000000000008b,4517,2,49.9
00000000000000000000008b,1762,1,899.0
00000000000000000000008b,3524,2,39.99
00000000000000000000008c,2561,3,39.99
00000000000000000000008d,700,1,699.0
00000000000000000000008e,4805,3,69.0
00000000000000000000008e,4601,2,65.0
00000000000000000000008f,422,2,119.0
00000000000000000000008f,2357,2,50.9
00000000000000000000008f,4919,1,45.0
000000000000000000000090,2869,1,220.0
000000000000000000000090,4557,2,52.9
000000000000000000000090,3012,3,58.0
000000000000000000000091,2191,1,50.4
000000000000000000000092,1487,1,1789.0
000000000000000000000093,4346,1,139.9
000000000000000000000094,4650,1,105.0
000000000000000000000094,4885,1,106.0
000000000000000000000094,696,1,88.9
000000000000000000000095,3979,2,233.0
000000000000000000000095,4974,2,89.0
000000000000000000000096,4859,2,69.9
000000000000000000000097,1675,2,699.0
000000000000000000000098,64,2,361.0
000000000000000000000099,2902,2,361.9
000000000000000000000099,591,3,55.9
00000000000000000000009a,4698,3,146.9
00000000000000000000009a,3314,3,299.0
00000000000000000000009b,5064,2,450.0
00000000000000000000009c,4825,2,189.9
00000000000000000000009d,1378,1,1659.0
00000000000000000000009e,1210,1,93.9
00000000000000000000009f,618,2,157.9
00000000000000000000009f,1452,2,499.0
00000000000000000000009f,5145,3,1189.0
0000000000000000000000a0,5117,3,259.0
0000000000000000000000a0,2648,2,2361.0
0000000000000000000000a1,4845,3,549.0
0000000000000000000000a1,461,1,174.9
0000000000000000000000a1,2884,2,509.0
0000000000000000000000a2,740,3,649.0
0000000000000000000000a3,4684,2,169.0
0000000000000000000000a3,1543,3,1489.0
0000000000000000000000a4,2814,3,4409.0
0000000000000000000000a4,691,1,1499.0
0000000000000000000000a4,4134,1,119.9
0000000000000000000000a5,2982,2,379.9
0000000000000000000000a5,3055,2,999.0
0000000000000000000000a6,775,3,919.0
0000000000000000000000a7,2731,3,2609.9
0000000000000000000000a7,668,1,269.0
0000000000000000000000a7,4774,2,45.0
0000000000000000000000a8,695,3,269.0
0000000000000000000000a8,2537,2,169.0
0000000000000000000000a9,3469,3,89.0
0000000000000000000000aa,3984,1,60.99
0000000000000000000000ab,4422,1,59.9
0000000000000000000000ab,4314,3,135.0
0000000000000000000000ac,1482,3,1789.0
0000000000000000000000ad,2985,3,314.9
0000000000000000000000ae,1960,2,269.0
0000000000000000000000af,4673,2,169.0
0000000000000000000000b0,1328,3,1399.0
0000000000000000000000b0,1636,1,1689.0
0000000000000000000000b1,841,1,2579.0
0000000000000000000000b1,4227,2,77.9
0000000000000000000000b2,3584,1,165.0
0000000000000000000000b3,3399,2,1099.0
0000000000000000000000b3,437,1,167.0
0000000000000000000000b3,3248,2,44.9
0000000000000000000000b3,4113,1,39.0
0000000000000000000000b4,1128,2,304.9
0000000000000000000000b4,314,3,1369.0
0000000000000000000000b4,2351,1,64.9
0000000000000000000000b5,1767,1,899.0
0000000000000000000000b6,1947,1,259.0
0000000000000000000000b6,2468,1,309.0
0000000000000000000000b6,999,2,2699.0
0000000000000000000000b7,135,3,2659.0
0000000000000000000000b7,5177,3,1299.9
0000000000000000000000b8,3413,1,129.0
0000000000000000000000b9,4458,1,202.93
0000000000000000000000b9,4157,2,35.99
0000000000000000000000b9,4159,2,59.9
0000000000000000000000b9,4540,1,49.9
0000000000000000000000ba,554,2,179.0
0000000000000000000000bb,2724,2,931.0
0000000000000000000000bb,1093,3,249.0
0000000000000000000000bb,364,2,449.0
0000000000000000000000bc,3921,1,27.9
0000000000000000000000bc,5176,3,499.9
0000000000000000000000bc,1494,2,1629.0
0000000000000000000000bc,1105,1,479.0
0000000000000000000000bd,2541,3,199.0
0000000000000000000000be,1566,1,789.0
0000000000000000000000be,2344,3,110.9
0000000000000000000000be,2925,2,289.9
0000000000000000000000bf,3168,2,159.0
0000000000000000000000bf,2778,3,3299.0
0000000000000000000000bf,1531,2,1399.0
0000000000000000000000c0,647,1,329.9
0000000000000000000000c0,3528,3,329.0
0000000000000000000000c0,4936,2,35.9
0000000000000000000000c1,3491,3,1699.0
0000000000000000000000c1,1366,2,209.0
0000000000000000000000c2,3564,3,140.9
0000000000000000000000c2,2250,1,169.9
0000000000000000000000c3,1170,1,158.86
0000000000000000000000c3,4978,1,169.0
0000000000000000000000c3,3590,1,49.99
0000000000000000000000c3,286,3,909.0
0000000000000000000000c4,3686,2,10.9
0000000000000000000000c5,2576,3,3800.0
0000000000000000000000c6,3171,1,119.0
0000000000000000000000c6,4602,2,91.0
0000000000000000000000c7,4024,1,23.9
0000000000000000000000c7,1640,1,1599.9
0000000000000000000000c8,2619,3,3038.9
0000000000000000000000c8,2847,2,3199.0
0000000000000000000000c8,532,2,32.9
0000000000000000000000c8,4506,1,49.9
0000000000000000000000c9,995,1,1501.0
0000000000000000000000c9,1647,1,1959.0
0000000000000000000000ca,4520,3,49.9
0000000000000000000000ca,1064,1,1039.0
0000000000000000000000cb,3355,1,779.0
0000000000000000000000cb,4710,1,35.0
0000000000000000000000cc,4517,3,49.9
0000000000000000000000cd,454,2,1029.0
0000000000000000000000cd,1018,1,1180.0
0000000000000000000000cd,4245,1,175.7
0000000000000000000000cd,1254,2,150.0
0000000000000000000000ce,647,3,329.9
0000000000000000000000ce,2053,3,399.0
0000000000000000000000ce,1609,2,1489.0
0000000000000000000000cf,4849,1,69.9
0000000000000000000000cf,4757,1,135.0
0000000000000000000000d0,233,1,1090.9
0000000000000000000000d1,3413,2,129.0
0000000000000000000000d1,5064,3,450.0
0000000000000000000000d1,249,3,2649.0
0000000000000000000000d2,598,3,409.9
0000000000000000000000d3,1177,2,103.18
0000000000000000000000d4,1072,1,569.0
0000000000000000000000d4,3036,2,520.0
0000000000000000000000d4,4219,1,209.3
0000000000000000000000d4,4602,2,91.0
0000000000000000000000d5,3147,3,15.9
0000000000000000000000d6,2562,3,1479.0
0000000000000000000000d6,1556,2,11000.0
0000000000000000000000d6,1306,2,273.9
0000000000000000000000d6,4082,2,42.9
0000000000000000000000d7,1763,1,899.0
0000000000000000000000d7,4779,2,354.84
0000000000000000000000d7,2891,2,989.0
0000000000000000000000d7,399,3,429.0
0000000000000000000000d8,881,2,399.0
0000000000000000000000d9,3282,1,1.0
0000000000000000000000da,3690,3,1519.9
0000000000000000000000db,793,2,599.99
0000000000000000000000dc,1631,2,1499.0
0000000000000000000000dc,4936,3,35.9
0000000000000000000000dc,4171,1,329.0
0000000000000000000000dd,1221,3,329.0
0000000000000000000000dd,4967,1,69.0
0000000000000000000000de,4156,3,124.9
0000000000000000000000de,4176,2,139.3
0000000000000000000000df,898,2,743.0
0000000000000000000000e0,2176,3,290.5
0000000000000000000000e0,4739,1,65.0
0000000000000000000000e1,1985,1,287.0
0000000000000000000000e2,1241,2,149.9
0000000000000000000000e3,511,1,125.9
0000000000000000000000e3,1132,3,359.9
0000000000000000000000e3,4250,2,238.7
0000000000000000000000e4,4368,3,200.0
0000000000000000000000e4,2805,2,2999.0
0000000000000000000000e5,1576,2,1199.0
0000000000000000000000e5,2020,3,299.0
0000000000000000000000e6,4006,2,25.9
0000000000000000000000e6,2598,3,5499.0
0000000000000000000000e6,3931,3,157.0
0000000000000000000000e7,3233,2,779.9
0000000000000000000000e7,2828,1,8999.0
0000000000000000000000e7,1200,2,229.0
0000000000000000000000e8,1753,2,818.0
0000000000000000000000e8,1656,3,1198.0
0000000000000000000000e8,4413,3,69.9
0000000000000000000000e9,4351,1,139.9
0000000000000000000000ea,1127,1,304.9
0000000000000000000000eb,1634,2,3499.9
0000000000000000000000eb,2354,2,64.9
0000000000000000000000ec,306,1,718.0
0000000000000000000000ed,3253,1,1799.0
0000000000000000000000ed,4059,1,58.9
0000000000000000000000ed,1527,2,699.0
0000000000000000000000ed,2372,3,719.0
0000000000000000000000ee,4451,3,103.9
0000000000000000000000ee,4296,2,99.96
0000000000000000000000ee,4047,2,84.0
0000000000000000000000ee,1100,1,1799.0
0000000000000000000000ef,116,3,1189.0
0000000000000000000000ef,2762,3,3900.0
0000000000000000000000ef,2417,1,399.0
0000000000000000000000f0,711,3,676.9
0000000000000000000000f0,3284,1,1679.0
0000000000000000000000f1,3143,1,80.0
0000000000000000000000f2,94,3,499.0
0000000000000000000000f2,2143,1,169.0
0000000000000000000000f2,2946,1,1499.0
0000000000000000000000f3,2548,3,189.0
0000000000000000000000f3,962,1,199.0
0000000000000000000000f3,2417,1,399.0
0000000000000000000000f3,3011,1,58.0
0000000000000000000000f4,4500,3,49.9
0000000000000000000000f4,3858,3,93.9
0000000000000000000000f5,671,3,449.0
0000000000000000000000f5,4305,3,101.94
0000000000000000000000f5,3660,2,74.9
0000000000000000000000f6,1657,1,1198.0
0000000000000000000000f6,4692,2,149.0
0000000000000000000000f6,4397,3,299.9
0000000000000000000000f6,1228,2,159.0
0000000000000000000000f7,3650,1,109.0
0000000000000000000000f7,456,3,1089.0
0000000000000000000000f7,3715,2,198.0
0000000000000000000000f8,3244,3,349.9
0000000000000000000000f8,2085,1,129.0
0000000000000000000000f8,25,3,499.0
0000000000000000000000f9,566,2,129.9
0000000000000000000000f9,3868,1,19.9
0000000000000000000000f9,260,1,1599.0
0000000000000000000000f9,2352,3,64.9
0000000000000000000000fa,3093,1,1249.0
0000000000000000000000fa,3078,3,379.0
0000000000000000000000fb,4402,2,479.9
0000000000000000000000fc,2445,2,389.0
0000000000000000000000fc,3793,3,60.0
0000000000000000000000fc,4461,2,249.0
0000000000000000000000fd,925,1,750.0
0000000000000000000000fe,552,1,169.0
0000000000000000000000ff,363,2,449.0
000000000000000000000100,2370,1,249.0
000000000000000000000101,2627,1,799.0
000000000000000000000101,1941,3,239.0
000000000000000000000101,2473,3,35.0
000000000000000000000102,1435,3,7909.0
000000000000000000000102,5129,2,500.0
000000000000000000000102,3500,1,1799.0
000000000000000000000103,3411,2,190.0
000000000000000000000104,1847,2,121.9
000000000000000000000105,3413,3,129.0
000000000000000000000105,4566,1,34.3
000000000000000000000106,3040,1,3599.0
000000000000000000000106,758,2,249.0
000000000000000000000106,4388,2,119.9
000000000000000000000106,1561,3,828.0
000000000000000000000107,4579,1,29.9
000000000000000000000107,1778,2,899.0
000000000000000000000107,3928,2,109.9
000000000000000000000108,3924,3,88.9
000000000000000000000108,1988,1,339.0
000000000000000000000108,4952,2,87.0
000000000000000000000109,2944,2,400.0
000000000000000000000109,2527,2,3399.9
00000000000000000000010a,2624,2,2700.0
00000000000000000000010a,1665,2,1249.0
00000000000000000000010a,3037,1,350.0
00000000000000000000010b,4785,3,723.35
00000000000000000000010b,4745,2,529.0
00000000000000000000010c,4091,2,49.9
00000000000000000000010c,4511,2,49.9
00000000000000000000010c,2766,3,3999.0
00000000000000000000010d,4478,2,36.9
00000000000000000000010e,609,1,569.0
00000000000000000000010e,398,2,479.0
00000000000000000000010f,4143,2,107.9
000000000000000000000110,129,3,2529.0
000000000000000000000110,55,3,399.0
000000000000000000000111,141,1,1189.0
000000000000000000000111,4115,1,91.8
000000000000000000000111,3528,3,329.0
000000000000000000000111,1469,1,1464.0
000000000000000000000112,3252,1,1799.0
000000000000000000000113,661,3,199.0
000000000000000000000114,4528,2,49.9
000000000000000000000115,2714,3,899.0
000000000000000000000115,4636,1,189.0
000000000000000000000115,782,1,329.0
000000000000000000000116,610,3,609.0
000000000000000000000117,2577,1,1750.0
000000000000000000000118,2452,3,259.0
000000000000000000000118,1331,2,2719.0
000000000000000000000118,4620,3,192.5
000000000000000000000118,1970,3,449.99
000000000000000000000119,2834,1,5299.9
000000000000000000000119,440,2,29.99
00000000000000000000011a,2674,1,4449.0
00000000000000000000011b,3076,2,86.9
00000000000000000000011c,603,1,1359.0
00000000000000000000011c,673,2,849.0
00000000000000000000011c,2196,3,299.0
00000000000000000000011d,43,2,529.0
00000000000000000000011e,3677,3,3359.0
00000000000000000000011f,4891,2,349.0
00000000000000000000011f,4900,2,189.9
000000000000000000000120,1989,3,245.0
000000000000000000000120,4686,2,149.0
000000000000000000000120,4269,1,175.0
000000000000000000000120,1390,1,2729.0
000000000000000000000121,3450,2,38.9
000000000000000000000121,2456,1,199.0
000000000000000000000122,1602,1,1528.0
000000000000000000000122,3751,1,59.0
000000000000000000000123,2700,2,1149.0
000000000000000000000123,3607,3,40.0
000000000000000000000123,2743,3,4139.0
000000000000000000000124,1456,2,1650.0
000000000000000000000124,3263,2,469.0
000000000000000000000125,2297,2,154.9
000000000000000000000126,4507,1,49.9
000000000000000000000127,567,1,129.9
000000000000000000000127,3352,3,1079.0
000000000000000000000127,4091,2,49.9
000000000000000000000128,4899,2,99.9
000000000000000000000129,2946,3,1499.0
000000000000000000000129,4399,3,349.9
00000000000000000000012a,5020,1,109.9
00000000000000000000012b,3527,2,29.99
00000000000000000000012b,868,1,730.0
00000000000000000000012b,87,3,469.0
00000000000000000000012b,808,3,1699.0
00000000000000000000012c,3794,3,84.0
00000000000000000000012d,2421,1,619.0
00000000000000000000012d,3408,1,125.0
00000000000000000000012e,1695,2,709.0
00000000000000000000012e,4269,2,175.0
00000000000000000000012f,367,3,999.0
000000000000000000000130,1999,1,499.0
000000000000000000000130,4228,2,78.9
000000000000000000000130,1430,3,3100.0
000000000000000000000130,4522,2,49.9
000000000000000000000131,3541,2,329.0
000000000000000000000132,37,1,519.0
000000000000000000000132,1760,2,39.9
000000000000000000000133,4399,2,349.9
000000000000000000000133,1532,1,1399.0
000000000000000000000133,2997,2,520.0
000000000000000000000134,5008,3,20.9
000000000000000000000134,3216,1,449.0
000000000000000000000135,4835,1,549.0
000000000000000000000135,695,1,269.0
000000000000000000000135,1098,2,439.0
000000000000000000000135,2566,1,899.0
000000000000000000000136,4709,2,35.0
000000000000000000000136,3144,1,19.9
000000000000000000000137,4012,1,70.0
000000000000000000000137,2367,1,249.0
000000000000000000000138,3970,3,189.0
000000000000000000000138,1119,3,314.9
000000000000000000000138,1599,3,1199.0
000000000000000000000138,3146,2,16.9
000000000000000000000139,678,1,139.0
000000000000000000000139,4632,1,179.0
00000000000000000000013a,4634,3,120.0
00000000000000000000013a,4058,1,59.9
00000000000000000000013a,4504,3,49.9
00000000000000000000013b,341,3,999.0
00000000000000000000013b,3616,1,779.0
00000000000000000000013c,265,2,3645.0
00000000000000000000013d,1942,3,269.99
00000000000000000000013d,1720,2,999.0
00000000000000000000013d,4817,3,149.0
00000000000000000000013e,487,3,39.0
00000000000000000000013e,4671,2,99.0
00000000000000000000013e,2874,3,889.0
00000000000000000000013f,4215,1,179.0
00000000000000000000013f,781,2,299.0
000000000000000000000140,1088,3,85.0
000000000000000000000140,2046,2,329.0
000000000000000000000140,1199,1,169.9
000000000000000000000141,5144,2,4899.0
000000000000000000000141,3394,2,109.0
000000000000000000000142,2280,2,648.9
000000000000000000000142,3024,2,729.9
000000000000000000000143,3756,3,79.0
000000000000000000000143,2935,2,999.0
000000000000000000000143,519,1,14.9
000000000000000000000144,2767,1,3999.0
000000000000000000000144,4484,3,49.9
000000000000000000000144,4735,2,101.34
000000000000000000000145,3765,1,99.9
000000000000000000000146,3505,1,490.0
000000000000000000000146,1658,2,1299.0
000000000000000000000146,1081,1,154.9
000000000000000000000146,2473,3,35.0
000000000000000000000147,5125,2,380.0
000000000000000000000148,9,1,55.0
000000000000000000000148,1749,1,1099.0
000000000000000000000148,3907,3,45.0
000000000000000000000149,3460,1,529.0
000000000000000000000149,1083,1,102.9
000000000000000000000149,3914,2,46.0
00000000000000000000014a,1124,3,169.9
00000000000000000000014a,3136,3,129.0
00000000000000000000014a,1091,1,1089.9
00000000000000000000014b,1746,3,1589.0
00000000000000000000014b,5146,1,378.9
00000000000000000000014c,824,1,560.0
00000000000000000000014d,1146,1,99.9
00000000000000000000014e,2335,1,65.0
00000000000000000000014e,220,3,2099.0
00000000000000000000014e,2472,3,389.0
00000000000000000000014f,1961,1,289.0
00000000000000000000014f,4055,1,59.9
00000000000000000000014f,3162,2,399.0
000000000000000000000150,2593,2,1852.0
000000000000000000000150,1082,2,762.0
000000000000000000000150,3169,3,36.0
000000000000000000000150,4657,3,309.0
000000000000000000000151,554,1,179.0
000000000000000000000152,5150,2,130.0
000000000000000000000152,4105,2,44.9
000000000000000000000153,2539,1,199.0
000000000000000000000154,4805,3,69.0
000000000000000000000155,1955,1,379.0
000000000000000000000155,475,1,43.0
000000000000000000000156,1439,1,489.9
000000000000000000000157,4285,2,230.0
000000000000000000000157,4238,1,144.0
000000000000000000000157,2124,3,89.95
000000000000000000000157,1368,2,1699.0
000000000000000000000158,2229,2,209.0
000000000000000000000158,4292,3,169.9
000000000000000000000158,524,3,119.0
000000000000000000000159,4644,2,49.9
000000000000000000000159,1368,1,1699.0
00000000000000000000015a,4169,1,329.0
00000000000000000000015b,1230,1,219.0
00000000000000000000015c,2034,2,369.0
00000000000000000000015d,4113,3,39.0
00000000000000000000015e,565,2,129.9
00000000000000000000015e,3811,1,54.9
00000000000000000000015e,2313,3,999.9
00000000000000000000015e,2546,2,149.0
00000000000000000000015f,1988,3,339.0
00000000000000000000015f,3801,2,99.89
00000000000000000000015f,3017,1,690.0
000000000000000000000160,3360,1,999.0
000000000000000000000161,12,1,529.0
000000000000000000000161,3083,3,949.0
000000000000000000000161,2520,1,699.0
000000000000000000000161,852,2,509.0
000000000000000000000162,1897,3,569.0
000000000000000000000163,4141,3,35.0
000000000000000000000163,1094,2,499.0
000000000000000000000164,2139,2,38.0
000000000000000000000165,2228,1,160.0
000000000000000000000166,866,1,48310.0
000000000000000000000167,1701,2,829.0
000000000000000000000167,3703,1,539.0
000000000000000000000167,2526,1,5549.9
000000000000000000000167,3796,1,59.9
000000000000000000000168,2686,1,2499.0
000000000000000000000169,2449,2,199.0
00000000000000000000016a,4507,1,49.9
00000000000000000000016a,2047,2,799.0
00000000000000000000016b,1821,2,1589.0
00000000000000000000016b,1071,2,310.0
00000000000000000000016b,1624,3,749.0
00000000000000000000016c,615,3,209.0
00000000000000000000016c,179,2,1699.0
00000000000000000000016c,529,1,59.0
00000000000000000000016c,1620,1,1699.0
00000000000000000000016d,415,3,49.0
00000000000000000000016d,1377,2,1699.0
00000000000000000000016d,4702,2,279.0
00000000000000000000016d,3549,1,529.0
00000000000000000000016e,3654,1,29.9
00000000000000000000016f,4512,1,49.9
00000000000000000000016f,3925,1,65.9
000000000000000000000170,4454,1,108.9
000000000000000000000171,2819,2,4679.0
000000000000000000000171,4634,2,120.0
000000000000000000000171,4116,2,86.5
000000000000000000000172,3865,3,19.9
000000000000000000000173,1976,2,259.0
000000000000000000000174,3182,1,163.9
000000000000000000000174,2907,1,989.0
000000000000000000000175,232,1,1279.0
000000000000000000000175,2881,3,799.0
000000000000000000000175,4651,1,105.0
000000000000000000000175,4618,2,192.5
000000000000000000000176,1793,1,1167.9
000000000000000000000177,2792,1,2699.0
000000000000000000000177,1454,1,236.9
000000000000000000000177,2651,1,1199.0
000000000000000000000178,595,3,74.99
000000000000000000000178,3061,1,3576.0
000000000000000000000178,3241,2,12.9
000000000000000000000179,3992,3,25.9
000000000000000000000179,2600,3,1099.0
000000000000000000000179,1428,3,1800.0
00000000000000000000017a,3100,1,169.0
00000000000000000000017a,2514,1,169.9
00000000000000000000017a,2413,3,83.9
00000000000000000000017b,4935,2,35.9
00000000000000000000017c,4065,1,69.0
00000000000000000000017d,727,3,527.0
00000000000000000000017e,2045,3,475.0
00000000000000000000017f,3590,3,49.99
000000000000000000000180,3075,1,69.9
000000000000000000000181,604,1,339.99
000000000000000000000182,3076,1,86.9
000000000000000000000183,5027,2,210.0
000000000000000000000184,1287,2,110.9
000000000000000000000184,439,1,29.9
000000000000000000000184,830,1,1199.0
000000000000000000000185,2307,2,309.9
000000000000000000000186,2956,1,749.0
000000000000000000000187,795,1,629.99
000000000000000000000187,211,1,1489.0
000000000000000000000188,3257,2,1139.9
000000000000000000000189,3040,2,3599.0
00000000000000000000018a,2201,3,226.0
00000000000000000000018b,4436,3,89.9
00000000000000000000018b,3392,1,109.0
00000000000000000000018c,3890,2,54.9
00000000000000000000018c,4692,1,149.0
00000000000000000000018c,1931,2,247.0
00000000000000000000018c,3902,3,69.0
00000000000000000000018d,5082,1,820.0
00000000000000000000018d,1208,2,204.0
00000000000000000000018e,3469,1,89.0
00000000000000000000018f,2113,1,68.0
00000000000000000000018f,2620,2,1109.0
00000000000000000000018f,549,3,50.0
000000000000000000000190,102,2,389.9
000000000000000000000190,5105,1,259.0
000000000000000000000190,4814,2,499.0
000000000000000000000190,4281,1,77.4
000000000000000000000191,4610,2,76.0
000000000000000000000191,828,2,799.0
000000000000000000000191,2344,2,110.9
000000000000000000000191,4388,2,119.9
000000000000000000000192,1179,3,599.9
000000000000000000000193,404,2,479.0
000000000000000000000193,3893,2,66.9
000000000000000000000194,805,2,34000.0
000000000000000000000194,1868,3,449.0
000000000000000000000194,1101,2,269.0
000000000000000000000195,1540,1,1649.0
000000000000000000000195,3619,2,369.0
000000000000000000000196,1303,2,302.9
000000000000000000000196,538,3,249.0
000000000000000000000197,1580,1,849.9
000000000000000000000198,2245,3,243.9
000000000000000000000198,3018,2,800.0
000000000000000000000198,3803,3,89.0
000000000000000000000199,1455,3,432.0
000000000000000000000199,3888,3,209.0
00000000000000000000019a,3167,1,199.0
00000000000000000000019b,1694,3,799.0
00000000000000000000019b,2205,2,155.0
00000000000000000000019c,1084,3,65.9
00000000000000000000019c,1419,1,199.0
00000000000000000000019d,3085,2,129.0
00000000000000000000019d,2857,2,599.0
00000000000000000000019e,61,3,358.0
00000000000000000000019e,4191,2,132.3
00000000000000000000019f,2755,3,4029.0
00000000000000000000019f,2265,2,399.9
0000000000000000000001a0,4238,1,144.0
0000000000000000000001a1,2619,3,3038.9
0000000000000000000001a1,1147,1,99.9
0000000000000000000001a2,290,3,919.0
0000000000000000000001a2,4777,3,112.9
0000000000000000000001a3,3898,3,369.0
0000000000000000000001a3,2937,2,999.9
0000000000000000000001a4,3857,1,49.9
0000000000000000000001a5,2750,1,3599.0
0000000000000000000001a5,732,3,399.0
0000000000000000000001a5,1821,2,1589.0
0000000000000000000001a5,2911,2,989.0
0000000000000000000001a6,965,1,22.9
0000000000000000000001a6,3855,3,49.9
0000000000000000000001a7,3127,2,280.0
0000000000000000000001a7,4341,2,84.95
0000000000000000000001a8,4665,2,118.0
0000000000000000000001a9,5170,2,175.0
0000000000000000000001a9,1449,3,1945.9
0000000000000000000001aa,1298,1,80.0
0000000000000000000001aa,4011,1,25.9
0000000000000000000001ab,310,3,899.0
0000000000000000000001ac,4351,3,139.9
0000000000000000000001ac,1562,1,699.9
0000000000000000000001ac,147,3,1179.0
0000000000000000000001ad,3143,3,80.0
0000000000000000000001ae,3735,2,89.0
0000000000000000000001ae,4263,2,168.0
0000000000000000000001ae,4886,3,408.0
0000000000000000000001ae,4294,1,104.99
0000000000000000000001af,3305,1,1399.0
0000000000000000000001b0,1385,2,329.0
0000000000000000000001b0,1009,3,1150.0
0000000000000000000001b1,5105,1,259.0
0000000000000000000001b1,399,3,429.0
0000000000000000000001b1,4866,1,359.0
0000000000000000000001b2,1013,2,1265.0
0000000000000000000001b2,4484,2,49.9
0000000000000000000001b3,828,3,799.0
0000000000000000000001b4,860,1,6614.79
0000000000000000000001b4,4191,2,132.3
0000000000000000000001b4,5061,1,300.0
0000000000000000000001b5,1653,2,2149.0
0000000000000000000001b5,2933,1,999.0
0000000000000000000001b5,3357,1,629.0
0000000000000000000001b6,23,1,549.0
0000000000000000000001b7,738,3,749.0
0000000000000000000001b8,2426,2,489.0
0000000000000000000001b8,2164,1,49.5
0000000000000000000001b9,2562,2,1479.0
0000000000000000000001ba,1134,3,89.9
0000000000000000000001bb,762,1,2189.0
0000000000000000000001bb,3053,1,2799.0
0000000000000000000001bb,2808,2,4929.0
0000000000000000000001bc,1367,3,209.0
0000000000000000000001bc,927,3,535.9
0000000000000000000001bc,1086,1,88.0
0000000000000000000001bd,4661,1,209.0
0000000000000000000001bd,3590,3,49.99
0000000000000000000001be,3999,2,25.9
0000000000000000000001be,926,2,1999.0
0000000000000000000001bf,4724,3,109.0
0000000000000000000001bf,4629,2,79.9
0000000000000000000001bf,1835,3,899.0
0000000000000000000001c0,3153,3,149.9
0000000000000000000001c0,1218,3,459.0
0000000000000000000001c1,1355,2,89.9
0000000000000000000001c1,614,1,179.0
0000000000000000000001c1,4028,2,23.9
0000000000000000000001c2,1926,2,1089.0
0000000000000000000001c2,646,2,150.0
0000000000000000000001c3,4075,3,119.9
0000000000000000000001c4,745,3,589.0
0000000000000000000001c4,4950,3,85.0
0000000000000000000001c5,2977,2,1499.0
0000000000000000000001c5,445,3,25.0
0000000000000000000001c5,1827,3,249.0
0000000000000000000001c5,3723,3,70.0
0000000000000000000001c6,1817,1,129.0
0000000000000000000001c7,3063,1,639.0
0000000000000000000001c7,871,1,765.0
0000000000000000000001c8,5005,1,49.9
0000000000000000000001c9,1562,2,699.9
0000000000000000000001c9,2769,1,2049.0
0000000000000000000001c9,883,3,320.0
0000000000000000000001ca,4828,1,199.0
0000000000000000000001ca,4131,2,107.8
0000000000000000000001cb,3957,3,70.0
0000000000000000000001cb,4165,3,22.9
0000000000000000000001cb,1452,1,499.0
0000000000000000000001cc,2637,2,1889.0
0000000000000000000001cc,4130,2,150.9
0000000000000000000001cd,2809,2,3629.0
0000000000000000000001ce,4488,2,55.9
0000000000000000000001cf,2381,3,180.0
0000000000000000000001d0,2641,2,1409.0
0000000000000000000001d0,946,3,1829.0
0000000000000000000001d1,4374,2,103.9
0000000000000000000001d1,2343,1,110.0
0000000000000000000001d2,1319,2,159.0
0000000000000000000001d3,4434,1,449.9
0000000000000000000001d4,4598,3,49.0
0000000000000000000001d4,3186,3,44.9
0000000000000000000001d4,1947,2,259.0
0000000000000000000001d5,2562,3,1479.0
0000000000000000000001d5,4524,2,49.9
0000000000000000000001d5,441,1,25.5
0000000000000000000001d5,107,3,159.9
0000000000000000000001d6,3013,1,66.0
0000000000000000000001d6,4821,3,332.4
0000000000000000000001d6,4478,1,36.9
0000000000000000000001d6,4943,2,54.9
0000000000000000000001d7,978,2,539.0
0000000000000000000001d7,3091,2,490.0
0000000000000000000001d7,333,3,739.0
0000000000000000000001d8,1269,1,240.0
0000000000000000000001d9,4692,2,149.0
0000000000000000000001d9,4507,1,49.9
0000000000000000000001da,4139,2,24.8
0000000000000000000001da,1306,3,273.9
0000000000000000000001db,2713,2,2999.0
0000000000000000000001db,2956,1,749.0
0000000000000000000001dc,73,2,345.0
0000000000000000000001dc,940,1,1060.0
0000000000000000000001dc,2835,3,3599.0
0000000000000000000001dd,929,2,649.0
0000000000000000000001de,3072,2,120.9
0000000000000000000001de,4214,2,179.0
0000000000000000000001de,4168,1,299.9
0000000000000000000001df,1372,3,255.0
0000000000000000000001df,4408,1,149.0
0000000000000000000001df,4369,1,103.9
0000000000000000000001df,61,3,358.0
0000000000000000000001e0,3566,3,140.9
0000000000000000000001e1,2718,1,1649.0
0000000000000000000001e1,311,1,899.0
0000000000000000000001e2,2119,2,89.9
0000000000000000000001e2,3340,3,3359.0
0000000000000000000001e2,3179,2,99.0
0000000000000000000001e3,5066,1,370.0
0000000000000000000001e4,4120,1,73.9
0000000000000000000001e5,3586,3,165.0
0000000000000000000001e5,3125,1,109.9
0000000000000000000001e5,3237,2,59.9
0000000000000000000001e6,1181,2,28.9
0000000000000000000001e7,92,1,399.0
0000000000000000000001e7,4535,1,49.9
0000000000000000000001e7,4548,1,49.9
0000000000000000000001e7,1159,3,340.0
0000000000000000000001e8,2817,1,4669.0
0000000000000000000001e9,5054,2,159.0
0000000000000000000001ea,4497,1,49.9
0000000000000000000001ea,3779,2,169.9
0000000000000000000001ea,4503,3,49.9
0000000000000000000001eb,2926,2,419.0
0000000000000000000001eb,1051,3,749.0
0000000000000000000001eb,1922,1,429.9
0000000000000000000001eb,820,1,1049.0
0000000000000000000001ec,1249,3,226.9
0000000000000000000001ec,4634,2,120.0
0000000000000000000001ed,1815,3,1059.0
0000000000000000000001ee,2717,2,1999.0
0000000000000000000001ee,3932,2,199.0
0000000000000000000001ef,672,1,629.0
0000000000000000000001ef,2299,3,139.0
0000000000000000000001f0,4155,3,32.0
0000000000000000000001f0,5175,3,629.91
0000000000000000000001f0,256,2,3599.0
0000000000000000000001f1,4422,3,59.9
0000000000000000000001f1,3868,1,19.9
0000000000000000000001f2,4106,3,36.0
0000000000000000000001f3,5031,1,189.9
0000000000000000000001f3,1359,2,79.9
0000000000000000000001f3,4212,1,149.5
0000000000000000000001f4,3961,1,269.0
0000000000000000000001f4,2940,2,879.9
0000000000000000000001f4,332,1,879.0
0000000000000000000001f5,2960,2,989.0
0000000000000000000001f5,3180,2,44.9
0000000000000000000001f6,4272,3,98.0
0000000000000000000001f6,2241,3,243.9
0000000000000000000001f6,2158,3,310.0
0000000000000000000001f7,3083,3,949.0
0000000000000000000001f7,1826,2,249.0
0000000000000000000001f8,55,2,399.0
0000000000000000000001f8,4112,1,139.0
0000000000000000000001f8,1139,1,399.9
0000000000000000000001f9,4932,3,29.9
0000000000000000000001fa,3945,1,311.0
0000000000000000000001fa,3923,3,84.9
0000000000000000000001fa,3925,1,65.9
0000000000000000000001fb,1320,3,159.0
0000000000000000000001fb,1104,3,1074.9
0000000000000000000001fc,4233,3,64.9
0000000000000000000001fc,3322,1,1999.0
0000000000000000000001fc,4910,3,49.9
0000000000000000000001fc,4618,3,192.5
0000000000000000000001fd,3862,1,45.0
0000000000000000000001fd,3946,1,269449.0
0000000000000000000001fe,4185,1,129.9
0000000000000000000001fe,2167,3,67.2
0000000000000000000001ff,3158,1,171.6
000000000000000000000200,1226,1,249.0
000000000000000000000200,4961,1,86.9
000000000000000000000201,963,2,199.0
000000000000000000000201,764,3,2189.0
000000000000000000000202,3035,3,1099.9
000000000000000000000202,356,3,2191.0
000000000000000000000203,4720,1,93.9
000000000000000000000204,4455,2,195.0
000000000000000000000205,966,1,25.0
000000000000000000000205,4258,2,101.94
000000000000000000000206,3491,3,1699.0
000000000000000000000207,2258,3,329.9
000000000000000000000208,3033,3,480.0
000000000000000000000208,4581,2,58.0
000000000000000000000209,976,3,1100.0
000000000000000000000209,1883,1,139.0
000000000000000000000209,3659,1,29.9
00000000000000000000020a,427,2,109.9
00000000000000000000020a,1317,3,199.0
00000000000000000000020b,525,1,99.9
00000000000000000000020b,2156,2,140.2
00000000000000000000020c,4269,3,175.0
00000000000000000000020c,2347,3,139.0
00000000000000000000020d,1653,2,2149.0
00000000000000000000020d,4245,1,175.7
00000000000000000000020e,296,1,639.0
00000000000000000000020e,2947,3,1499.0
00000000000000000000020f,3238,2,94.9
000000000000000000000210,4503,2,49.9
000000000000000000000210,2331,2,39.0
000000000000000000000210,4581,2,58.0
000000000000000000000210,4776,1,119.0
000000000000000000000211,1434,2,1619.0
000000000000000000000212,4205,2,79.9
000000000000000000000212,2112,3,38.0
000000000000000000000212,4407,2,129.9
000000000000000000000212,4710,2,35.0
000000000000000000000213,4808,2,78.9
000000000000000000000213,225,1,3499.0
000000000000000000000214,1884,2,199.0
000000000000000000000214,2587,2,1747.0
000000000000000000000215,3269,3,2599.0
000000000000000000000216,2897,3,989.0
000000000000000000000216,1791,2,1379.0
000000000000000000000217,1636,3,1689.0
000000000000000000000217,1924,1,1399.0
000000000000000000000218,2917,1,979.0
000000000000000000000218,1278,1,89.0
000000000000000000000218,874,3,1409.0
000000000000000000000219,3951,2,209.0
000000000000000000000219,3041,3,339.0
000000000000000000000219,5085,2,699.0
000000000000000000000219,2584,2,2054.0
00000000000000000000021a,4725,1,102.9
00000000000000000000021b,2845,2,3499.0
00000000000000000000021c,3769,3,138.0
00000000000000000000021c,2586,1,1747.0
00000000000000000000021d,2128,1,159.0
00000000000000000000021e,4086,2,42.9
00000000000000000000021f,1474,3,1480.0
000000000000000000000220,1932,2,299.0
000000000000000000000220,4550,1,109.9
000000000000000000000220,3541,1,329.0
000000000000000000000221,4093,1,49.9
000000000000000000000222,2458,3,60.0
000000000000000000000222,2056,1,399.0
000000000000000000000222,4606,2,89.0
000000000000000000000223,5160,2,95.0
000000000000000000000223,789,3,849.0
000000000000000000000224,3374,1,899.9
000000000000000000000225,4411,2,69.9
000000000000000000000225,1430,2,3100.0
000000000000000000000226,3122,2,39.0
000000000000000000000226,5028,3,57.0
000000000000000000000226,2348,1,240.0
000000000000000000000227,4683,1,145.0
000000000000000000000227,3316,1,749.0
000000000000000000000228,4960,2,86.9
000000000000000000000228,3240,2,119.0
000000000000000000000228,2223,3,300.0
000000000000000000000229,1025,3,569.0
000000000000000000000229,1923,3,1899.0
000000000000000000000229,2062,3,18.9
00000000000000000000022a,3877,2,45.89
00000000000000000000022a,4493,3,55.9
00000000000000000000022a,441,1,25.5
00000000000000000000022a,216,1,949.0
00000000000000000000022b,2027,3,129.9
00000000000000000000022c,2924,2,2945.0
00000000000000000000022d,1107,1,4999.0
00000000000000000000022d,4418,3,69.9
00000000000000000000022e,4373,2,108.9
00000000000000000000022e,2537,2,169.0
00000000000000000000022f,1276,1,69.9
00000000000000000000022f,2487,1,27.0
000000000000000000000230,69,2,459.0
000000000000000000000230,4030,2,23.9
000000000000000000000231,4491,2,55.9
000000000000000000000231,3061,3,3576.0
000000000000000000000231,1545,2,1489.0
000000000000000000000232,1808,2,649.0
000000000000000000000232,2155,3,49.4
000000000000000000000232,649,1,139.0
000000000000000000000233,4358,2,103.9
000000000000000000000234,3731,3,69.9
000000000000000000000235,407,3,940.0
000000000000000000000236,68,1,375.0
000000000000000000000236,1908,1,739.0
000000000000000000000236,739,2,649.0
000000000000000000000237,3799,1,124.0
000000000000000000000237,260,1,1599.0
000000000000000000000237,2706,2,2699.0
000000000000000000000237,658,2,93.9
000000000000000000000238,104,2,419.0
000000000000000000000238,1000,2,1590.0
000000000000000000000238,2040,1,428.0
000000000000000000000239,1708,2,799.0
000000000000000000000239,3874,3,94.5
00000000000000000000023a,4503,2,49.9
00000000000000000000023a,4268,2,119.0
00000000000000000000023a,1001,3,504.0
00000000000000000000023b,1934,1,299.99
00000000000000000000023b,3557,2,331.9
00000000000000000000023b,2659,3,1499.0
00000000000000000000023b,124,1,4200.0
00000000000000000000023c,3894,2,88.5
00000000000000000000023c,4885,1,106.0
00000000000000000000023c,1270,1,200.0
00000000000000000000023d,1261,3,249.0
00000000000000000000023e,2846,3,3299.0
00000000000000000000023e,3594,2,599.0
00000000000000000000023e,1581,2,1409.0
00000000000000000000023e,175,3,3099.0
00000000000000000000023f,4447,1,229.9
00000000000000000000023f,4015,3,22.99
000000000000000000000240,4905,1,39.9
000000000000000000000240,4543,3,49.9
000000000000000000000240,1314,1,109.0
000000000000000000000241,4145,2,600.0
000000000000000000000242,1957,3,298.0
000000000000000000000242,2628,3,1109.0
000000000000000000000242,519,2,14.9
000000000000000000000243,2643,3,1309.0
000000000000000000000243,3358,2,729.0
000000000000000000000244,257,1,2599.0
000000000000000000000245,4308,3,129.9
000000000000000000000245,5112,3,289.0
000000000000000000000246,1710,3,849.0
000000000000000000000247,3408,2,125.0
000000000000000000000248,577,2,169.9
000000000000000000000249,4356,1,103.9
000000000000000000000249,3157,3,59.0
000000000000000000000249,1553,3,1349.0
00000000000000000000024a,865,2,499.0
00000000000000000000024a,4724,3,109.0
00000000000000000000024b,4506,2,49.9
00000000000000000000024b,3290,3,649.0
00000000000000000000024b,4135,1,24.9
00000000000000000000024c,2660,2,1499.0
00000000000000000000024c,3046,3,349.9
00000000000000000000024d,3073,3,120.9
00000000000000000000024d,4508,2,49.9
00000000000000000000024e,2331,3,39.0
00000000000000000000024e,4881,1,129.0
00000000000000000000024e,134,2,2659.0
00000000000000000000024f,2261,3,279.9
000000000000000000000250,2914,1,999.0
000000000000000000000251,2461,1,29.9
000000000000000000000252,3953,3,19.95
000000000000000000000252,1417,3,399.0
000000000000000000000252,4000,3,25.9
000000000000000000000253,4721,1,99.0
000000000000000000000253,3126,2,280.0
000000000000000000000253,643,2,259.0
000000000000000000000254,1858,3,459.0
000000000000000000000254,4935,3,35.9
000000000000000000000254,94,2,499.0
000000000000000000000255,4116,3,86.5
000000000000000000000256,4876,1,52.9
000000000000000000000256,4713,2,35.0
000000000000000000000256,4135,2,24.9
000000000000000000000256,738,2,749.0
000000000000000000000257,2151,2,329.0
000000000000000000000257,697,3,79.0
000000000000000000000258,3997,3,25.9
000000000000000000000258,3239,3,2299.0
000000000000000000000259,2182,2,35.5
00000000000000000000025a,2854,2,699.0
00000000000000000000025a,1561,2,828.0
00000000000000000000025b,3623,1,11.2
00000000000000000000025b,5106,2,259.0
00000000000000000000025c,703,1,78.0
00000000000000000000025d,2357,3,50.9
00000000000000000000025d,113,1,529.0
00000000000000000000025d,2813,2,4409.0
00000000000000000000025e,4477,3,36.9
00000000000000000000025f,151,3,1179.0
00000000000000000000025f,3086,3,639.0
000000000000000000000260,5063,2,69.0
000000000000000000000260,2223,3,300.0
000000000000000000000260,435,1,79.0
000000000000000000000261,157,1,1449.0
000000000000000000000261,2397,2,539.0
000000000000000000000261,3167,3,199.0
000000000000000000000262,1528,3,700.0
000000000000000000000262,1630,2,1298.0
000000000000000000000263,4014,2,22.99
000000000000000000000264,1935,2,244.0
000000000000000000000264,4107,1,49.99
000000000000000000000265,2296,2,159.0
000000000000000000000265,1848,3,129.0
000000000000000000000265,1243,1,429.9
000000000000000000000265,2800,1,3759.0
000000000000000000000266,4694,2,110.0
000000000000000000000266,1252,2,469.0
000000000000000000000267,4760,3,165.0
000000000000000000000267,4435,1,449.9
000000000000000000000268,3524,2,39.99
000000000000000000000268,1190,1,99.0
000000000000000000000268,4628,3,60.9
000000000000000000000268,1295,3,120.9
000000000000000000000269,2611,2,3439.0
000000000000000000000269,3392,2,109.0
000000000000000000000269,3369,3,699.0
00000000000000000000026a,1540,1,1649.0
00000000000000000000026b,5017,3,109.9
00000000000000000000026b,1892,1,699.0
00000000000000000000026c,4954,2,87.0
00000000000000000000026d,1342,1,239.0
00000000000000000000026d,1584,1,2159.0
00000000000000000000026e,1662,1,800.0
00000000000000000000026f,3749,2,25.0
00000000000000000000026f,2022,2,359.0
000000000000000000000270,4686,3,149.0
000000000000000000000271,3700,1,10.9
000000000000000000000271,3743,1,74.9
000000000000000000000272,5167,1,44.01
000000000000000000000273,3461,3,529.0
000000000000000000000273,2412,1,83.9
000000000000000000000274,4102,1,54.99
000000000000000000000275,3388,2,1299.0
000000000000000000000276,739,3,649.0
000000000000000000000276,2049,3,449.9
000000000000000000000276,2655,3,1599.0
000000000000000000000277,2974,3,500.5
000000000000000000000277,699,2,499.0
000000000000000000000277,4292,3,169.9
000000000000000000000278,360,2,6699.0
000000000000000000000278,1400,3,2999.0
000000000000000000000279,421,2,27.5
00000000000000000000027a,964,1,370.0
00000000000000000000027a,1078,1,399.0
00000000000000000000027b,48,2,459.0
00000000000000000000027b,4981,1,89.0
00000000000000000000027c,4917,1,50.0
00000000000000000000027d,1701,1,829.0
00000000000000000000027d,401,1,479.0
00000000000000000000027d,1515,3,2329.0
00000000000000000000027e,2445,1,389.0
00000000000000000000027e,2713,1,2999.0
00000000000000000000027e,719,2,779.0
00000000000000000000027f,4606,2,89.0
00000000000000000000027f,1454,3,236.9
000000000000000000000280,3105,1,179.9
000000000000000000000281,2249,2,169.9
000000000000000000000282,5153,3,5590.0
000000000000000000000283,2593,3,1852.0
000000000000000000000283,2128,3,159.0
000000000000000000000284,5177,2,1299.9
000000000000000000000284,4078,1,42.9
000000000000000000000285,197,2,3609.0
000000000000000000000286,2735,3,4249.0
000000000000000000000286,2865,3,689.0
000000000000000000000287,2522,3,39.9
000000000000000000000287,2460,2,989.0
000000000000000000000287,4151,1,19.9
000000000000000000000288,239,1,1760.0
000000000000000000000288,1439,2,489.9
000000000000000000000289,1113,3,2799.0
000000000000000000000289,3945,2,311.0
000000000000000000000289,1273,3,843.0
00000000000000000000028a,2453,3,2399.9
00000000000000000000028a,4629,3,79.9
00000000000000000000028a,2585,1,2054.0
00000000000000000000028b,1224,2,105.5
00000000000000000000028c,4678,1,99.0
00000000000000000000028c,4962,3,69.0
00000000000000000000028c,3192,1,249.9
00000000000000000000028d,2225,2,130.0
00000000000000000000028d,3391,1,109.0
00000000000000000000028d,712,2,512.0
00000000000000000000028e,3066,1,1500.0
00000000000000000000028f,4097,2,29.99
00000000000000000000028f,1263,2,431.9
00000000000000000000028f,1559,3,829.0
000000000000000000000290,4229,3,96.9
000000000000000000000290,1088,1,85.0
000000000000000000000290,1681,2,979.0
000000000000000000000291,4869,1,35.5
000000000000000000000291,714,1,1599.0
000000000000000000000291,2731,3,2609.9
000000000000000000000291,3825,3,189.0
000000000000000000000292,1578,2,1199.0
000000000000000000000293,1291,2,80.9
000000000000000000000294,2870,3,250.0
000000000000000000000295,1404,2,649.0
000000000000000000000295,584,3,133.0
000000000000000000000296,414,2,2705.0
000000000000000000000296,868,1,730.0
000000000000000000000297,3653,2,205.0
000000000000000000000297,5049,2,169.0
000000000000000000000298,3815,3,89.0
000000000000000000000299,2543,3,179.0
00000000000000000000029a,5054,2,159.0
00000000000000000000029b,2661,1,1449.0
00000000000000000000029b,3714,1,198.0
00000000000000000000029b,3994,2,25.9
00000000000000000000029c,4952,3,87.0
00000000000000000000029c,4708,1,65.0
00000000000000000000029c,1044,2,599.9
00000000000000000000029d,4365,3,134.91
00000000000000000000029d,3777,2,55.9
00000000000000000000029d,3284,1,1679.0
00000000000000000000029e,1706,3,799.0
00000000000000000000029f,1935,3,244.0
00000000000000000000029f,1418,3,199.0
0000000000000000000002a0,4884,2,107.0
0000000000000000000002a1,571,2,81.9
0000000000000000000002a1,4901,2,189.9
0000000000000000000002a1,891,2,899.0
0000000000000000000002a1,4886,3,408.0
0000000000000000000002a2,2,3,407.0
0000000000000000000002a2,1202,2,255.9
0000000000000000000002a2,1223,2,105.5
0000000000000000000002a2,3711,3,125.0
0000000000000000000002a3,2495,2,259.0
0000000000000000000002a4,4182,2,169.0
0000000000000000000002a5,7,2,56.9
0000000000000000000002a5,4588,1,54.9
0000000000000000000002a5,2943,1,699.0
0000000000000000000002a5,899,2,1699.0
0000000000000000000002a6,3566,1,140.9
0000000000000000000002a6,4466,3,119.0
0000000000000000000002a7,1264,1,119.99
0000000000000000000002a7,2364,1,289.0
0000000000000000000002a7,1029,1,533.33
0000000000000000000002a8,1113,2,2799.0
0000000000000000000002a8,694,3,879.0
0000000000000000000002a8,1125,3,369.9
0000000000000000000002a8,3407,2,109.0
0000000000000000000002a9,1850,1,999.0
0000000000000000000002aa,2206,3,89.9
0000000000000000000002aa,3366,2,589.0
0000000000000000000002aa,4475,1,79.0
0000000000000000000002ab,656,3,69.9
0000000000000000000002ab,1164,3,200.0
0000000000000000000002ac,641,3,269.0
0000000000000000000002ac,4288,1,79.0
0000000000000000000002ad,4418,2,69.9
0000000000000000000002ad,4749,3,229.0
0000000000000000000002ae,3844,3,480.0
0000000000000000000002ae,4702,2,279.0
0000000000000000000002af,4896,3,469.99
0000000000000000000002b0,4693,3,195.0
0000000000000000000002b0,423,2,24.5
0000000000000000000002b1,630,2,149.0
0000000000000000000002b2,914,3,878.0
0000000000000000000002b3,1437,2,209.0
0000000000000000000002b4,2809,3,3629.0
0000000000000000000002b4,692,1,2439.0
0000000000000000000002b4,1189,2,165.0
0000000000000000000002b5,1371,3,185.0
0000000000000000000002b5,1728,2,1389.0
0000000000000000000002b5,4733,1,126.69
0000000000000000000002b6,3902,2,69.0
0000000000000000000002b6,2469,3,309.0
0000000000000000000002b7,1190,2,99.0
0000000000000000000002b7,4346,1,139.9
0000000000000000000002b8,337,2,899.0
0000000000000000000002b8,798,3,869.0
0000000000000000000002b8,4353,3,129.9
0000000000000000000002b8,2899,2,979.0
0000000000000000000002b9,1981,3,329.0
0000000000000000000002ba,87,3,469.0
0000000000000000000002bb,3654,2,29.9
0000000000000000000002bc,466,3,189.9
0000000000000000000002bc,4868,1,35.5
0000000000000000000002bd,4954,1,87.0
0000000000000000000002be,1510,2,1999.0
0000000000000000000002be,2076,3,88.0
0000000000000000000002be,2414,1,369.0
0000000000000000000002bf,2650,1,1379.0
0000000000000000000002bf,2109,1,441.0
0000000000000000000002c0,2169,1,99.9
0000000000000000000002c1,4031,1,23.9
0000000000000000000002c2,2122,1,979.0
0000000000000000000002c2,847,3,1090.0
0000000000000000000002c2,286,3,909.0
0000000000000000000002c2,598,2,409.9
0000000000000000000002c3,3199,2,112.9
0000000000000000000002c3,2183,3,30.7
0000000000000000000002c3,1242,1,93.9
0000000000000000000002c3,2702,3,1149.0
0000000000000000000002c4,575,1,1549.0
0000000000000000000002c4,4425,2,79.9
0000000000000000000002c4,1851,3,999.99
0000000000000000000002c5,2481,2,95.0
0000000000000000000002c6,2786,2,480.0
0000000000000000000002c6,660,2,99.0
0000000000000000000002c7,2449,1,199.0
0000000000000000000002c7,3196,3,62.0
0000000000000000000002c8,1147,1,99.9
0000000000000000000002c8,293,3,419.0
0000000000000000000002c8,1582,3,1499.0
0000000000000000000002c9,3681,1,1699.0
0000000000000000000002c9,135,2,2659.0
0000000000000000000002ca,4286,2,130.0
0000000000000000000002cb,591,1,55.9
0000000000000000000002cc,1070,1,139.9
0000000000000000000002cd,1399,1,4999.0
0000000000000000000002cd,4842,1,199.5
0000000000000000000002ce,3492,2,1799.0
0000000000000000000002ce,2764,1,869.0
0000000000000000000002ce,3294,3,799.0
0000000000000000000002cf,4859,1,69.9
0000000000000000000002cf,1421,1,949.0
0000000000000000000002cf,2749,2,3599.0
0000000000000000000002d0,1996,3,558.0
0000000000000000000002d1,129,1,2529.0
0000000000000000000002d1,3990,1,99.0
0000000000000000000002d1,662,1,109.0
0000000000000000000002d2,3900,1,25.0
0000000000000000000002d2,1040,1,589.0
0000000000000000000002d3,309,1,899.0
0000000000000000000002d3,4885,3,106.0
0000000000000000000002d4,38,3,519.0
0000000000000000000002d5,4422,1,59.9
0000000000000000000002d5,4158,2,53.55
0000000000000000000002d6,1223,3,105.5
0000000000000000000002d7,354,3,2999.0
0000000000000000000002d7,443,2,30.9
0000000000000000000002d8,430,3,79.0
0000000000000000000002d9,1928,3,309.0
0000000000000000000002da,903,2,769.0
0000000000000000000002db,1808,1,649.0
0000000000000000000002dc,4993,2,139.0
0000000000000000000002dd,2210,2,55.3
0000000000000000000002dd,1657,1,1198.0
0000000000000000000002de,3757,2,69.0
0000000000000000000002de,3427,1,1099.0
0000000000000000000002de,1403,2,559.0
0000000000000000000002df,4529,1,49.9
0000000000000000000002df,1882,2,125.0
0000000000000000000002e0,3791,1,24.9
0000000000000000000002e0,2287,3,79.9
0000000000000000000002e1,4848,3,269.0
0000000000000000000002e1,1221,1,329.0
0000000000000000000002e2,4351,2,139.9
0000000000000000000002e3,681,1,249.0
0000000000000000000002e3,4576,3,49.9
0000000000000000000002e4,744,1,1399.0
0000000000000000000002e5,200,1,3259.0
0000000000000000000002e5,3727,3,70.0
0000000000000000000002e5,3800,2,99.99
0000000000000000000002e6,580,3,449.0
0000000000000000000002e6,3153,1,149.9
0000000000000000000002e6,2728,2,2189.9
0000000000000000000002e7,1697,3,799.0
0000000000000000000002e7,664,2,704.0
0000000000000000000002e8,910,2,999.0
0000000000000000000002e8,3138,3,216.9
0000000000000000000002e8,2995,1,2180.0
0000000000000000000002e9,1678,2,949.0
0000000000000000000002e9,1134,1,89.9
0000000000000000000002ea,1719,2,1109.0
0000000000000000000002ea,1847,2,121.9
0000000000000000000002ea,2626,3,919.0
0000000000000000000002eb,4108,1,99.9
0000000000000000000002eb,4315,2,135.0
0000000000000000000002ec,3016,1,36.0
0000000000000000000002ec,538,2,249.0
0000000000000000000002ed,2261,1,279.9
0000000000000000000002ee,186,1,1739.0
0000000000000000000002ee,2402,2,699.0
0000000000000000000002ee,3413,2,129.0
0000000000000000000002ee,4436,2,89.9
0000000000000000000002ef,1904,3,128.0
0000000000000000000002f0,4344,2,149.9
0000000000000000000002f0,4494,2,55.9
0000000000000000000002f1,1858,2,459.0
0000000000000000000002f1,3967,1,349.0
0000000000000000000002f1,3047,1,299.0
0000000000000000000002f2,2337,3,195.0
0000000000000000000002f2,1494,3,1629.0
0000000000000000000002f2,1437,3,209.0
0000000000000000000002f3,3612,2,160.0
0000000000000000000002f3,2134,1,135.0
0000000000000000000002f4,3674,3,1459.0
0000000000000000000002f5,4092,2,49.9
0000000000000000000002f5,1191,2,479.0
0000000000000000000002f6,2422,2,459.0
0000000000000000000002f7,4631,2,159.0
0000000000000000000002f7,3622,3,39.9
0000000000000000000002f8,204,2,3279.0
0000000000000000000002f9,1599,3,1199.0
0000000000000000000002fa,4411,2,69.9
0000000000000000000002fb,2604,3,4669.0
0000000000000000000002fc,3504,2,8.9
0000000000000000000002fd,4596,3,54.9
0000000000000000000002fd,718,2,799.0
0000000000000000000002fd,1767,2,899.0
0000000000000000000002fd,3640,2,929.0
0000000000000000000002fe,4811,3,78.9
0000000000000000000002ff,542,1,30.0
0000000000000000000002ff,4839,2,444.0
0000000000000000000002ff,3079,3,679.0
0000000000000000000002ff,725,2,1299.9
000000000000000000000300,3128,2,280.0
000000000000000000000301,4582,3,58.0
000000000000000000000302,3872,1,67.9
000000000000000000000303,2005,2,925.0
000000000000000000000303,234,1,3599.0
000000000000000000000303,978,3,539.0
000000000000000000000303,2271,3,199.0
000000000000000000000304,3900,2,25.0
000000000000000000000304,980,3,1586.67
000000000000000000000305,2619,2,3038.9
000000000000000000000306,2917,1,979.0
000000000000000000000307,5145,1,1189.0
000000000000000000000308,2467,1,309.9
000000000000000000000308,2224,3,125.0
000000000000000000000308,2970,3,699.0
000000000000000000000309,3973,2,74.4
00000000000000000000030a,1544,3,1489.0
00000000000000000000030a,4577,3,49.9
00000000000000000000030b,934,1,899.0
00000000000000000000030b,3419,1,45.0
00000000000000000000030b,3773,1,79.0
00000000000000000000030c,3621,3,19.9
00000000000000000000030d,972,1,691.0
00000000000000000000030e,1067,1,279.0
00000000000000000000030f,3533,1,329.0
00000000000000000000030f,349,1,1049.0
00000000000000000000030f,1609,3,1489.0
000000000000000000000310,2472,3,389.0
000000000000000000000311,1639,1,1199.0
000000000000000000000312,2850,3,3999.0
000000000000000000000312,2886,3,309.9
000000000000000000000312,1316,1,59.9
000000000000000000000312,4102,3,54.99
000000000000000000000313,1570,1,1399.0
000000000000000000000313,2309,3,89.5
000000000000000000000314,3889,1,71.9
000000000000000000000314,3003,2,520.0
000000000000000000000314,4829,3,140.0
000000000000000000000315,4213,2,151.2
000000000000000000000315,1865,1,449.0
000000000000000000000316,2960,3,989.0
000000000000000000000317,2324,2,109.9
000000000000000000000318,3337,2,539.9
000000000000000000000319,3011,3,58.0
000000000000000000000319,1469,1,1464.0
000000000000000000000319,105,2,799.0
000000000000000000000319,4028,2,23.9
00000000000000000000031a,4838,3,149.0
00000000000000000000031a,834,1,690.0
00000000000000000000031b,3312,2,299.0
00000000000000000000031b,1006,3,1329.0
00000000000000000000031b,1908,2,739.0
00000000000000000000031c,3279,3,1.0
00000000000000000000031c,2918,3,979.0
00000000000000000000031c,3898,2,369.0
00000000000000000000031d,2054,2,399.0
00000000000000000000031e,559,1,169.0
00000000000000000000031e,4081,2,42.9
00000000000000000000031e,220,3,2099.0
00000000000000000000031f,4260,1,130.0
00000000000000000000031f,4033,2,23.9
00000000000000000000031f,3818,3,70.0
000000000000000000000320,259,1,1599.0
000000000000000000000320,3526,2,29.99
000000000000000000000321,4561,3,25.0
000000000000000000000322,2560,2,31.9
000000000000000000000322,3188,1,999.0
000000000000000000000323,3899,1,178.0
000000000000000000000323,4606,3,89.0
000000000000000000000324,2890,2,989.0
000000000000000000000324,2331,1,39.0
000000000000000000000325,4784,2,219.0
000000000000000000000325,221,2,1649.0
000000000000000000000325,5122,1,650.0
000000000000000000000326,2029,3,149.9
000000000000000000000326,1923,2,1899.0
000000000000000000000327,1391,1,479.0
000000000000000000000328,3451,1,55.9
000000000000000000000328,2185,3,79.5
000000000000000000000329,4691,1,189.0
00000000000000000000032a,2782,3,569.99
00000000000000000000032a,1366,2,209.0
00000000000000000000032b,4390,2,129.9
00000000000000000000032b,1754,1,899.0
00000000000000000000032b,2355,2,89.9
00000000000000000000032c,4737,2,699.5
00000000000000000000032c,777,2,699.0
00000000000000000000032c,4849,1,69.9
00000000000000000000032d,2473,2,35.0
00000000000000000000032d,4135,3,24.9
00000000000000000000032d,2457,3,199.0
00000000000000000000032e,4486,1,55.9
00000000000000000000032e,1480,3,1789.0
00000000000000000000032f,3829,3,139.0
00000000000000000000032f,2195,3,289.0
000000000000000000000330,491,2,39.0
000000000000000000000330,4279,2,250.0
000000000000000000000330,1644,1,1089.0
000000000000000000000331,528,2,1233.9
000000000000000000000331,1668,2,1049.0
000000000000000000000332,1954,1,389.0
000000000000000000000333,4587,2,59.9
000000000000000000000333,3573,3,140.9
000000000000000000000334,2276,3,199.0
000000000000000000000335,454,3,1029.0
000000000000000000000335,688,2,99.0
000000000000000000000335,2572,1,139.9
000000000000000000000336,1152,1,99.9
000000000000000000000337,4755,2,93.9
000000000000000000000337,4303,2,129.9
000000000000000000000338,4787,3,649.0
000000000000000000000339,876,1,1200.0
00000000000000000000033a,4371,2,103.9
00000000000000000000033b,2276,2,199.0
00000000000000000000033b,1188,2,165.0
00000000000000000000033c,448,3,85.0
00000000000000000000033d,2973,3,500.5
00000000000000000000033e,3220,2,10.49
00000000000000000000033f,1313,2,5999.0
000000000000000000000340,2245,2,243.9
000000000000000000000340,657,3,99.0
000000000000000000000340,4028,2,23.9
000000000000000000000341,2138,2,119.0
000000000000000000000341,4148,2,45.0
000000000000000000000341,544,3,19.9
000000000000000000000342,1506,3,2619.0
000000000000000000000342,5163,1,365.0
000000000000000000000342,3633,1,149.0
000000000000000000000343,2045,3,475.0
000000000000000000000344,3362,2,379.0
000000000000000000000344,2617,3,3499.0
000000000000000000000344,3699,1,10.9
000000000000000000000345,3396,2,109.0
000000000000000000000346,189,3,1699.0
000000000000000000000347,1383,1,339.0
000000000000000000000348,1394,3,1939.0
000000000000000000000348,4647,3,259.0
000000000000000000000348,962,2,199.0
000000000000000000000348,116,2,1189.0
000000000000000000000349,2181,2,75.2
00000000000000000000034a,2319,2,199.0
00000000000000000000034a,1552,1,1528.0
00000000000000000000034b,3695,1,43.8
00000000000000000000034c,2649,3,2160.0
00000000000000000000034c,3257,1,1139.9
00000000000000000000034d,4563,1,63.48
00000000000000000000034e,4901,3,189.9
00000000000000000000034e,373,3,1569.0
00000000000000000000034e,44,2,385.0
00000000000000000000034e,2078,2,36.9
00000000000000000000034f,1470,2,1464.0
000000000000000000000350,2600,3,1099.0
000000000000000000000351,4090,2,49.9
000000000000000000000351,2302,2,249.0
000000000000000000000351,2954,3,249.9
000000000000000000000351,3524,2,39.99
000000000000000000000352,1240,1,150.0
000000000000000000000352,4553,1,45.9
000000000000000000000352,3605,1,1129.0
000000000000000000000353,3576,1,100.0
000000000000000000000353,951,2,599.0
000000000000000000000353,4055,2,59.9
000000000000000000000354,1213,1,1539.0
000000000000000000000354,1013,1,1265.0
000000000000000000000354,2864,2,899.0
000000000000000000000355,4798,3,469.0
000000000000000000000355,1740,1,1399.99
000000000000000000000356,4081,3,42.9
000000000000000000000357,4837,1,143.0
000000000000000000000358,2207,3,44.9
000000000000000000000358,4868,1,35.5
000000000000000000000359,4663,1,189.0
00000000000000000000035a,580,2,449.0
00000000000000000000035a,4483,1,49.9
00000000000000000000035a,4934,2,55.0
00000000000000000000035b,1706,1,799.0
00000000000000000000035c,4022,2,23.9
00000000000000000000035d,788,2,819.0
00000000000000000000035e,4918,2,39.9
00000000000000000000035f,3490,1,1899.0
00000000000000000000035f,762,3,2189.0
000000000000000000000360,4320,2,93.9
000000000000000000000360,5158,2,94.99
000000000000000000000360,4299,2,249.95
000000000000000000000360,688,1,99.0
000000000000000000000361,2461,3,29.9
000000000000000000000361,2037,2,148.9
000000000000000000000362,4184,2,199.9
000000000000000000000362,3481,1,1199.0
000000000000000000000363,670,3,1199.0
000000000000000000000364,371,3,799.0
000000000000000000000364,683,2,160.9
000000000000000000000364,3410,2,145.0
000000000000000000000365,1534,1,1469.0
000000000000000000000366,147,2,1179.0
000000000000000000000366,48,1,459.0
000000000000000000000367,4931,3,29.9
000000000000000000000367,3988,3,112.9
000000000000000000000367,2481,2,95.0
000000000000000000000368,1107,1,4999.0
000000000000000000000369,1715,3,1499.0
000000000000000000000369,3942,1,94.9
000000000000000000000369,1190,2,99.0
00000000000000000000036a,3797,1,55.9
00000000000000000000036b,3648,1,189.0
00000000000000000000036b,3974,2,74.4
00000000000000000000036b,3863,3,19.9
00000000000000000000036c,65,1,375.0
00000000000000000000036d,4882,1,129.0
00000000000000000000036d,4541,2,49.9
00000000000000000000036d,2383,2,309.0
00000000000000000000036e,498,3,89.0
00000000000000000000036f,3418,2,129.0
00000000000000000000036f,3878,3,59.9
00000000000000000000036f,958,3,1549.0
000000000000000000000370,3845,1,25.9
000000000000000000000370,2817,3,4669.0
000000000000000000000370,3590,1,49.99
000000000000000000000371,2404,3,1098.0
000000000000000000000372,1328,2,1399.0
000000000000000000000372,5095,3,520.0
000000000000000000000372,1698,3,799.0
000000000000000000000373,827,2,459.0
000000000000000000000373,3408,2,125.0
000000000000000000000374,2925,3,289.9
000000000000000000000374,1300,1,273.9
000000000000000000000374,1432,1,2399.0
000000000000000000000375,2113,2,68.0
000000000000000000000376,1239,3,249.9
000000000000000000000377,3587,3,165.0
000000000000000000000377,3745,3,669.0
000000000000000000000377,909,1,519.0
000000000000000000000377,868,3,730.0
000000000000000000000378,1287,2,110.9
000000000000000000000378,2394,3,259.0
000000000000000000000378,3617,1,75.0
000000000000000000000378,4145,1,600.0
000000000000000000000379,3406,1,4399.0
000000000000000000000379,54,2,399.0
00000000000000000000037a,3400,3,640.0
00000000000000000000037a,2955,1,374.9
00000000000000000000037a,5157,1,265.0
00000000000000000000037b,3387,3,1999.0
00000000000000000000037b,3354,3,899.0
00000000000000000000037b,3759,2,139.0
00000000000000000000037c,695,1,269.0
00000000000000000000037c,2772,2,3999.0
00000000000000000000037c,2579,1,195.0
00000000000000000000037c,3291,2,939.0
00000000000000000000037d,5175,3,629.91
00000000000000000000037e,4536,3,49.9
00000000000000000000037e,2494,3,195.0
00000000000000000000037f,1204,2,89.0
00000000000000000000037f,3310,3,899.0
000000000000000000000380,3314,2,299.0
000000000000000000000380,1617,1,1699.0
000000000000000000000381,4431,1,135.92
000000000000000000000381,2326,1,679.9
000000000000000000000382,4424,3,59.9
000000000000000000000383,905,3,1049.0
000000000000000000000383,492,3,39.0
000000000000000000000383,3056,2,349.9
000000000000000000000383,2128,1,159.0
000000000000000000000384,43,2,529.0
000000000000000000000384,3713,1,120.0
000000000000000000000385,1916,2,999.0
000000000000000000000385,2870,3,250.0
000000000000000000000385,2452,3,259.0
000000000000000000000386,4231,3,31.92
000000000000000000000387,3376,1,649.0
000000000000000000000387,672,2,629.0
000000000000000000000387,756,1,1169.91
000000000000000000000388,4580,2,59.9
000000000000000000000388,4252,2,49.9
000000000000000000000389,3416,3,115.0
000000000000000000000389,1335,1,119.0
000000000000000000000389,1183,2,72.9
00000000000000000000038a,1742,2,1629.0
00000000000000000000038b,973,1,299.9
00000000000000000000038b,4929,2,29.9
00000000000000000000038b,3348,3,629.0
00000000000000000000038b,904,2,690.0
00000000000000000000038c,3981,1,58.9
00000000000000000000038d,2500,3,729.9
00000000000000000000038d,2323,2,139.9
00000000000000000000038d,1767,1,899.0
00000000000000000000038d,1500,1,1719.0
00000000000000000000038e,4635,2,195.0
00000000000000000000038e,3706,2,35.5
00000000000000000000038f,3776,3,109.0
00000000000000000000038f,3686,2,10.9
000000000000000000000390,3240,2,119.0
000000000000000000000391,1357,3,79.9
000000000000000000000391,204,3,3279.0
000000000000000000000392,698,3,79.0
000000000000000000000392,1577,3,1199.0
000000000000000000000393,4118,3,84.8
000000000000000000000393,153,3,1288.0
000000000000000000000393,986,1,319.0
000000000000000000000394,4371,2,103.9
000000000000000000000394,4972,2,39.9
000000000000000000000395,3400,3,640.0
000000000000000000000395,198,2,3259.0
000000000000000000000396,1180,1,189.9
000000000000000000000397,483,2,74.9
000000000000000000000397,5034,1,520.08
000000000000000000000398,2656,2,1599.0
000000000000000000000399,4891,3,349.0
00000000000000000000039a,2608,2,3959.0
00000000000000000000039b,153,3,1288.0
00000000000000000000039b,2205,1,155.0
00000000000000000000039b,4539,1,49.9
00000000000000000000039b,4802,3,80.0
00000000000000000000039c,4100,1,149.9
00000000000000000000039d,4404,2,479.9
00000000000000000000039d,3472,1,89.0
00000000000000000000039d,4548,1,49.9
00000000000000000000039e,3951,2,209.0
00000000000000000000039f,1743,2,2999.0
00000000000000000000039f,4794,1,669.0
00000000000000000000039f,4181,1,118.3
0000000000000000000003a0,1145,2,99.9
0000000000000000000003a0,4559,2,25.0
0000000000000000000003a1,3709,1,137.5
0000000000000000000003a1,2237,3,243.9
0000000000000000000003a2,1096,3,1099.0
0000000000000000000003a3,3385,3,649.9
0000000000000000000003a3,4554,3,45.9
0000000000000000000003a4,3647,2,295.0
0000000000000000000003a4,1012,2,253.15
0000000000000000000003a5,3035,1,1099.9
0000000000000000000003a6,2932,1,1099.0
0000000000000000000003a6,1569,3,999.0
0000000000000000000003a7,302,1,439.0
0000000000000000000003a7,2300,1,179.0
0000000000000000000003a7,4038,1,23.9
0000000000000000000003a7,4965,3,59.0
0000000000000000000003a8,1588,3,1449.0
0000000000000000000003a9,1051,3,749.0
0000000000000000000003aa,2248,3,369.0
0000000000000000000003aa,1572,3,799.0
0000000000000000000003aa,190,3,4559.0
0000000000000000000003ab,425,2,1379.0
0000000000000000000003ab,2647,1,4199.0
0000000000000000000003ab,3544,3,329.0
0000000000000000000003ab,3334,3,1379.0
0000000000000000000003ac,3442,3,109.0
0000000000000000000003ad,208,1,3279.0
0000000000000000000003ad,1849,1,849.0
0000000000000000000003ad,3472,1,89.0
0000000000000000000003ae,3539,1,329.0
0000000000000000000003af,3880,1,84.8
0000000000000000000003b0,598,2,409.9
0000000000000000000003b0,4915,1,55.0
0000000000000000000003b0,5076,3,245.0
0000000000000000000003b1,533,1,99.0
0000000000000000000003b2,458,3,44.5
0000000000000000000003b3,4912,3,39.9
0000000000000000000003b4,5073,3,340.0
0000000000000000000003b4,830,3,1199.0
0000000000000000000003b4,2783,1,2799.0
0000000000000000000003b5,554,3,179.0
0000000000000000000003b6,3449,2,979.0
0000000000000000000003b7,2554,3,74.9
0000000000000000000003b8,4434,1,449.9
0000000000000000000003b8,1193,2,139.0
0000000000000000000003b9,1185,1,3917.0
0000000000000000000003b9,470,3,49.9
0000000000000000000003ba,1642,3,2799.9
0000000000000000000003bb,3829,3,139.0
0000000000000000000003bb,4914,2,29.9
0000000000000000000003bc,1330,2,2589.0
0000000000000000000003bc,859,1,399.0
0000000000000000000003bd,1747,2,190.0
0000000000000000000003bd,1959,3,499.0
0000000000000000000003be,1510,1,1999.0
0000000000000000000003bf,3608,1,40.0
0000000000000000000003c0,2328,1,769.9
0000000000000000000003c1,1606,1,1089.0
0000000000000000000003c2,910,2,999.0
0000000000000000000003c3,4317,2,179.4
0000000000000000000003c3,5106,3,259.0
0000000000000000000003c4,3099,3,119.0
0000000000000000000003c5,5047,2,475.0
0000000000000000000003c5,4812,1,78.9
0000000000000000000003c5,1550,2,1029.0
0000000000000000000003c5,4387,1,125.93
0000000000000000000003c6,4006,3,25.9
0000000000000000000003c6,1715,3,1499.0
0000000000000000000003c6,667,1,653.0
0000000000000000000003c6,3856,1,49.9
0000000000000000000003c7,4251,2,49.9
0000000000000000000003c8,4054,3,59.9
0000000000000000000003c8,3882,2,38.99
0000000000000000000003c8,2199,3,290.0
0000000000000000000003c9,3704,1,153.93
0000000000000000000003c9,1921,2,219.9
0000000000000000000003c9,3244,2,349.9
0000000000000000000003ca,695,1,269.0
0000000000000000000003cb,3812,3,57.9
0000000000000000000003cb,4197,2,159.2
0000000000000000000003cc,3133,1,149.9
0000000000000000000003cd,2413,3,83.9
0000000000000000000003cd,4111,1,15.0
0000000000000000000003cd,4201,2,149.9
0000000000000000000003cd,4479,1,44.95
0000000000000000000003ce,2698,2,1149.0
0000000000000000000003cf,4949,1,85.0
0000000000000000000003d0,2454,2,319.0
0000000000000000000003d1,98,1,539.0
0000000000000000000003d1,3867,2,19.9
0000000000000000000003d1,4200,1,199.0
0000000000000000000003d2,4528,3,49.9
0000000000000000000003d2,3840,2,64.9
0000000000000000000003d3,3422,2,22.9
0000000000000000000003d3,1717,3,1599.0
0000000000000000000003d3,3594,1,599.0
0000000000000000000003d4,2906,1,989.0
0000000000000000000003d4,2784,2,528.9
0000000000000000000003d5,4809,1,78.9
0000000000000000000003d6,4940,3,29.9
0000000000000000000003d6,4980,2,89.0
0000000000000000000003d7,3890,1,54.9
0000000000000000000003d8,855,3,659.0
0000000000000000000003d9,1631,1,1499.0
0000000000000000000003da,574,1,1399.0
0000000000000000000003da,3725,2,70.0
0000000000000000000003db,908,1,1599.0
0000000000000000000003dc,1685,2,1399.0
0000000000000000000003dd,2543,1,179.0
0000000000000000000003dd,4813,3,529.0
0000000000000000000003de,3271,1,1119.0
0000000000000000000003de,4955,3,85.0
0000000000000000000003df,747,3,649.0
0000000000000000000003df,2359,2,185.0
0000000000000000000003e0,1435,1,7909.0
0000000000000000000003e0,3401,1,820.0
0000000000000000000003e1,783,3,329.0
0000000000000000000003e1,3224,1,112.9
0000000000000000000003e2,547,3,45.0
0000000000000000000003e3,4529,1,49.9
0000000000000000000003e3,994,3,799.0
0000000000000000000003e3,3021,2,800.0
0000000000000000000003e3,627,2,219.9
0000000000000000000003e4,3784,2,50.9
0000000000000000000003e5,940,3,1060.0
0000000000000000000003e6,677,3,139.0
0000000000000000000003e6,4493,1,55.9
0000000000000000000003e7,1398,1,669.0
0000000000000000000003e7,148,1,1179.0
0000000000000000000003e7,4973,2,159.0
0000000000000000000003e8,1258,2,329.0
0000000000000000000003e8,3610,1,1699.0
0000000000000000000003e9,392,3,849.0
0000000000000000000003e9,4284,3,83.4
0000000000000000000003ea,4901,1,189.9
0000000000000000000003ea,39,2,509.0
0000000000000000000003eb,132,2,2549.0
0000000000000000000003ec,792,3,759.99
0000000000000000000003ed,2644,1,2499.0
0000000000000000000003ed,4605,3,85.0
0000000000000000000003ed,5135,1,429.99
0000000000000000000003ee,2922,2,989.0
0000000000000000000003ef,1804,1,1139.0
0000000000000000000003f0,1791,2,1379.0
0000000000000000000003f1,4663,1,189.0
0000000000000000000003f1,1405,3,385.0
0000000000000000000003f1,2064,2,149.0
0000000000000000000003f2,2605,3,2889.0
0000000000000000000003f3,4187,3,230.3
0000000000000000000003f3,1905,3,128.0
0000000000000000000003f4,3511,1,165.0
0000000000000000000003f5,3079,1,679.0
0000000000000000000003f6,2693,2,3999.0
0000000000000000000003f6,1100,3,1799.0
0000000000000000000003f6,2279,1,289.0
0000000000000000000003f7,1877,1,459.0
0000000000000000000003f7,2714,1,899.0
0000000000000000000003f7,2808,3,4929.0
0000000000000000000003f8,3126,2,280.0
0000000000000000000003f8,4272,1,98.0
0000000000000000000003f9,427,1,109.9
0000000000000000000003f9,1160,1,339.5
0000000000000000000003f9,1673,3,1449.0
0000000000000000000003f9,1029,3,533.33
0000000000000000000003fa,3827,1,79.0
0000000000000000000003fa,2552,3,539.0
0000000000000000000003fb,3673,3,1459.0
0000000000000000000003fc,1375,2,409.0
0000000000000000000003fd,3949,2,209.0
0000000000000000000003fd,163,1,1349.0
0000000000000000000003fd,3125,2,109.9
0000000000000000000003fe,2506,2,131.9
0000000000000000000003ff,3845,1,25.9
000000000000000000000400,3066,2,1500.0
000000000000000000000400,4026,2,23.9
000000000000000000000400,3315,3,1899.0
000000000000000000000401,319,1,469.0
000000000000000000000402,2856,3,1599.0
000000000000000000000402,4175,1,139.3
000000000000000000000402,4003,3,20.89
000000000000000000000402,3017,2,690.0
000000000000000000000403,2961,2,719.0
000000000000000000000403,5169,3,190.0
000000000000000000000403,232,2,1279.0
000000000000000000000403,1212,3,2769.0
000000000000000000000404,757,3,1099.99
000000000000000000000405,1547,1,9990.0
000000000000000000000405,3465,2,42.9
000000000000000000000406,3372,1,799.9
000000000000000000000406,729,3,636.0
000000000000000000000407,3261,1,299.0
000000000000000000000407,2524,2,94.9
000000000000000000000407,53,1,399.0
000000000000000000000408,3531,1,329.0
000000000000000000000408,1398,2,669.0
000000000000000000000409,3692,1,120.0
000000000000000000000409,4646,1,360.0
000000000000000000000409,1742,3,1629.0
000000000000000000000409,1521,1,390.0
00000000000000000000040a,5116,3,259.0
00000000000000000000040a,895,1,450.0
00000000000000000000040b,4798,1,469.0
00000000000000000000040c,60,3,400.0
00000000000000000000040d,3078,2,379.0
00000000000000000000040d,4940,2,29.9
00000000000000000000040d,4261,2,89.9
00000000000000000000040e,1963,3,249.9
00000000000000000000040e,2960,1,989.0
00000000000000000000040e,3265,2,619.0
00000000000000000000040e,3101,2,59.0
00000000000000000000040f,1138,1,159.9
00000000000000000000040f,211,3,1489.0
00000000000000000000040f,4931,2,29.9
000000000000000000000410,3893,2,66.9
000000000000000000000410,4219,3,209.3
000000000000000000000411,2951,1,999.0
000000000000000000000412,3279,1,1.0
000000000000000000000412,5019,2,109.9
000000000000000000000413,2408,3,249.9
000000000000000000000413,4974,1,89.0
000000000000000000000413,1599,3,1199.0
000000000000000000000414,714,2,1599.0
000000000000000000000415,3656,1,239.0
000000000000000000000416,733,3,919.0
000000000000000000000416,865,1,499.0
000000000000000000000416,3563,1,159.0
000000000000000000000417,2111,3,29.9
000000000000000000000418,4031,3,23.9
000000000000000000000418,741,3,1550.0
000000000000000000000418,2727,1,2999.0
000000000000000000000418,1834,3,2599.0
000000000000000000000419,4604,1,165.0
000000000000000000000419,3580,1,200.0
00000000000000000000041a,1542,2,1489.0
00000000000000000000041a,952,1,839.0
00000000000000000000041a,4693,2,195.0
00000000000000000000041b,1556,2,11000.0
00000000000000000000041b,3180,2,44.9
00000000000000000000041c,4929,1,29.9
00000000000000000000041c,4840,1,67.54
00000000000000000000041d,2432,3,74.9
00000000000000000000041d,1794,2,249.0
00000000000000000000041d,4095,1,49.9
00000000000000000000041e,2531,3,199.0
00000000000000000000041e,4116,1,86.5
00000000000000000000041f,3086,2,639.0
00000000000000000000041f,482,1,64.9
000000000000000000000420,431,3,79.0
000000000000000000000420,1467,2,1549.0
000000000000000000000420,3994,2,25.9
000000000000000000000421,2765,3,919.0
000000000000000000000421,3461,2,529.0
000000000000000000000422,2314,2,299.0
000000000000000000000422,1599,1,1199.0
000000000000000000000422,4490,1,55.9
000000000000000000000423,2491,3,229.0
000000000000000000000423,3749,1,25.0
000000000000000000000423,1341,2,99.9
000000000000000000000424,1603,3,1749.9
000000000000000000000424,75,3,345.0
000000000000000000000424,2968,1,315.0
000000000000000000000425,1379,1,1799.0
000000000000000000000425,462,2,189.9
000000000000000000000426,4862,1,3834.68
000000000000000000000426,3554,3,529.0
000000000000000000000427,4884,3,107.0
000000000000000000000427,1414,3,169.0
000000000000000000000428,3131,2,429.0
000000000000000000000428,2255,1,149.0
000000000000000000000428,3647,1,295.0
000000000000000000000429,4808,3,78.9
00000000000000000000042a,1484,3,1789.0
00000000000000000000042a,3146,3,16.9
00000000000000000000042a,3967,2,349.0
00000000000000000000042b,162,2,1799.0
00000000000000000000042c,4791,3,509.0
00000000000000000000042d,962,1,199.0
00000000000000000000042d,1481,3,1789.0
00000000000000000000042d,4908,2,39.9
00000000000000000000042d,1475,2,1399.0
00000000000000000000042e,2104,1,78.0
00000000000000000000042f,1,1,479.0
000000000000000000000430,3645,3,188.0
000000000000000000000430,1146,2,99.9
000000000000000000000431,4183,3,110.9
000000000000000000000431,1720,1,999.0
000000000000000000000432,1764,1,899.0
000000000000000000000433,3458,2,489.0
000000000000000000000433,610,2,609.0
000000000000000000000433,4505,2,49.9
000000000000000000000434,1174,1,99.77
000000000000000000000434,4391,1,179.99
000000000000000000000435,4618,1,192.5
000000000000000000000435,4190,2,279.9
000000000000000000000435,4956,1,86.9
000000000000000000000436,2213,1,125.0
000000000000000000000437,2973,2,500.5
000000000000000000000437,2733,1,3319.0
000000000000000000000438,1821,1,1589.0
000000000000000000000438,3102,3,53.0
000000000000000000000438,861,3,1199.0
000000000000000000000438,1012,2,253.15
000000000000000000000439,2311,3,89.0
000000000000000000000439,4519,1,49.9
000000000000000000000439,2221,1,240.9
00000000000000000000043a,4356,2,103.9
00000000000000000000043a,4520,2,49.9
00000000000000000000043a,4872,3,119.0
00000000000000000000043b,1169,3,378.18
00000000000000000000043b,3104,3,70.0
00000000000000000000043c,2041,3,429.0
00000000000000000000043c,4987,2,59.0
00000000000000000000043c,3427,1,1099.0
00000000000000000000043d,3505,3,490.0
00000000000000000000043e,713,2,512.0
00000000000000000000043e,2504,2,49.9
00000000000000000000043f,1353,3,70.9
00000000000000000000043f,4713,2,35.0
00000000000000000000043f,471,3,49.9
00000000000000000000043f,693,2,2439.0
000000000000000000000440,1118,3,799.0
000000000000000000000440,3930,3,79.0
000000000000000000000440,4079,3,42.9
000000000000000000000440,4219,3,209.3
000000000000000000000441,4378,3,112.9
000000000000000000000441,2827,3,799.0
000000000000000000000441,2001,3,279.0
000000000000000000000442,4289,1,130.0
000000000000000000000442,1844,1,1499.0
000000000000000000000443,3106,2,59.0
000000000000000000000443,1397,1,2199.0
000000000000000000000444,3958,2,169.0
000000000000000000000445,2498,3,2899.0
000000000000000000000446,49,3,459.0
000000000000000000000447,1526,1,701.0
000000000000000000000447,3294,1,799.0
000000000000000000000447,2905,2,989.0
000000000000000000000448,3993,1,25.9
000000000000000000000448,57,3,169.99
000000000000000000000449,1493,2,1688.0
000000000000000000000449,4395,1,135.2
00000000000000000000044a,3556,1,2499.0
00000000000000000000044b,1096,2,1099.0
00000000000000000000044c,2178,3,65.1
00000000000000000000044c,974,2,989.0
00000000000000000000044c,3450,3,38.9
00000000000000000000044c,4007,3,25.9
00000000000000000000044d,3186,1,44.9
00000000000000000000044d,1077,1,199.9
00000000000000000000044e,1938,2,499.0
00000000000000000000044e,427,3,109.9
00000000000000000000044e,2803,3,3369.0
00000000000000000000044f,2030,3,349.0
00000000000000000000044f,5060,3,265.0
00000000000000000000044f,1250,1,229.9
000000000000000000000450,3516,2,209.0
000000000000000000000450,1626,3,2599.0
000000000000000000000451,4844,3,149.0
000000000000000000000452,1575,1,1089.0
000000000000000000000453,4301,2,59.9
000000000000000000000454,4177,3,119.9
000000000000000000000454,3499,1,1899.0
000000000000000000000455,2024,1,849.0
000000000000000000000455,2621,1,1299.0
000000000000000000000455,390,1,6999.0
000000000000000000000456,4969,1,99.0
000000000000000000000457,794,3,799.0
000000000000000000000458,2961,3,719.0
000000000000000000000459,3147,1,15.9
00000000000000000000045a,1561,1,828.0
00000000000000000000045b,2470,1,319.0
00000000000000000000045b,3885,3,199.0
00000000000000000000045c,4591,2,54.9
00000000000000000000045c,2846,3,3299.0
00000000000000000000045c,2999,3,550.0
00000000000000000000045d,4128,2,49.0
00000000000000000000045d,180,3,1699.0
00000000000000000000045d,1368,1,1699.0
00000000000000000000045d,4909,2,51.5
00000000000000000000045e,3257,3,1139.9
00000000000000000000045e,4056,1,59.9
00000000000000000000045e,4362,1,103.9
00000000000000000000045f,2225,1,130.0
00000000000000000000045f,1696,1,799.0
000000000000000000000460,4302,2,95.9
000000000000000000000460,2121,1,39.9
000000000000000000000461,1952,2,259.0
000000000000000000000462,423,3,24.5
000000000000000000000463,2847,3,3199.0
000000000000000000000464,1095,2,529.9
000000000000000000000465,1797,2,499.0
000000000000000000000465,2292,1,159.0
000000000000000000000465,1448,3,3869.0
000000000000000000000466,3130,3,129.0
000000000000000000000467,1808,1,649.0
000000000000000000000467,2657,3,1499.0
000000000000000000000467,2202,3,279.0
000000000000000000000468,3555,2,1159.0
000000000000000000000468,3020,1,800.0
000000000000000000000468,1216,2,209.0
000000000000000000000469,1478,1,1789.0
000000000000000000000469,2311,2,89.0
00000000000000000000046a,1176,1,92.95
00000000000000000000046b,4316,1,115.7
00000000000000000000046c,902,1,745.0
00000000000000000000046d,2193,3,227.0
00000000000000000000046d,1169,1,378.18
00000000000000000000046d,5140,1,2250.0
00000000000000000000046e,697,2,79.0
00000000000000000000046e,1658,3,1299.0
00000000000000000000046e,1141,2,179.9
00000000000000000000046f,2192,3,228.0
000000000000000000000470,4191,2,132.3
000000000000000000000471,2895,3,989.0
000000000000000000000472,903,1,769.0
000000000000000000000472,1840,2,899.0
000000000000000000000473,4953,2,87.0
000000000000000000000473,1238,3,169.9
000000000000000000000473,1459,2,1549.0
000000000000000000000474,2352,1,64.9
000000000000000000000474,2854,2,699.0
000000000000000000000475,1218,1,459.0
000000000000000000000475,1201,2,255.9
000000000000000000000475,2624,2,2700.0
000000000000000000000476,3502,3,1799.0
000000000000000000000477,2889,2,699.0
000000000000000000000477,2616,2,3999.0
000000000000000000000477,4049,3,48.0
000000000000000000000478,2015,3,359.0
000000000000000000000478,3140,2,159.9
000000000000000000000478,3430,3,1099.0
000000000000000000000479,3456,3,499.0
00000000000000000000047a,24,1,599.0
00000000000000000000047b,489,2,39.0
00000000000000000000047b,2862,2,699.0
00000000000000000000047b,2957,1,989.0
00000000000000000000047b,1142,3,39.9
00000000000000000000047c,1129,1,379.0
00000000000000000000047d,3480,1,1199.0
00000000000000000000047d,3045,3,349.9
00000000000000000000047e,248,1,1729.0
00000000000000000000047e,1204,1,89.0
00000000000000000000047e,2993,1,1199.0
00000000000000000000047f,3849,3,639.0
00000000000000000000047f,1148,2,99.9
00000000000000000000047f,4321,2,194.65
000000000000000000000480,1278,1,89.0
000000000000000000000481,3248,2,44.9
000000000000000000000482,4112,1,139.0
000000000000000000000482,2508,2,109.0
000000000000000000000482,1863,1,409.0
000000000000000000000482,3471,3,185.0
000000000000000000000483,1794,1,249.0
000000000000000000000483,3214,3,14.9
000000000000000000000484,3319,1,3349.0
000000000000000000000484,3117,1,550.0
000000000000000000000485,2972,3,1300.0
000000000000000000000486,536,3,69.9
000000000000000000000486,1736,1,939.0
000000000000000000000487,697,3,79.0
000000000000000000000488,764,2,2189.0
000000000000000000000489,2577,3,1750.0
000000000000000000000489,3201,2,67.0
00000000000000000000048a,4126,1,85.9
00000000000000000000048a,828,1,799.0
00000000000000000000048a,4114,3,209.9
00000000000000000000048b,1242,3,93.9
00000000000000000000048c,1154,3,2389.9
00000000000000000000048c,1320,3,159.0
00000000000000000000048c,4110,3,69.9
00000000000000000000048d,2952,3,1089.0
00000000000000000000048e,5001,3,19.0
00000000000000000000048f,123,1,3999.0
000000000000000000000490,3726,1,70.0
000000000000000000000490,2570,2,59.0
000000000000000000000491,3775,2,79.0
000000000000000000000492,1151,3,99.9
000000000000000000000492,1016,2,1059.0
000000000000000000000493,4199,2,199.0
000000000000000000000493,5117,2,259.0
000000000000000000000494,468,3,189.0
000000000000000000000494,2006,3,799.0
000000000000000000000495,598,2,409.9
000000000000000000000495,1828,2,139.9
000000000000000000000496,3809,3,79.9
000000000000000000000496,894,1,677.0
000000000000000000000496,704,2,339.9
000000000000000000000496,1477,2,1850.0
000000000000000000000497,3902,2,69.0
000000000000000000000497,937,2,409.0
000000000000000000000498,257,3,2599.0
000000000000000000000499,1749,3,1099.0
000000000000000000000499,444,2,32.0
000000000000000000000499,1733,2,1668.0
000000000000000000000499,188,2,1739.0
00000000000000000000049a,3699,2,10.9
00000000000000000000049b,3511,2,165.0
00000000000000000000049c,4387,3,125.93
00000000000000000000049c,1317,2,199.0
00000000000000000000049d,4892,1,106.0
00000000000000000000049d,1627,3,1049.0
00000000000000000000049e,3758,1,69.0
00000000000000000000049f,31,2,399.0
0000000000000000000004a0,1791,3,1379.0
0000000000000000000004a1,1771,1,899.0
0000000000000000000004a1,2852,1,699.0
0000000000000000000004a2,2515,3,17.0
0000000000000000000004a3,2882,3,699.0
0000000000000000000004a3,2886,2,309.9
0000000000000000000004a4,3057,3,2299.0
0000000000000000000004a4,1450,3,299.9
0000000000000000000004a5,5083,1,580.0
0000000000000000000004a5,813,1,367.0
0000000000000000000004a6,5111,1,289.0
0000000000000000000004a6,4463,3,129.0
0000000000000000000004a7,1736,3,939.0
0000000000000000000004a7,1826,2,249.0
0000000000000000000004a7,3725,1,70.0
0000000000000000000004a8,3243,2,15.5
0000000000000000000004a8,63,1,361.0
0000000000000000000004a9,3398,2,139.0
0000000000000000000004a9,1979,1,259.0
0000000000000000000004a9,35,1,599.0
0000000000000000000004aa,4915,1,55.0
0000000000000000000004aa,2601,3,899.0
0000000000000000000004aa,2746,2,4139.0
0000000000000000000004ab,4734,3,101.34
0000000000000000000004ab,3516,2,209.0
0000000000000000000004ab,1056,3,849.0
0000000000000000000004ac,1035,3,599.0
0000000000000000000004ad,1303,1,302.9
0000000000000000000004ad,2642,1,1309.0
0000000000000000000004ad,1670,1,949.0
0000000000000000000004ae,4454,3,108.9
0000000000000000000004ae,646,2,150.0
0000000000000000000004af,1817,2,129.0
0000000000000000000004b0,424,1,44.9
0000000000000000000004b0,2253,3,104.9
0000000000000000000004b0,680,1,149.0
0000000000000000000004b1,1006,2,1329.0
0000000000000000000004b1,878,1,1589.0
0000000000000000000004b1,1162,1,479.9
0000000000000000000004b1,2314,1,299.0
0000000000000000000004b2,180,2,1699.0
0000000000000000000004b3,2569,3,189.0
0000000000000000000004b4,4648,1,229.0
0000000000000000000004b4,5171,2,1399.0
0000000000000000000004b4,4970,2,55.0
0000000000000000000004b4,258,2,3849.0
0000000000000000000004b5,997,1,2499.0
0000000000000000000004b5,1580,3,849.9
0000000000000000000004b5,4966,1,42.0
0000000000000000000004b6,1778,1,899.0
0000000000000000000004b7,3946,1,269449.0
0000000000000000000004b8,4062,3,73.0
0000000000000000000004b8,3573,2,140.9
0000000000000000000004b9,843,1,449.9
0000000000000000000004b9,4782,1,929.44
0000000000000000000004b9,4814,3,499.0
0000000000000000000004b9,2553,2,49.9
0000000000000000000004ba,5103,2,259.0
0000000000000000000004ba,882,2,1195.0
0000000000000000000004ba,4975,1,29.9
0000000000000000000004bb,277,2,2599.0
0000000000000000000004bb,4190,3,279.9
0000000000000000000004bc,246,1,1998.0
0000000000000000000004bd,1763,3,899.0
0000000000000000000004be,90,3,409.0
0000000000000000000004bf,3159,3,299.9
0000000000000000000004bf,2324,1,109.9
0000000000000000000004c0,613,2,179.0
0000000000000000000004c0,4702,2,279.0
0000000000000000000004c0,3455,1,949.0
0000000000000000000004c0,3566,1,140.9
0000000000000000000004c1,1017,1,1058.0
0000000000000000000004c1,3710,3,93.0
0000000000000000000004c2,4717,1,36.0
0000000000000000000004c3,4371,3,103.9
0000000000000000000004c4,3401,2,820.0
0000000000000000000004c4,2466,2,989.0
0000000000000000000004c4,2251,2,269.9
0000000000000000000004c5,3724,2,70.0
0000000000000000000004c6,842,1,979.0
0000000000000000000004c6,240,1,1760.0
0000000000000000000004c6,1836,1,2599.0
0000000000000000000004c6,392,2,849.0
0000000000000000000004c7,3022,3,800.0
0000000000000000000004c8,353,2,2999.0
0000000000000000000004c8,908,1,1599.0
0000000000000000000004c8,394,2,699.0
0000000000000000000004c9,1129,2,379.0
0000000000000000000004c9,4780,1,211.19
0000000000000000000004ca,1003,3,650.0
0000000000000000000004ca,4275,1,119.9
0000000000000000000004cb,3955,2,70.0
0000000000000000000004cb,1851,2,999.99
0000000000000000000004cb,753,3,1309.0
0000000000000000000004cc,616,1,199.0
0000000000000000000004cc,4052,1,59.9
0000000000000000000004cd,2789,3,2399.0
0000000000000000000004cd,1710,3,849.0
0000000000000000000004ce,4133,1,100.9
0000000000000000000004ce,866,1,48310.0
0000000000000000000004cf,3279,1,1.0
0000000000000000000004d0,1207,1,325.91
0000000000000000000004d0,3777,3,55.9
0000000000000000000004d1,4350,2,139.9
0000000000000000000004d2,1234,3,93.9
0000000000000000000004d2,3252,2,1799.0
0000000000000000000004d3,3134,3,29.9
0000000000000000000004d4,4339,2,559.9
0000000000000000000004d4,4977,3,55.0
0000000000000000000004d5,436,1,50.0
0000000000000000000004d6,5081,3,280.0
0000000000000000000004d7,1402,2,199.0
0000000000000000000004d7,1668,3,1049.0
0000000000000000000004d8,5097,2,89.9
0000000000000000000004d9,569,1,81.9
0000000000000000000004da,3506,1,39.9
0000000000000000000004da,2737,1,3829.0
0000000000000000000004db,3882,1,38.99
0000000000000000000004db,4778,2,168.94
0000000000000000000004dc,2382,3,36.9
0000000000000000000004dc,1871,3,449.0
0000000000000000000004dd,2750,3,3599.0
0000000000000000000004dd,3708,2,29.9
0000000000000000000004dd,4020,3,23.9
0000000000000000000004de,2467,3,309.9
0000000000000000000004de,2734,3,3829.0
0000000000000000000004de,4243,2,129.0
0000000000000000000004df,3362,1,379.0
0000000000000000000004e0,3529,1,329.0
0000000000000000000004e0,2945,3,979.0
0000000000000000000004e1,5136,1,199.0
0000000000000000000004e1,4464,2,139.9
0000000000000000000004e1,3681,3,1699.0
0000000000000000000004e1,4317,2,179.4
0000000000000000000004e2,337,3,899.0
0000000000000000000004e3,4643,1,69.9
0000000000000000000004e3,2843,1,3599.0
0000000000000000000004e3,2363,2,549.0
0000000000000000000004e4,5111,2,289.0
0000000000000000000004e4,4573,2,45.9
0000000000000000000004e4,1333,1,65.9
0000000000000000000004e4,2488,2,1550.0
0000000000000000000004e5,4001,2,24.89
0000000000000000000004e6,2869,2,220.0
0000000000000000000004e7,705,3,2149.0
0000000000000000000004e8,2383,2,309.0
0000000000000000000004e8,1793,1,1167.9
0000000000000000000004e8,264,3,2499.0
0000000000000000000004e8,3877,3,45.89
0000000000000000000004e9,4891,2,349.0
0000000000000000000004e9,2546,3,149.0
0000000000000000000004e9,1420,2,359.0
0000000000000000000004e9,4620,3,192.5
0000000000000000000004ea,2467,1,309.9
0000000000000000000004ea,2499,2,699.0
0000000000000000000004eb,3580,3,200.0
0000000000000000000004eb,787,2,789.0
0000000000000000000004eb,1136,3,129.9
0000000000000000000004ec,3822,2,199.0
0000000000000000000004ed,3449,2,979.0
0000000000000000000004ed,725,1,1299.9
0000000000000000000004ed,1152,3,99.9
0000000000000000000004ed,5040,3,93.9
0000000000000000000004ee,3217,1,19.9
0000000000000000000004ef,446,1,1799.0
0000000000000000000004ef,694,2,879.0
0000000000000000000004f0,4633,1,235.0
0000000000000000000004f0,3945,1,311.0
0000000000000000000004f0,2715,3,999.0
0000000000000000000004f1,4605,1,85.0
0000000000000000000004f1,4058,1,59.9
0000000000000000000004f2,53,3,399.0
0000000000000000000004f2,3973,1,74.4
0000000000000000000004f2,5110,1,289.0
0000000000000000000004f3,1674,1,1549.0
0000000000000000000004f4,2457,1,199.0
0000000000000000000004f4,3315,3,1899.0
0000000000000000000004f4,3963,2,349.0
0000000000000000000004f4,1508,3,3170.0
0000000000000000000004f5,178,1,1699.0
0000000000000000000004f6,4479,2,44.95
0000000000000000000004f6,1642,2,2799.9
0000000000000000000004f6,3901,2,21.9
0000000000000000000004f7,880,2,699.0
0000000000000000000004f8,3191,1,425.0
0000000000000000000004f9,2906,1,989.0
0000000000000000000004fa,4123,1,30.9
0000000000000000000004fb,1241,2,149.9
0000000000000000000004fc,2482,2,27.9
0000000000000000000004fd,1478,3,1789.0
0000000000000000000004fd,4719,3,190.0
0000000000000000000004fe,4758,3,159.0
0000000000000000000004fe,2852,3,699.0
0000000000000000000004ff,871,2,765.0
000000000000000000000500,1426,3,1490.0
000000000000000000000501,2052,1,759.0
000000000000000000000502,242,2,1760.0
000000000000000000000502,1426,1,1490.0
000000000000000000000503,1604,2,1689.0
000000000000000000000503,2069,2,120.0
000000000000000000000504,1576,1,1199.0
000000000000000000000504,705,3,2149.0
000000000000000000000504,4769,3,131.9
000000000000000000000505,3343,3,729.0
000000000000000000000506,1700,2,849.0
000000000000000000000506,4673,3,169.0
000000000000000000000507,3596,2,55.0
000000000000000000000507,3503,1,129.0
000000000000000000000507,5124,3,450.0
000000000000000000000508,422,3,119.0
000000000000000000000508,4928,2,29.9
000000000000000000000509,2932,1,1099.0
00000000000000000000050a,4242,3,139.0
00000000000000000000050a,5008,2,20.9
00000000000000000000050b,2155,1,49.4
00000000000000000000050b,246,2,1998.0
00000000000000000000050c,4482,3,39.95
00000000000000000000050d,598,3,409.9
00000000000000000000050e,580,2,449.0
00000000000000000000050f,1061,3,919.0
00000000000000000000050f,2217,1,69.0
000000000000000000000510,2486,1,299.0
000000000000000000000510,1866,1,449.0
000000000000000000000511,149,1,1149.0
000000000000000000000511,4527,2,49.9
000000000000000000000511,3950,2,239.0
000000000000000000000512,967,3,20.0
000000000000000000000513,1952,1,259.0
000000000000000000000513,1901,1,119.0
000000000000000000000513,754,2,899.0
000000000000000000000513,4822,3,471.8
000000000000000000000514,123,1,3999.0
000000000000000000000514,2048,1,379.0
000000000000000000000514,466,2,189.9
000000000000000000000514,628,1,209.9
000000000000000000000515,1063,3,54899.0
000000000000000000000515,4966,1,42.0
000000000000000000000515,3259,3,399.0
000000000000000000000515,3922,1,33.0
000000000000000000000516,1805,2,885.0
000000000000000000000516,3634,3,29.9
000000000000000000000516,2480,2,35.0
000000000000000000000517,4125,1,64.9
000000000000000000000517,856,2,622.0
000000000000000000000518,1124,3,169.9
000000000000000000000519,1163,3,379.0
000000000000000000000519,294,2,479.0
000000000000000000000519,1926,3,1089.0
00000000000000000000051a,4819,2,1099.0
00000000000000000000051b,155,2,1049.0
00000000000000000000051c,4363,3,108.9
00000000000000000000051c,429,2,149.0
00000000000000000000051d,2755,1,4029.0
00000000000000000000051d,2151,1,329.0
00000000000000000000051d,4842,2,199.5
00000000000000000000051e,4533,3,49.9
00000000000000000000051e,3180,2,44.9
00000000000000000000051e,2355,2,89.9
00000000000000000000051f,3829,2,139.0
00000000000000000000051f,1952,3,259.0
00000000000000000000051f,1081,2,154.9
00000000000000000000051f,125,1,2549.0
000000000000000000000520,5043,2,399.0
000000000000000000000521,2515,3,17.0
000000000000000000000522,3604,2,511.18
000000000000000000000522,73,1,345.0
000000000000000000000523,4748,2,151.9
000000000000000000000523,652,3,211.19
000000000000000000000524,2263,1,209.9
000000000000000000000524,2127,1,159.0
000000000000000000000524,4055,3,59.9
000000000000000000000525,316,1,1399.0
000000000000000000000526,1868,3,449.0
000000000000000000000526,499,2,21.5
000000000000000000000527,367,1,999.0
000000000000000000000527,4920,2,139.0
000000000000000000000528,2669,3,1349.0
000000000000000000000529,1173,3,133.86
000000000000000000000529,203,2,3279.0
000000000000000000000529,2676,2,4449.0
00000000000000000000052a,1314,1,109.0
00000000000000000000052a,3018,2,800.0
00000000000000000000052b,2565,3,949.0
00000000000000000000052c,3104,2,70.0
00000000000000000000052c,4774,3,45.0
00000000000000000000052c,268,1,1298.0
00000000000000000000052c,1230,1,219.0
00000000000000000000052d,3425,3,849.0
00000000000000000000052d,4416,1,69.9
00000000000000000000052e,4263,2,168.0
00000000000000000000052e,3613,2,42.9
00000000000000000000052f,2966,1,989.0
000000000000000000000530,3359,1,1199.0
000000000000000000000530,2965,2,999.0
000000000000000000000531,3678,1,1999.0
000000000000000000000531,3432,3,1099.0
000000000000000000000532,3340,3,3359.0
000000000000000000000532,4791,2,509.0
000000000000000000000532,1132,2,359.9
000000000000000000000533,4719,2,190.0
000000000000000000000533,4049,1,48.0
000000000000000000000533,1623,1,789.0
000000000000000000000533,1474,1,1480.0
000000000000000000000534,1036,1,709.0
000000000000000000000534,280,3,908.0
000000000000000000000534,3535,1,329.0
000000000000000000000535,2903,1,979.99
000000000000000000000535,1045,3,534.9
000000000000000000000535,3296,2,939.0
000000000000000000000535,4563,1,63.48
000000000000000000000536,371,3,799.0
000000000000000000000536,605,2,280.0
000000000000000000000537,3909,3,29.9
000000000000000000000538,64,3,361.0
000000000000000000000539,4168,2,299.9
000000000000000000000539,4818,1,711.85
00000000000000000000053a,4750,2,109.67
00000000000000000000053a,4164,2,49.0
00000000000000000000053a,3496,2,1799.0
00000000000000000000053b,2280,3,648.9
00000000000000000000053b,4712,2,35.0
00000000000000000000053c,1833,2,739.0
00000000000000000000053c,1388,2,3199.0
00000000000000000000053d,1695,3,709.0
00000000000000000000053e,4423,2,59.9
00000000000000000000053e,4407,1,129.9
00000000000000000000053e,1599,2,1199.0
00000000000000000000053e,55,1,399.0
00000000000000000000053f,3718,1,66.0
00000000000000000000053f,2417,3,399.0
000000000000000000000540,712,2,512.0
000000000000000000000540,1121,3,24.9
000000000000000000000541,2680,2,2999.0
000000000000000000000541,1284,2,315.0
000000000000000000000541,4154,2,75.38
000000000000000000000542,315,3,1499.0
000000000000000000000542,3551,3,529.0
000000000000000000000542,823,2,2699.0
000000000000000000000543,5139,3,3829.0
000000000000000000000543,66,2,375.0
000000000000000000000543,2015,1,359.0
000000000000000000000543,1122,3,699.0
000000000000000000000544,2316,3,289.0
000000000000000000000544,1080,1,199.9
000000000000000000000544,1627,3,1049.0
000000000000000000000545,5008,3,20.9
000000000000000000000545,1709,1,799.0
000000000000000000000546,2857,2,599.0
000000000000000000000547,3974,2,74.4
000000000000000000000547,4016,3,36.0
000000000000000000000547,5162,2,5139.0
000000000000000000000548,3664,1,279.0
000000000000000000000548,2666,3,1349.0
000000000000000000000549,3262,3,469.0
00000000000000000000054a,1924,2,1399.0
00000000000000000000054a,238,2,3599.0
00000000000000000000054b,2648,3,2361.0
00000000000000000000054b,2144,2,139.0
00000000000000000000054c,2199,3,290.0
00000000000000000000054c,3978,1,39.0
00000000000000000000054c,1794,2,249.0
00000000000000000000054c,2784,2,528.9
00000000000000000000054d,904,2,690.0
00000000000000000000054d,5025,1,79.0
00000000000000000000054d,5004,3,55.0
00000000000000000000054e,2731,2,2609.9
00000000000000000000054f,4387,1,125.93
000000000000000000000550,1323,2,189.9
000000000000000000000551,165,3,1159.0
000000000000000000000552,199,1,3259.0
000000000000000000000553,3096,3,1490.0
000000000000000000000553,3283,2,1.0
000000000000000000000553,1075,1,619.0
000000000000000000000554,4438,3,149.9
000000000000000000000555,4962,2,69.0
000000000000000000000556,1661,1,798.0
000000000000000000000557,1821,3,1589.0
000000000000000000000557,3329,2,629.0
000000000000000000000558,4072,3,119.9
000000000000000000000559,4734,2,101.34
000000000000000000000559,204,1,3279.0
00000000000000000000055a,5161,1,499.0
00000000000000000000055b,688,2,99.0
00000000000000000000055b,1158,3,374.71
00000000000000000000055c,4043,2,23.9
00000000000000000000055d,4632,3,179.0
00000000000000000000055e,4470,3,279.0
00000000000000000000055e,4095,1,49.9
00000000000000000000055e,2565,2,949.0
00000000000000000000055f,3488,1,2599.0
00000000000000000000055f,635,1,155.0
00000000000000000000055f,3078,3,379.0
00000000000000000000055f,1043,3,649.99
000000000000000000000560,3475,2,89.0
000000000000000000000561,76,1,345.0
000000000000000000000561,2431,2,79.9
000000000000000000000562,5039,3,93.9
000000000000000000000562,3045,3,349.9
000000000000000000000563,2059,2,299.0
000000000000000000000563,3868,1,19.9
000000000000000000000564,3882,1,38.99
000000000000000000000565,1538,1,906.0
000000000000000000000566,4870,1,110.0
000000000000000000000566,1282,2,406.9
000000000000000000000567,2250,3,169.9
000000000000000000000567,2329,2,1439.0
000000000000000000000567,3492,2,1799.0
000000000000000000000567,4788,3,649.0
000000000000000000000568,1249,1,226.9
000000000000000000000569,4279,3,250.0
00000000000000000000056a,5046,1,125.0
00000000000000000000056a,3879,1,48.5
00000000000000000000056b,3896,1,105.9
00000000000000000000056c,3485,2,1899.0
00000000000000000000056c,3865,3,19.9
00000000000000000000056c,2680,1,2999.0
00000000000000000000056d,4277,2,250.0
00000000000000000000056e,2276,2,199.0
00000000000000000000056e,1171,2,187.27
00000000000000000000056e,3582,3,200.0
00000000000000000000056e,4592,2,54.9
00000000000000000000056f,2996,2,520.0
000000000000000000000570,1565,1,729.0
000000000000000000000570,3134,3,29.9
000000000000000000000570,3066,1,1500.0
000000000000000000000571,771,2,1799.0
000000000000000000000572,2253,3,104.9
000000000000000000000573,469,3,49.9
000000000000000000000574,4017,2,23.9
000000000000000000000574,1424,3,609.0
000000000000000000000575,5022,3,49.0
000000000000000000000576,979,1,798.0
000000000000000000000577,1591,3,1399.0
000000000000000000000578,1387,3,2429.0
000000000000000000000578,4808,1,78.9
000000000000000000000578,3001,3,520.0
000000000000000000000579,4109,1,69.9
00000000000000000000057a,4141,1,35.0
00000000000000000000057a,3353,3,579.0
00000000000000000000057b,965,2,22.9
00000000000000000000057b,2798,3,3369.0
00000000000000000000057c,742,1,1800.0
00000000000000000000057d,86,2,469.0
00000000000000000000057d,1782,1,749.0
00000000000000000000057d,3069,3,2199.0
00000000000000000000057e,1088,2,85.0
00000000000000000000057e,2544,3,179.0
00000000000000000000057e,437,2,167.0
00000000000000000000057f,2235,2,243.9
00000000000000000000057f,1633,2,1299.0
00000000000000000000057f,1451,3,499.0
000000000000000000000580,4285,2,230.0
000000000000000000000581,4407,3,129.9
000000000000000000000582,4127,3,35.0
000000000000000000000583,3832,2,85.0
000000000000000000000584,3828,2,229.0
000000000000000000000584,4808,2,78.9
000000000000000000000585,5157,1,265.0
000000000000000000000585,2940,2,879.9
000000000000000000000585,65,2,375.0
000000000000000000000586,3825,3,189.0
000000000000000000000587,3564,2,140.9
000000000000000000000587,3272,1,1389.0
000000000000000000000588,1920,3,420.0
000000000000000000000589,234,3,3599.0
000000000000000000000589,1344,1,143.9
00000000000000000000058a,4653,1,160.0
00000000000000000000058b,1159,2,340.0
00000000000000000000058c,1410,2,1799.0
00000000000000000000058d,2005,1,925.0
00000000000000000000058e,819,2,1199.9
00000000000000000000058f,3797,1,55.9
00000000000000000000058f,1989,2,245.0
000000000000000000000590,3479,3,1199.0
000000000000000000000590,4891,1,349.0
000000000000000000000590,3227,2,459.9
000000000000000000000591,1460,2,1549.0
000000000000000000000591,1927,2,299.0
000000000000000000000591,3024,3,729.9
000000000000000000000592,1132,1,359.9
000000000000000000000592,4096,1,39.99
000000000000000000000593,2335,2,65.0
000000000000000000000593,2549,3,249.0
000000000000000000000594,3263,3,469.0
000000000000000000000595,831,1,909.0
000000000000000000000595,3314,1,299.0
000000000000000000000596,3291,2,939.0
000000000000000000000597,3689,2,1199.0
000000000000000000000597,4113,2,39.0
000000000000000000000598,3474,3,89.0
000000000000000000000598,4356,1,103.9
000000000000000000000598,3142,1,80.0
000000000000000000000599,5035,3,103.9
00000000000000000000059a,4011,2,25.9
00000000000000000000059b,2427,3,489.0
00000000000000000000059b,193,2,3129.0
00000000000000000000059c,292,3,459.0
00000000000000000000059d,689,3,99.0
00000000000000000000059e,2830,1,2799.0
00000000000000000000059e,3753,3,119.9
00000000000000000000059e,5057,3,430.0
00000000000000000000059f,829,2,899.0
0000000000000000000005a0,184,3,1739.0
0000000000000000000005a0,1507,2,2598.0
0000000000000000000005a1,1570,3,1399.0
0000000000000000000005a1,4677,3,34.9
0000000000000000000005a1,2138,3,119.0
0000000000000000000005a1,2484,1,27.0
0000000000000000000005a2,3580,2,200.0
0000000000000000000005a2,2252,3,104.9
0000000000000000000005a2,1522,3,2298.0
0000000000000000000005a3,3336,1,999.0
0000000000000000000005a4,2607,1,1799.0
0000000000000000000005a4,796,1,1119.0
0000000000000000000005a5,4992,2,189.0
0000000000000000000005a5,3774,3,79.0
0000000000000000000005a5,4817,3,149.0
0000000000000000000005a6,2619,2,3038.9
0000000000000000000005a7,1393,3,649.0
0000000000000000000005a8,5173,1,10.0
0000000000000000000005a8,3986,1,55.0
0000000000000000000005a8,4599,3,13.9
0000000000000000000005a8,2829,3,3699.0
0000000000000000000005a9,5119,3,259.0
0000000000000000000005aa,2326,1,679.9
0000000000000000000005aa,4559,2,25.0
0000000000000000000005aa,4021,3,23.9
0000000000000000000005ab,1732,1,1279.0
0000000000000000000005ac,2884,2,509.0
0000000000000000000005ac,1784,3,729.0
0000000000000000000005ad,4363,1,108.9
0000000000000000000005ad,3213,2,269.9
0000000000000000000005ae,1456,2,1650.0
0000000000000000000005af,806,3,30.0
0000000000000000000005af,3141,3,80.0
0000000000000000000005b0,1136,3,129.9
0000000000000000000005b0,4995,3,19.9
0000000000000000000005b1,2048,1,379.0
0000000000000000000005b2,4927,3,29.9
0000000000000000000005b3,1961,2,289.0
0000000000000000000005b3,1436,3,309.0
0000000000000000000005b4,3778,2,109.0
0000000000000000000005b5,4098,1,25.9
0000000000000000000005b5,911,1,1299.0
0000000000000000000005b5,4949,2,85.0
0000000000000000000005b5,2714,3,899.0
0000000000000000000005b6,3852,2,32.9
0000000000000000000005b6,3157,2,59.0
0000000000000000000005b6,577,3,169.9
0000000000000000000005b7,3593,2,25.0
0000000000000000000005b7,3939,2,59.9
0000000000000000000005b7,490,3,39.0
0000000000000000000005b8,3605,1,1129.0
0000000000000000000005b8,3511,1,165.0
0000000000000000000005b9,3003,1,520.0
0000000000000000000005b9,3383,1,1299.0
0000000000000000000005b9,2784,2,528.9
0000000000000000000005ba,4027,2,23.9
0000000000000000000005ba,2005,2,925.0
0000000000000000000005bb,4870,1,110.0
0000000000000000000005bb,293,1,419.0
0000000000000000000005bc,2386,2,499.0
0000000000000000000005bd,2416,1,329.0
0000000000000000000005bd,1266,3,49.9
0000000000000000000005bd,1054,2,775.0
0000000000000000000005be,1216,1,209.0
0000000000000000000005be,4787,2,649.0
0000000000000000000005bf,5067,2,390.0
0000000000000000000005bf,1396,3,349.0
0000000000000000000005c0,3976,3,74.4
0000000000000000000005c1,531,2,165.0
0000000000000000000005c2,980,2,1586.67
0000000000000000000005c2,1614,2,1699.0
0000000000000000000005c2,2921,3,729.9
0000000000000000000005c3,1660,2,1889.0
0000000000000000000005c3,2979,3,1700.0
0000000000000000000005c3,270,1,749.0
0000000000000000000005c4,4406,2,129.9
0000000000000000000005c4,651,3,211.19
0000000000000000000005c4,459,3,174.9
0000000000000000000005c5,3737,1,85.0
0000000000000000000005c6,522,2,79.0
0000000000000000000005c6,1086,1,88.0
0000000000000000000005c6,4281,1,77.4
0000000000000000000005c7,419,2,160.0
0000000000000000000005c8,1618,1,1699.0
0000000000000000000005c9,3521,1,142.0
0000000000000000000005ca,5034,2,520.08
0000000000000000000005ca,3738,2,30.0
0000000000000000000005ca,5,3,475.0
0000000000000000000005cb,2455,3,215.0
0000000000000000000005cb,2165,1,62.0
0000000000000000000005cc,1493,2,1688.0
0000000000000000000005cd,538,2,249.0
0000000000000000000005ce,4413,1,69.9
0000000000000000000005ce,1497,1,1699.0
0000000000000000000005cf,3866,3,19.9
0000000000000000000005cf,844,1,949.0
0000000000000000000005cf,2459,3,60.0
0000000000000000000005d0,1294,2,120.9
0000000000000000000005d0,4999,3,89.0
0000000000000000000005d0,1288,2,89.9
0000000000000000000005d1,2154,2,40.4
0000000000000000000005d2,2900,3,9999.9
0000000000000000000005d3,3311,1,899.0
0000000000000000000005d4,160,3,1699.0
0000000000000000000005d4,1657,3,1198.0
0000000000000000000005d4,1709,2,799.0
0000000000000000000005d5,4588,3,54.9
0000000000000000000005d6,1992,1,900.0
0000000000000000000005d7,377,2,3099.0
0000000000000000000005d7,3196,3,62.0
0000000000000000000005d7,3990,3,99.0
0000000000000000000005d7,2047,2,799.0
0000000000000000000005d8,2329,1,1439.0
0000000000000000000005d9,1233,3,599.0
0000000000000000000005d9,4832,1,549.0
0000000000000000000005d9,2449,3,199.0
0000000000000000000005da,2388,1,559.0
0000000000000000000005da,180,1,1699.0
0000000000000000000005db,3653,2,205.0
0000000000000000000005db,1760,1,39.9
0000000000000000000005db,1509,2,2399.0
0000000000000000000005db,2632,2,1259.0
0000000000000000000005dc,190,1,4559.0
0000000000000000000005dc,1150,3,99.9
0000000000000000000005dd,494,1,39.0
0000000000000000000005dd,4197,3,159.2
0000000000000000000005dd,3060,2,1390.0
0000000000000000000005de,4031,2,23.9
0000000000000000000005de,2316,3,289.0
0000000000000000000005de,4709,1,35.0
0000000000000000000005df,4207,3,461.3
0000000000000000000005df,719,2,779.0
0000000000000000000005e0,3816,3,55.9
0000000000000000000005e0,3697,2,35.0
0000000000000000000005e0,1247,1,199.0
0000000000000000000005e1,3289,1,419.0
0000000000000000000005e1,4709,3,35.0
0000000000000000000005e1,2407,2,979.0
0000000000000000000005e2,4788,2,649.0
0000000000000000000005e2,2676,3,4449.0
0000000000000000000005e2,4362,3,103.9
0000000000000000000005e3,1215,1,209.0
0000000000000000000005e4,4425,2,79.9
0000000000000000000005e4,2856,2,1599.0
0000000000000000000005e4,568,1,81.9
0000000000000000000005e5,1780,2,899.0
0000000000000000000005e6,3073,3,120.9
0000000000000000000005e6,209,3,2890.0
0000000000000000000005e6,3637,1,129.9
0000000000000000000005e7,4836,1,599.0
0000000000000000000005e7,1022,3,399.0
0000000000000000000005e7,761,3,2189.0
0000000000000000000005e8,4955,1,85.0
0000000000000000000005e8,2936,1,779.0
0000000000000000000005e8,2596,1,3599.0
0000000000000000000005e8,3401,3,820.0
0000000000000000000005e9,3114,2,36.9
0000000000000000000005ea,3557,3,331.9
0000000000000000000005ea,2464,1,389.0
0000000000000000000005ea,1879,3,449.0
0000000000000000000005eb,2649,1,2160.0
0000000000000000000005eb,372,1,799.0
0000000000000000000005eb,1153,3,447.0
0000000000000000000005ec,502,3,29.0
0000000000000000000005ec,4885,3,106.0
0000000000000000000005ec,1719,2,1109.0
0000000000000000000005ed,4249,1,124.9
0000000000000000000005ee,246,2,1998.0
0000000000000000000005ee,4076,2,169.9
0000000000000000000005ee,1672,3,1589.0
0000000000000000000005ef,2717,1,1999.0
0000000000000000000005ef,234,3,3599.0
0000000000000000000005ef,3855,1,49.9
0000000000000000000005f0,1391,1,479.0
0000000000000000000005f0,1296,2,120.9
0000000000000000000005f0,821,1,1259.0
0000000000000000000005f1,3401,2,820.0
0000000000000000000005f1,4397,1,299.9
0000000000000000000005f2,2105,2,88.0
0000000000000000000005f2,1051,3,749.0
0000000000000000000005f3,4680,1,49.9
0000000000000000000005f3,1608,1,1599.0
0000000000000000000005f4,3309,1,1549.0
0000000000000000000005f4,2313,1,999.9
0000000000000000000005f4,5039,1,93.9
0000000000000000000005f5,4260,3,130.0
0000000000000000000005f5,4235,2,150.0
0000000000000000000005f6,281,3,909.0
0000000000000000000005f6,3155,1,490.0
0000000000000000000005f7,1949,2,229.0
0000000000000000000005f7,1327,1,4299.0
0000000000000000000005f7,3251,3,210.0
0000000000000000000005f8,1760,3,39.9
0000000000000000000005f8,3713,2,120.0
0000000000000000000005f9,2763,2,869.0
0000000000000000000005f9,1527,3,699.0
0000000000000000000005f9,2092,2,129.0
0000000000000000000005f9,2794,3,2399.0
0000000000000000000005fa,2994,2,2180.0
0000000000000000000005fb,911,1,1299.0
0000000000000000000005fb,986,2,319.0
0000000000000000000005fb,4510,2,49.9
0000000000000000000005fb,2423,2,589.0
0000000000000000000005fc,4186,1,279.0
0000000000000000000005fd,2900,1,9999.9
0000000000000000000005fd,4306,3,101.94
0000000000000000000005fd,4923,3,99.0
0000000000000000000005fe,4349,2,84.95
0000000000000000000005fe,1367,1,209.0
0000000000000000000005ff,1246,2,218.9
0000000000000000000005ff,4431,1,135.92
0000000000000000000005ff,4995,2,19.9
000000000000000000000600,3451,1,55.9
000000000000000000000600,3904,3,89.5
000000000000000000000600,3834,2,64.9
000000000000000000000600,2638,1,1409.0
000000000000000000000601,5023,2,39.9
000000000000000000000601,4866,1,359.0
000000000000000000000601,548,1,57.0
000000000000000000000601,486,2,39.0
000000000000000000000602,1307,3,302.9
000000000000000000000603,2263,1,209.9
000000000000000000000604,1167,3,199.0
000000000000000000000605,841,3,2579.0
000000000000000000000606,4998,1,19.9
000000000000000000000606,3723,1,70.0
000000000000000000000607,336,3,1114.0
000000000000000000000607,3126,2,280.0
000000000000000000000607,2093,2,79.9
000000000000000000000607,925,3,750.0
000000000000000000000608,1841,1,799.0
000000000000000000000608,4284,3,83.4
000000000000000000000608,845,3,1199.0
000000000000000000000609,3543,3,349.0
000000000000000000000609,3455,1,949.0
000000000000000000000609,465,2,189.9
00000000000000000000060a,2059,2,299.0
00000000000000000000060b,1814,2,1119.0
00000000000000000000060b,4843,3,349.0
00000000000000000000060c,4634,3,120.0
00000000000000000000060c,3079,3,679.0
00000000000000000000060d,808,1,1699.0
00000000000000000000060d,4716,1,36.0
00000000000000000000060e,3226,2,699.9
00000000000000000000060e,327,3,449.0
00000000000000000000060f,3267,3,365.0
000000000000000000000610,198,2,3259.0
000000000000000000000610,5166,1,79.0
000000000000000000000611,2077,2,42.0
000000000000000000000611,2938,1,689.0
000000000000000000000611,2819,2,4679.0
000000000000000000000612,1316,3,59.9
000000000000000000000612,1716,3,1299.0
000000000000000000000612,4576,2,49.9
000000000000000000000613,729,3,636.0
000000000000000000000613,2735,3,4249.0
000000000000000000000613,2882,3,699.0
000000000000000000000614,741,3,1550.0
000000000000000000000615,3977,2,309.0
000000000000000000000616,2645,3,2999.0
000000000000000000000616,131,2,2529.0
000000000000000000000616,914,3,878.0
000000000000000000000616,1555,3,8900.0
000000000000000000000617,623,1,189.0
000000000000000000000618,1195,2,165.9
000000000000000000000618,2787,2,99.0
000000000000000000000618,4365,1,134.91
000000000000000000000619,674,1,849.0
000000000000000000000619,2653,2,1599.0
00000000000000000000061a,1839,3,2599.0
00000000000000000000061b,2432,1,74.9
00000000000000000000061c,4516,1,49.9
00000000000000000000061c,4654,2,79.9
00000000000000000000061d,3172,2,199.9
00000000000000000000061d,2143,2,169.0
00000000000000000000061d,2982,2,379.9
00000000000000000000061e,1102,2,914.9
00000000000000000000061f,792,3,759.99
00000000000000000000061f,4158,2,53.55
000000000000000000000620,4539,2,49.9
000000000000000000000620,1835,3,899.0
000000000000000000000620,3812,1,57.9
000000000000000000000621,1404,3,649.0
000000000000000000000621,182,3,1699.0
000000000000000000000621,4588,1,54.9
000000000000000000000621,3674,2,1459.0
000000000000000000000622,2262,3,279.9
000000000000000000000623,1093,1,249.0
000000000000000000000623,3247,3,5.9
000000000000000000000624,4162,2,52.0
000000000000000000000625,4994,3,139.0
000000000000000000000625,434,1,79.0
000000000000000000000625,2936,1,779.0
000000000000000000000626,4928,1,29.9
000000000000000000000627,772,2,1729.0
000000000000000000000628,3887,1,334.0
000000000000000000000629,2065,1,149.0
000000000000000000000629,4094,2,49.9
000000000000000000000629,744,2,1399.0
00000000000000000000062a,771,3,1799.0
00000000000000000000062b,3057,1,2299.0
00000000000000000000062c,2509,1,49.9
00000000000000000000062d,1545,3,1489.0
00000000000000000000062d,5087,1,650.0
00000000000000000000062d,4082,2,42.9
00000000000000000000062d,1490,1,1688.0
00000000000000000000062e,3611,3,1399.0
00000000000000000000062f,318,3,999.0
000000000000000000000630,883,3,320.0
000000000000000000000630,2860,1,520.9
000000000000000000000630,1478,1,1789.0
000000000000000000000630,4835,2,549.0
000000000000000000000631,4490,3,55.9
000000000000000000000631,3186,3,44.9
000000000000000000000631,3670,1,24.5
000000000000000000000631,954,2,999.0
000000000000000000000632,3312,1,299.0
000000000000000000000633,4259,1,113.94
000000000000000000000634,4274,3,320.0
000000000000000000000634,3230,1,529.9
000000000000000000000634,4476,2,36.9
000000000000000000000635,3089,2,1638.0
000000000000000000000635,675,1,518.0
000000000000000000000636,2353,3,64.9
000000000000000000000637,4813,3,529.0
000000000000000000000638,387,2,399.0
000000000000000000000638,2482,1,27.9
000000000000000000000639,4293,2,119.9
000000000000000000000639,1461,3,1549.0
000000000000000000000639,4168,3,299.9
00000000000000000000063a,2624,2,2700.0
00000000000000000000063a,598,1,409.9
00000000000000000000063a,1668,3,1049.0
00000000000000000000063b,953,3,889.0
00000000000000000000063b,2380,2,29.0
00000000000000000000063b,39,1,509.0
00000000000000000000063b,1970,2,449.99
00000000000000000000063c,4905,1,39.9
00000000000000000000063d,5130,3,470.0
00000000000000000000063d,2538,3,199.0
00000000000000000000063d,1679,2,1699.0
00000000000000000000063e,1553,2,1349.0
00000000000000000000063f,3680,3,89.0
00000000000000000000063f,1056,3,849.0
000000000000000000000640,4399,2,349.9
000000000000000000000641,2347,2,139.0
000000000000000000000642,1656,2,1198.0
000000000000000000000642,709,1,681.9
000000000000000000000642,4545,1,49.9
000000000000000000000643,3180,1,44.9
000000000000000000000644,3589,2,27.5
000000000000000000000644,1170,3,158.86
000000000000000000000645,2605,1,2889.0
000000000000000000000645,359,1,6499.0
000000000000000000000645,4660,2,1619.0
000000000000000000000646,463,2,189.9
000000000000000000000647,1593,2,1659.0
000000000000000000000648,4929,3,29.9
000000000000000000000648,4330,1,98.9
000000000000000000000648,2358,1,59.9
000000000000000000000649,4377,3,112.9
000000000000000000000649,144,3,1159.0
00000000000000000000064a,1915,3,999.0
00000000000000000000064a,49,1,459.0
00000000000000000000064a,3123,2,24.9
00000000000000000000064a,29,3,599.0
00000000000000000000064b,163,3,1349.0
00000000000000000000064b,3903,3,88.9
00000000000000000000064c,5019,2,109.9
00000000000000000000064c,2049,3,449.9
00000000000000000000064d,1834,3,2599.0
00000000000000000000064d,1183,3,72.9
00000000000000000000064d,2350,1,64.9
00000000000000000000064e,172,2,1185.0
00000000000000000000064f,3296,2,939.0
00000000000000000000064f,1025,1,569.0
00000000000000000000064f,5133,2,99.0
000000000000000000000650,3798,3,59.9
000000000000000000000650,2979,2,1700.0
000000000000000000000650,2768,1,2289.0
000000000000000000000650,2671,3,4449.0
000000000000000000000651,5070,2,370.0
000000000000000000000652,2515,1,17.0
000000000000000000000653,5109,2,259.0
000000000000000000000654,4240,1,149.0
000000000000000000000654,3538,2,329.0
000000000000000000000655,4616,1,337.9
000000000000000000000656,3839,3,65.0
000000000000000000000656,2013,1,14.5
000000000000000000000657,290,1,919.0
000000000000000000000657,796,1,1119.0
000000000000000000000657,536,1,69.9
000000000000000000000658,2923,1,817.9
000000000000000000000659,2585,3,2054.0
00000000000000000000065a,832,3,999.0
00000000000000000000065b,5066,1,370.0
00000000000000000000065b,3357,3,629.0
00000000000000000000065c,1202,1,255.9
00000000000000000000065c,3645,2,188.0
00000000000000000000065c,796,2,1119.0
00000000000000000000065c,323,2,498.0
00000000000000000000065d,4792,1,599.0
00000000000000000000065d,4686,2,149.0
00000000000000000000065d,1490,3,1688.0
00000000000000000000065d,3665,3,149.5
00000000000000000000065e,1106,3,450.0
00000000000000000000065f,2628,3,1109.0
00000000000000000000065f,2395,2,229.0
00000000000000000000065f,681,1,249.0
00000000000000000000065f,2906,3,989.0
000000000000000000000660,2296,3,159.0
000000000000000000000661,1957,3,298.0
000000000000000000000662,3753,3,119.9
000000000000000000000663,158,1,1799.0
000000000000000000000663,2480,2,35.0
000000000000000000000663,3119,2,399.9
000000000000000000000664,4200,2,199.0
000000000000000000000665,4005,2,25.9
000000000000000000000665,2308,1,299.0
000000000000000000000666,930,1,649.0
000000000000000000000666,189,1,1699.0
000000000000000000000666,1053,1,1099.0
000000000000000000000667,618,3,157.9
000000000000000000000667,80,2,369.0
000000000000000000000667,111,3,1429.0
000000000000000000000668,2711,3,2999.9
000000000000000000000668,867,1,2699.0
000000000000000000000669,751,1,419.0
00000000000000000000066a,5124,3,450.0
00000000000000000000066b,1525,2,1899.0
00000000000000000000066b,3844,3,480.0
00000000000000000000066c,652,1,211.19
00000000000000000000066c,1441,2,540.0
00000000000000000000066d,621,2,155.9
00000000000000000000066d,1542,1,1489.0
00000000000000000000066d,1533,1,1399.0
00000000000000000000066e,2339,2,329.0
00000000000000000000066e,1788,2,999.0
00000000000000000000066f,1322,1,79.9
000000000000000000000670,3524,3,39.99
000000000000000000000670,655,3,159.0
000000000000000000000671,2962,3,209.9
000000000000000000000671,4961,1,86.9
000000000000000000000672,3936,2,59.9
000000000000000000000672,3035,2,1099.9
000000000000000000000672,4094,2,49.9
000000000000000000000673,2891,2,989.0
000000000000000000000674,3805,1,99.9
000000000000000000000674,3705,1,70.0
000000000000000000000675,3125,2,109.9
000000000000000000000675,5179,2,679.0
000000000000000000000675,1224,1,105.5
000000000000000000000676,1507,1,2598.0
000000000000000000000676,1778,1,899.0
000000000000000000000677,1297,3,120.9
000000000000000000000677,2487,2,27.0
000000000000000000000678,1310,3,74.9
000000000000000000000678,3993,1,25.9
000000000000000000000679,1159,3,340.0
000000000000000000000679,1927,2,299.0
00000000000000000000067a,2774,2,2499.0
00000000000000000000067a,5165,3,179.9
00000000000000000000067b,3059,3,1480.0
00000000000000000000067c,3032,2,115.0
00000000000000000000067d,3901,3,21.9
00000000000000000000067d,2299,2,139.0
00000000000000000000067e,4689,1,50.0
00000000000000000000067e,1876,1,449.0
00000000000000000000067e,4857,2,139.0
00000000000000000000067e,4993,3,139.0
00000000000000000000067f,1216,3,209.0
000000000000000000000680,3192,1,249.9
000000000000000000000681,1830,2,739.0
000000000000000000000681,26,2,459.0
000000000000000000000682,3971,1,189.0
000000000000000000000682,2574,3,39.0
000000000000000000000682,4955,1,85.0
000000000000000000000682,4394,3,39.9
000000000000000000000683,4130,1,150.9
000000000000000000000683,2314,2,299.0
000000000000000000000684,2426,1,489.0
000000000000000000000685,1210,3,93.9
000000000000000000000685,3660,2,74.9
000000000000000000000686,3736,2,45.0
000000000000000000000686,2261,2,279.9
000000000000000000000686,1621,1,4399.0
000000000000000000000686,4969,3,99.0
000000000000000000000687,3022,2,800.0
000000000000000000000687,1162,3,479.9
000000000000000000000688,2676,3,4449.0
000000000000000000000689,323,3,498.0
000000000000000000000689,4192,3,159.2
000000000000000000000689,458,3,44.5
00000000000000000000068a,1339,3,219.4
00000000000000000000068b,2815,1,4149.0
00000000000000000000068c,4491,1,55.9
00000000000000000000068c,733,2,919.0
00000000000000000000068d,4569,1,34.3
00000000000000000000068e,1906,1,849.0
00000000000000000000068f,3243,2,15.5
00000000000000000000068f,158,2,1799.0
00000000000000000000068f,4180,1,159.0
000000000000000000000690,295,1,419.0
000000000000000000000691,3016,1,36.0
000000000000000000000691,4171,2,329.0
000000000000000000000692,3067,3,1499.0
000000000000000000000693,2680,2,2999.0
000000000000000000000694,4193,1,209.3
000000000000000000000694,3324,1,2349.0
000000000000000000000695,4672,3,179.0
000000000000000000000696,2957,3,989.0
000000000000000000000696,3800,3,99.99
000000000000000000000696,446,1,1799.0
000000000000000000000697,102,1,389.9
000000000000000000000698,3751,1,59.0
000000000000000000000698,3202,2,22.9
000000000000000000000698,4931,2,29.9
000000000000000000000699,879,1,350.0
00000000000000000000069a,2486,1,299.0
00000000000000000000069a,3646,1,65.0
00000000000000000000069a,3125,1,109.9
00000000000000000000069a,4654,2,79.9
00000000000000000000069b,3421,3,999.0
00000000000000000000069c,3744,1,159.0
00000000000000000000069d,3904,1,89.5
00000000000000000000069d,1431,1,2880.0
00000000000000000000069d,118,3,1189.0
00000000000000000000069e,185,3,1739.0
00000000000000000000069f,3092,1,549.0
0000000000000000000006a0,4725,3,102.9
0000000000000000000006a0,361,2,6899.0
0000000000000000000006a0,517,3,185.0
0000000000000000000006a0,2301,2,459.9
0000000000000000000006a1,3670,1,24.5
0000000000000000000006a2,4003,3,20.89
0000000000000000000006a2,1897,3,569.0
0000000000000000000006a3,4462,3,79.9
0000000000000000000006a3,1343,2,180.0
0000000000000000000006a3,3058,3,3599.0
0000000000000000000006a4,4754,2,91.9
0000000000000000000006a4,3292,2,749.0
0000000000000000000006a5,3341,2,549.0
0000000000000000000006a5,2952,1,1089.0
0000000000000000000006a6,3693,3,59.9
0000000000000000000006a6,4418,1,69.9
0000000000000000000006a7,4426,3,205.0
0000000000000000000006a7,1307,1,302.9
0000000000000000000006a8,3433,1,1099.0
0000000000000000000006a9,4510,3,49.9
0000000000000000000006aa,2667,3,1349.0
0000000000000000000006aa,3059,2,1480.0
0000000000000000000006ab,872,1,590.0
0000000000000000000006ab,1850,3,999.0
0000000000000000000006ab,3717,1,28.9
0000000000000000000006ac,592,1,99.0
0000000000000000000006ac,2512,2,349.9
0000000000000000000006ad,255,2,2049.0
0000000000000000000006ae,3708,1,29.9
0000000000000000000006af,3177,2,69.9
0000000000000000000006b0,4861,3,219.48
0000000000000000000006b0,344,2,1099.0
0000000000000000000006b1,3144,2,19.9
0000000000000000000006b1,4416,3,69.9
0000000000000000000006b1,803,3,1159.0
0000000000000000000006b2,3113,2,59.9
0000000000000000000006b2,317,2,425.9
0000000000000000000006b2,3994,3,25.9
0000000000000000000006b2,712,1,512.0
0000000000000000000006b3,2764,3,869.0
0000000000000000000006b3,1978,2,299.0
0000000000000000000006b4,3364,1,809.0
0000000000000000000006b5,3641,2,2959.0
0000000000000000000006b5,567,2,129.9
0000000000000000000006b5,4113,3,39.0
0000000000000000000006b5,1485,3,1789.0
0000000000000000000006b6,964,3,370.0
0000000000000000000006b7,4925,2,139.0
0000000000000000000006b8,3984,1,60.99
0000000000000000000006b9,360,1,6699.0
0000000000000000000006b9,2477,2,399.0
0000000000000000000006b9,1497,3,1699.0
0000000000000000000006ba,1141,1,179.9
0000000000000000000006bb,3523,3,49.99
0000000000000000000006bb,169,3,1699.0
0000000000000000000006bc,2285,3,599.0
0000000000000000000006bc,3575,3,100.0
0000000000000000000006bd,4155,1,32.0
0000000000000000000006bd,1993,1,900.0
0000000000000000000006be,4473,3,59.9
0000000000000000000006be,3059,2,1480.0
0000000000000000000006bf,4585,1,64.9
0000000000000000000006bf,326,1,399.9
0000000000000000000006c0,4180,1,159.0
0000000000000000000006c1,1123,2,699.0
0000000000000000000006c2,3919,1,54.9
0000000000000000000006c2,3922,1,33.0
0000000000000000000006c3,1041,3,389.0
0000000000000000000006c4,2024,2,849.0
0000000000000000000006c4,5136,3,199.0
0000000000000000000006c5,352,1,1399.0
0000000000000000000006c5,2626,1,919.0
0000000000000000000006c5,3233,3,779.9
0000000000000000000006c6,1044,3,599.9
0000000000000000000006c6,3927,2,89.99
0000000000000000000006c6,5038,3,93.9
0000000000000000000006c7,615,2,209.0
0000000000000000000006c8,328,2,449.0
0000000000000000000006c8,3028,2,115.0
0000000000000000000006c8,2273,2,149.0
0000000000000000000006c9,2525,3,79.9
0000000000000000000006c9,3850,2,196.0
0000000000000000000006ca,4958,2,86.9
0000000000000000000006ca,4910,2,49.9
0000000000000000000006ca,4703,1,219.0
0000000000000000000006ca,1125,3,369.9
0000000000000000000006cb,2198,2,291.0
0000000000000000000006cc,4637,1,155.0
0000000000000000000006cc,1567,2,729.0
0000000000000000000006cc,2856,3,1599.0
0000000000000000000006cc,2510,3,89.9
0000000000000000000006cd,1141,3,179.9
0000000000000000000006cd,2417,3,399.0
0000000000000000000006cd,1557,2,899.0
0000000000000000000006ce,1421,3,949.0
0000000000000000000006ce,961,3,199.0
0000000000000000000006cf,4072,2,119.9
0000000000000000000006d0,2797,2,4539.0
0000000000000000000006d0,1199,3,169.9
0000000000000000000006d1,27,2,599.0
0000000000000000000006d1,546,2,45.0
0000000000000000000006d1,1548,3,669.0
0000000000000000000006d1,2088,3,129.0
0000000000000000000006d2,3504,3,8.9
0000000000000000000006d3,1145,1,99.9
0000000000000000000006d4,2273,3,149.0
0000000000000000000006d4,881,2,399.0
0000000000000000000006d4,4494,1,55.9
0000000000000000000006d5,4642,1,289.0
0000000000000000000006d6,1972,1,389.0
0000000000000000000006d7,1937,1,220.0
0000000000000000000006d8,3140,3,159.9
0000000000000000000006d8,1665,1,1249.0
0000000000000000000006d8,4438,1,149.9
0000000000000000000006d9,1021,2,465.0
0000000000000000000006d9,784,1,1999.0
0000000000000000000006d9,2017,1,239.0
0000000000000000000006da,26,1,459.0
0000000000000000000006db,1903,1,128.0
0000000000000000000006db,823,2,2699.0
0000000000000000000006dc,3115,2,64.9
0000000000000000000006dc,189,1,1699.0
0000000000000000000006dc,4435,3,449.9
0000000000000000000006dd,4158,3,53.55
0000000000000000000006de,4924,2,99.0
0000000000000000000006de,3094,1,660.0
0000000000000000000006de,1380,1,1599.0
0000000000000000000006df,3109,1,188.0
0000000000000000000006df,4919,3,45.0
0000000000000000000006df,3848,3,61.9
0000000000000000000006e0,2828,2,8999.0
0000000000000000000006e1,2089,2,129.0
0000000000000000000006e2,1796,3,129.9
0000000000000000000006e3,2987,3,2039.0
0000000000000000000006e3,394,1,699.0
0000000000000000000006e3,1873,1,459.0
0000000000000000000006e3,738,3,749.0
0000000000000000000006e4,2402,2,699.0
0000000000000000000006e4,1161,2,390.68
0000000000000000000006e5,1900,3,119.0
0000000000000000000006e5,756,1,1169.91
0000000000000000000006e6,3853,2,49.9
0000000000000000000006e7,632,1,149.0
0000000000000000000006e7,552,2,169.0
0000000000000000000006e8,3023,1,729.9
0000000000000000000006e8,1466,3,1549.0
0000000000000000000006e9,4205,3,79.9
0000000000000000000006e9,170,1,1749.0
0000000000000000000006e9,4104,2,107.0
0000000000000000000006ea,4989,2,99.0
0000000000000000000006eb,2034,1,369.0
0000000000000000000006eb,1328,1,1399.0
0000000000000000000006eb,4965,2,59.0
0000000000000000000006ec,3236,3,499.9
0000000000000000000006ec,4509,3,49.9
0000000000000000000006ed,4961,3,86.9
0000000000000000000006ee,1368,1,1699.0
0000000000000000000006ee,4122,1,19.9
0000000000000000000006ee,4094,1,49.9
0000000000000000000006ee,1035,3,599.0
0000000000000000000006ef,2454,2,319.0
0000000000000000000006f0,1206,3,220.0
0000000000000000000006f0,3686,3,10.9
0000000000000000000006f1,1861,2,419.0
0000000000000000000006f2,3796,1,59.9
0000000000000000000006f2,1069,1,139.9
0000000000000000000006f2,3407,1,109.0
0000000000000000000006f3,3167,3,199.0
0000000000000000000006f4,332,1,879.0
0000000000000000000006f4,3928,2,109.9
0000000000000000000006f5,1196,1,169.9
0000000000000000000006f5,4601,3,65.0
0000000000000000000006f5,2209,1,99.0
0000000000000000000006f5,491,3,39.0
0000000000000000000006f6,2676,2,4449.0
0000000000000000000006f7,3551,3,529.0
0000000000000000000006f7,4211,3,139.3
0000000000000000000006f7,297,3,699.0
0000000000000000000006f8,3096,1,1490.0
0000000000000000000006f8,2705,1,2699.0
0000000000000000000006f8,3604,1,511.18
0000000000000000000006f8,2189,1,75.1
0000000000000000000006f9,1090,1,490.0
0000000000000000000006fa,4655,1,209.0
0000000000000000000006fa,2091,1,129.0
0000000000000000000006fb,1795,3,129.9
0000000000000000000006fb,3837,2,129.0
0000000000000000000006fb,1357,1,79.9
0000000000000000000006fc,2115,3,109.0
0000000000000000000006fc,4728,3,109.0
0000000000000000000006fc,4576,2,49.9
0000000000000000000006fd,2286,1,799.0
0000000000000000000006fd,4865,1,65.0
0000000000000000000006fe,3316,1,749.0
0000000000000000000006ff,4547,1,49.9
0000000000000000000006ff,1832,2,599.0
0000000000000000000006ff,1794,1,249.0
000000000000000000000700,3435,2,1099.0
000000000000000000000700,4642,1,289.0
000000000000000000000700,2714,1,899.0
000000000000000000000701,467,2,189.0
000000000000000000000701,3569,1,140.9
000000000000000000000701,3326,2,699.0
000000000000000000000702,3986,2,55.0
000000000000000000000703,2347,1,139.0
000000000000000000000703,1993,2,900.0
000000000000000000000703,5002,1,230.0
000000000000000000000704,70,1,799.0
000000000000000000000705,18,1,399.0
000000000000000000000705,3861,2,35.0
000000000000000000000705,1455,2,432.0
000000000000000000000705,268,3,1298.0
000000000000000000000706,1354,2,70.9
000000000000000000000707,1575,2,1089.0
000000000000000000000707,1393,2,649.0
000000000000000000000708,5020,2,109.9
000000000000000000000709,4218,2,149.9
000000000000000000000709,788,3,819.0
00000000000000000000070a,3873,2,154.9
00000000000000000000070a,3707,3,30.99
00000000000000000000070b,1927,1,299.0
00000000000000000000070b,2534,1,26.9
00000000000000000000070b,2676,2,4449.0
00000000000000000000070c,1210,1,93.9
00000000000000000000070c,883,1,320.0
00000000000000000000070c,3678,3,1999.0
00000000000000000000070d,3946,2,269449.0
00000000000000000000070e,2479,3,35.0
00000000000000000000070e,1719,1,1109.0
00000000000000000000070e,3877,2,45.89
00000000000000000000070f,2066,2,110.0
00000000000000000000070f,3192,2,249.9
00000000000000000000070f,1529,3,829.0
000000000000000000000710,2679,3,1259.0
000000000000000000000711,1508,2,3170.0
000000000000000000000711,61,2,358.0
000000000000000000000711,1345,1,79.9
000000000000000000000712,4948,2,129.9
000000000000000000000713,76,3,345.0
000000000000000000000714,3956,3,70.0
000000000000000000000715,3201,3,67.0
000000000000000000000716,323,3,498.0
000000000000000000000716,3727,2,70.0
000000000000000000000716,4842,3,199.5
000000000000000000000717,5137,2,144.0
000000000000000000000717,515,2,59.0
000000000000000000000718,4841,2,1920.0
000000000000000000000718,1826,3,249.0
000000000000000000000718,3681,1,1699.0
000000000000000000000718,2169,1,99.9
000000000000000000000719,333,2,739.0
000000000000000000000719,1817,1,129.0
00000000000000000000071a,4478,1,36.9
00000000000000000000071a,3415,3,115.0
00000000000000000000071b,420,1,249.0
00000000000000000000071b,4069,3,180.0
00000000000000000000071b,4753,3,67.5
00000000000000000000071c,2692,3,5198.0
00000000000000000000071c,1452,3,499.0
00000000000000000000071d,170,1,1749.0
00000000000000000000071d,815,3,799.0
00000000000000000000071d,1064,2,1039.0
00000000000000000000071d,2116,3,42.0
00000000000000000000071e,2366,2,289.0
00000000000000000000071f,995,2,1501.0
00000000000000000000071f,28,1,599.0
00000000000000000000071f,1963,1,249.9
00000000000000000000071f,541,2,30.0
000000000000000000000720,1001,3,504.0
000000000000000000000720,3943,3,79.5
000000000000000000000721,1551,3,1039.0
000000000000000000000722,1330,3,2589.0
000000000000000000000722,1195,3,165.9
000000000000000000000722,2803,3,3369.0
000000000000000000000722,1314,1,109.0
000000000000000000000723,3189,2,49.0
000000000000000000000724,5088,3,650680.0
000000000000000000000725,4050,2,96.0
000000000000000000000725,4567,2,34.3
000000000000000000000725,3751,3,59.0
000000000000000000000726,2912,1,999.0
000000000000000000000727,61,1,358.0
000000000000000000000727,2582,1,195.0
000000000000000000000727,3797,1,55.9
000000000000000000000728,4535,3,49.9
000000000000000000000728,4519,2,49.9
000000000000000000000729,4400,2,299.9
00000000000000000000072a,1122,2,699.0
00000000000000000000072a,2116,1,42.0
00000000000000000000072b,4082,2,42.9
00000000000000000000072c,763,1,2299.9
00000000000000000000072d,2165,2,62.0
00000000000000000000072e,1897,2,569.0
00000000000000000000072e,403,3,489.0
00000000000000000000072e,2266,3,209.9
00000000000000000000072f,4474,3,39.0
00000000000000000000072f,2435,2,114.9
00000000000000000000072f,4525,1,49.9
000000000000000000000730,2731,2,2609.9
000000000000000000000731,3908,1,196.0
000000000000000000000732,4598,1,49.0
000000000000000000000733,851,2,941.8
000000000000000000000733,5168,1,62.91
000000000000000000000733,138,3,2659.0
000000000000000000000734,3342,1,969.0
000000000000000000000735,1949,2,229.0
000000000000000000000735,487,1,39.0
000000000000000000000736,3314,3,299.0
000000000000000000000737,2089,1,129.0
000000000000000000000737,4959,1,85.0
000000000000000000000737,4077,2,42.9
000000000000000000000738,4754,1,91.9
000000000000000000000739,382,1,3449.0
000000000000000000000739,592,2,99.0
000000000000000000000739,3234,1,479.9
000000000000000000000739,1090,3,490.0
00000000000000000000073a,2797,2,4539.0
00000000000000000000073a,1691,1,1049.0
00000000000000000000073b,3368,2,779.0
00000000000000000000073c,1196,2,169.9
00000000000000000000073c,1694,1,799.0
00000000000000000000073c,3189,3,49.0
00000000000000000000073d,2066,2,110.0
00000000000000000000073d,26,2,459.0
00000000000000000000073e,1670,1,949.0
00000000000000000000073e,3387,2,1999.0
00000000000000000000073f,4339,3,559.9
00000000000000000000073f,535,2,82.9
000000000000000000000740,3200,2,69.0
000000000000000000000740,2209,1,99.0
000000000000000000000740,1315,2,59.9
000000000000000000000741,4520,3,49.9
000000000000000000000742,810,3,869.99
000000000000000000000742,2227,3,190.0
000000000000000000000743,878,1,1589.0
000000000000000000000743,1977,3,779.0
000000000000000000000743,2317,3,329.0
000000000000000000000743,2066,3,110.0
000000000000000000000744,28,3,599.0
000000000000000000000744,1222,3,249.0
000000000000000000000744,161,2,1449.0
000000000000000000000744,2682,3,1849.0
000000000000000000000745,3481,3,1199.0
000000000000000000000745,2058,1,349.0
000000000000000000000745,2228,3,160.0
000000000000000000000746,3113,2,59.9
000000000000000000000747,1976,3,259.0
000000000000000000000748,846,1,685.56
000000000000000000000748,4630,1,169.0
000000000000000000000749,595,3,74.99
000000000000000000000749,841,1,2579.0
000000000000000000000749,4494,1,55.9
000000000000000000000749,3615,3,779.0
00000000000000000000074a,3352,2,1079.0
00000000000000000000074a,986,1,319.0
00000000000000000000074a,2298,1,79.9
00000000000000000000074a,4823,2,199.0
00000000000000000000074b,4399,1,349.9
00000000000000000000074b,5154,2,449.0
00000000000000000000074b,1976,3,259.0
00000000000000000000074c,4011,1,25.9
00000000000000000000074c,1773,1,899.0
00000000000000000000074c,3374,3,899.9
00000000000000000000074c,2710,3,4521.0
00000000000000000000074d,3706,3,35.5
00000000000000000000074d,4558,1,25.0
00000000000000000000074d,1346,3,71.9
00000000000000000000074d,221,3,1649.0
00000000000000000000074e,371,3,799.0
00000000000000000000074f,3683,3,129.0
00000000000000000000074f,1849,1,849.0
000000000000000000000750,2455,1,215.0
000000000000000000000750,3538,3,329.0
000000000000000000000751,288,3,959.0
000000000000000000000752,1735,2,1049.0
000000000000000000000752,600,1,149.0
000000000000000000000752,1260,2,359.0
000000000000000000000753,4349,2,84.95
000000000000000000000753,4848,2,269.0
000000000000000000000753,4798,1,469.0
000000000000000000000754,3481,2,1199.0
000000000000000000000754,1411,2,799.0
000000000000000000000754,5005,2,49.9
000000000000000000000754,3647,3,295.0
000000000000000000000755,2422,2,459.0
000000000000000000000756,1039,1,749.0
000000000000000000000757,3233,3,779.9
000000000000000000000757,4757,3,135.0
000000000000000000000758,1971,3,1599.0
000000000000000000000758,416,3,39.0
000000000000000000000758,4165,1,22.9
000000000000000000000759,2140,2,229.0
00000000000000000000075a,1682,3,1459.0
00000000000000000000075a,1145,3,99.9
00000000000000000000075a,1807,1,649.0
00000000000000000000075b,2637,2,1889.0
00000000000000000000075c,95,1,469.0
00000000000000000000075d,1352,3,84.9
00000000000000000000075e,805,3,34000.0
00000000000000000000075e,3597,3,59.9
00000000000000000000075f,1227,2,103.5
000000000000000000000760,2394,1,259.0
000000000000000000000760,2137,1,118.0
000000000000000000000761,4024,1,23.9
000000000000000000000761,4279,1,250.0
000000000000000000000762,3842,1,89.9
000000000000000000000763,2141,1,149.0
000000000000000000000764,1229,2,299.0
000000000000000000000765,2635,3,2799.0
000000000000000000000765,3028,1,115.0
000000000000000000000766,4527,2,49.9
000000000000000000000766,323,1,498.0
000000000000000000000766,5121,2,650.0
000000000000000000000767,2909,3,989.0
000000000000000000000767,140,3,2659.0
000000000000000000000768,2194,1,237.0
000000000000000000000769,4554,3,45.9
00000000000000000000076a,3881,1,249.0
00000000000000000000076a,4084,3,42.9
00000000000000000000076b,1985,1,287.0
00000000000000000000076c,4274,2,320.0
00000000000000000000076c,4682,2,85.0
00000000000000000000076c,2520,1,699.0
00000000000000000000076d,4329,2,101.99
00000000000000000000076e,335,2,979.0
00000000000000000000076e,3197,3,750.0
00000000000000000000076f,347,1,1099.0
00000000000000000000076f,1529,3,829.0
00000000000000000000076f,3304,3,1349.0
000000000000000000000770,191,2,2775.0
000000000000000000000770,694,2,879.0
000000000000000000000770,3849,2,639.0
000000000000000000000770,3091,2,490.0
000000000000000000000771,893,3,819.0
000000000000000000000771,3018,3,800.0
000000000000000000000771,1978,3,299.0
000000000000000000000772,505,1,87.99
000000000000000000000772,2785,2,528.9
000000000000000000000773,1771,1,899.0
000000000000000000000774,2582,3,195.0
000000000000000000000775,4915,2,55.0
000000000000000000000776,1628,1,1338.9
000000000000000000000777,2647,1,4199.0
000000000000000000000778,5013,2,59.0
000000000000000000000778,4137,1,229.0
000000000000000000000778,4069,2,180.0
000000000000000000000778,2683,3,2299.0
000000000000000000000779,88,1,469.0
000000000000000000000779,1515,1,2329.0
000000000000000000000779,1710,3,849.0
00000000000000000000077a,4292,3,169.9
00000000000000000000077a,108,2,615.0
00000000000000000000077a,2003,2,599.0
00000000000000000000077b,4884,1,107.0
00000000000000000000077b,981,3,690.9
00000000000000000000077b,3404,3,4049.0
00000000000000000000077c,625,1,89.0
00000000000000000000077c,2550,1,189.0
00000000000000000000077c,4946,3,46.9
00000000000000000000077d,3253,3,1799.0
00000000000000000000077e,1292,1,65.9
00000000000000000000077f,2767,2,3999.0
000000000000000000000780,4392,2,49.9
000000000000000000000781,2765,2,919.0
000000000000000000000781,1947,2,259.0
000000000000000000000781,4034,2,23.9
000000000000000000000782,1056,2,849.0
000000000000000000000783,454,2,1029.0
000000000000000000000783,4262,2,109159.0
000000000000000000000783,1665,2,1249.0
000000000000000000000784,3733,1,69.9
000000000000000000000785,2081,1,32.9
000000000000000000000785,2790,2,2399.0
000000000000000000000785,2915,3,999.0
000000000000000000000786,4599,3,13.9
000000000000000000000786,1169,1,378.18
000000000000000000000787,2491,3,229.0
000000000000000000000788,1945,2,259.0
000000000000000000000789,378,1,3099.0
00000000000000000000078a,3036,2,520.0
00000000000000000000078b,4625,3,394.9
00000000000000000000078c,3712,2,115.0
00000000000000000000078c,2091,3,129.0
00000000000000000000078c,4776,3,119.0
00000000000000000000078c,1357,3,79.9
00000000000000000000078d,2429,3,149.0
00000000000000000000078d,4528,3,49.9
00000000000000000000078d,4954,3,87.0
00000000000000000000078e,2422,2,459.0
00000000000000000000078e,1190,3,99.0
00000000000000000000078e,4385,2,239.95
00000000000000000000078f,175,3,3099.0
000000000000000000000790,1560,2,829.0
000000000000000000000790,888,1,489.0
000000000000000000000790,1516,2,2449.0
000000000000000000000790,1828,2,139.9
000000000000000000000791,3875,2,123.99
000000000000000000000791,1270,2,200.0
000000000000000000000791,3261,1,299.0
000000000000000000000791,965,3,22.9
000000000000000000000792,1806,3,649.0
000000000000000000000792,2669,3,1349.0
000000000000000000000793,4597,1,44.95
000000000000000000000794,966,2,25.0
000000000000000000000794,1168,2,260.0
000000000000000000000794,4639,1,90.0
000000000000000000000794,4998,3,19.9
000000000000000000000795,1202,3,255.9
000000000000000000000795,3557,2,331.9
000000000000000000000796,597,1,98.9
000000000000000000000796,1775,3,899.0
000000000000000000000797,4330,2,98.9
000000000000000000000797,2570,1,59.0
000000000000000000000797,4682,2,85.0
000000000000000000000798,2546,3,149.0
000000000000000000000799,1833,1,739.0
000000000000000000000799,9,3,55.0
00000000000000000000079a,452,1,25.0
00000000000000000000079b,1584,3,2159.0
00000000000000000000079c,3074,3,69.9
00000000000000000000079c,4324,2,120.0
00000000000000000000079c,459,1,174.9
00000000000000000000079c,5015,2,119.9
00000000000000000000079d,1452,3,499.0
00000000000000000000079d,5158,1,94.99
00000000000000000000079e,3018,1,800.0
00000000000000000000079f,2307,1,309.9
00000000000000000000079f,3201,1,67.0
0000000000000000000007a0,3373,1,1199.0
0000000000000000000007a0,1066,2,349.9
0000000000000000000007a0,4885,1,106.0
0000000000000000000007a1,391,1,849.0
0000000000000000000007a1,1319,2,159.0
0000000000000000000007a1,4632,1,179.0
0000000000000000000007a1,4930,2,29.9
0000000000000000000007a2,3719,1,69.99
0000000000000000000007a3,1403,2,559.0
0000000000000000000007a3,1660,1,1889.0
0000000000000000000007a3,2825,2,2169.0
0000000000000000000007a4,644,1,79.0
0000000000000000000007a4,4940,1,29.9
0000000000000000000007a5,2604,3,4669.0
0000000000000000000007a5,1085,3,699.0
0000000000000000000007a5,3832,2,85.0
0000000000000000000007a5,4062,2,73.0
0000000000000000000007a6,2168,3,59.1
0000000000000000000007a7,3241,2,12.9
0000000000000000000007a8,434,1,79.0
0000000000000000000007a9,888,2,489.0
0000000000000000000007a9,1162,3,479.9
0000000000000000000007aa,1323,3,189.9
0000000000000000000007ab,839,2,799.0
0000000000000000000007ab,5147,3,124.0
0000000000000000000007ab,1585,2,1129.0
0000000000000000000007ac,4969,2,99.0
0000000000000000000007ac,3588,1,165.0
0000000000000000000007ac,1916,3,999.0
0000000000000000000007ad,2609,1,2879.0
0000000000000000000007ad,3346,2,599.0
0000000000000000000007ae,4822,3,471.8
0000000000000000000007ae,4462,3,79.9
0000000000000000000007af,501,2,125.0
0000000000000000000007af,3299,1,279.0
0000000000000000000007b0,19,2,399.0
0000000000000000000007b1,2862,2,699.0
0000000000000000000007b2,2745,3,4129.0
0000000000000000000007b3,597,3,98.9
0000000000000000000007b3,4284,1,83.4
0000000000000000000007b4,4868,3,35.5
0000000000000000000007b4,324,3,499.0
0000000000000000000007b4,4568,2,27.3
0000000000000000000007b4,4839,1,444.0
0000000000000000000007b5,1298,2,80.0
0000000000000000000007b5,1040,1,589.0
0000000000000000000007b5,310,3,899.0
0000000000000000000007b6,4901,3,189.9
0000000000000000000007b6,2055,1,499.0
0000000000000000000007b6,4157,2,35.99
0000000000000000000007b6,2391,3,629.0
0000000000000000000007b7,2323,2,139.9
0000000000000000000007b7,2841,3,3099.0
0000000000000000000007b8,3616,2,779.0
0000000000000000000007b8,751,1,419.0
0000000000000000000007b9,1530,1,949.0
0000000000000000000007ba,521,3,12.0
0000000000000000000007ba,5144,3,4899.0
0000000000000000000007ba,3780,2,89.0
0000000000000000000007ba,4055,2,59.9
0000000000000000000007bb,1261,2,249.0
0000000000000000000007bb,1061,3,919.0
0000000000000000000007bc,4296,1,99.96
0000000000000000000007bd,2207,1,44.9
0000000000000000000007be,5076,2,245.0
0000000000000000000007bf,4439,1,29.9
0000000000000000000007c0,4290,2,119.9
0000000000000000000007c1,2021,3,449.0
0000000000000000000007c2,1821,3,1589.0
0000000000000000000007c2,1594,1,1599.0
0000000000000000000007c2,4475,2,79.0
0000000000000000000007c3,2768,3,2289.0
0000000000000000000007c4,4715,1,35.0
0000000000000000000007c5,4981,3,89.0
0000000000000000000007c6,3205,2,8.69
0000000000000000000007c7,4577,2,49.9
0000000000000000000007c7,2658,2,1499.0
0000000000000000000007c7,129,3,2529.0
0000000000000000000007c7,4997,2,39.9
0000000000000000000007c8,4197,1,159.2
0000000000000000000007c8,4727,2,99.0
0000000000000000000007c8,611,3,1138.9
0000000000000000000007c9,2205,1,155.0
0000000000000000000007c9,309,2,899.0
0000000000000000000007ca,2686,1,2499.0
0000000000000000000007cb,3899,1,178.0
0000000000000000000007cb,4297,2,89.9
0000000000000000000007cb,798,2,869.0
0000000000000000000007cc,1227,1,103.5
0000000000000000000007cc,894,2,677.0
0000000000000000000007cc,2323,1,139.9
0000000000000000000007cc,714,2,1599.0
0000000000000000000007cd,4600,3,13.9
0000000000000000000007cd,493,3,39.0
0000000000000000000007ce,4213,3,151.2
0000000000000000000007cf,4567,2,34.3
0000000000000000000007cf,3508,3,239.99
0000000000000000000007cf,3409,3,689.0
0000000000000000000007cf,479,2,12.0
0000000000000000000007d0,1133,3,3129.0
0000000000000000000007d0,4037,2,23.9
0000000000000000000007d0,2768,3,2289.0
0000000000000000000007d1,2980,3,329.9
0000000000000000000007d1,2600,3,1099.0
0000000000000000000007d2,3508,1,239.99
0000000000000000000007d2,2723,1,1649.0
0000000000000000000007d2,209,1,2890.0
0000000000000000000007d2,1116,1,599799.0
0000000000000000000007d3,1937,1,220.0
0000000000000000000007d4,2600,1,1099.0
0000000000000000000007d4,568,2,81.9
0000000000000000000007d4,1707,2,799.0
0000000000000000000007d5,1493,2,1688.0
0000000000000000000007d5,823,2,2699.0
0000000000000000000007d6,4020,2,23.9
0000000000000000000007d6,1181,3,28.9
0000000000000000000007d7,2398,3,349.0
0000000000000000000007d7,3386,1,749.9
0000000000000000000007d7,1227,1,103.5
0000000000000000000007d8,2359,1,185.0
0000000000000000000007d8,1714,1,1299.0
0000000000000000000007d8,571,3,81.9
0000000000000000000007d8,4308,3,129.9
0000000000000000000007d9,4970,1,55.0
0000000000000000000007da,67,1,375.0
0000000000000000000007db,3795,3,59.0
0000000000000000000007db,2827,1,799.0
0000000000000000000007db,199,2,3259.0
0000000000000000000007dc,2868,2,799.0
0000000000000000000007dc,3933,2,109.9
0000000000000000000007dc,3804,3,154.0
0000000000000000000007dd,4680,1,49.9
0000000000000000000007de,4537,1,49.9
0000000000000000000007df,991,1,2709.0
0000000000000000000007df,3841,2,64.9
0000000000000000000007df,1439,3,489.9
0000000000000000000007e0,4773,1,74.9
0000000000000000000007e0,1525,1,1899.0
0000000000000000000007e0,240,1,1760.0
0000000000000000000007e0,2670,3,4449.0
0000000000000000000007e1,826,3,348.0
0000000000000000000007e1,3499,3,1899.0
0000000000000000000007e1,2679,1,1259.0
0000000000000000000007e2,2664,3,1449.0
0000000000000000000007e2,2980,3,329.9
0000000000000000000007e2,2004,1,829.0
0000000000000000000007e3,3794,1,84.0
0000000000000000000007e3,4040,1,23.9
0000000000000000000007e4,2080,3,230.0
0000000000000000000007e5,3661,3,52.9
0000000000000000000007e6,3606,1,899.0
0000000000000000000007e6,573,1,287.99
0000000000000000000007e7,922,1,4599.0
0000000000000000000007e7,1756,3,470.0
0000000000000000000007e7,4017,3,23.9
0000000000000000000007e7,2678,3,1799.0
0000000000000000000007e8,2985,2,314.9
0000000000000000000007e9,365,2,589.0
0000000000000000000007ea,4145,2,600.0
0000000000000000000007ea,4661,2,209.0
0000000000000000000007eb,2928,1,350.0
0000000000000000000007eb,1513,3,2990.0
0000000000000000000007ec,2279,2,289.0
0000000000000000000007ed,4701,2,599.0
0000000000000000000007ed,2628,1,1109.0
0000000000000000000007ed,897,2,795.0
0000000000000000000007ee,767,3,2189.0
0000000000000000000007ee,188,3,1739.0
0000000000000000000007ee,1223,1,105.5
0000000000000000000007ef,758,1,249.0
0000000000000000000007ef,2481,2,95.0
0000000000000000000007f0,1609,3,1489.0
0000000000000000000007f0,41,2,499.0
0000000000000000000007f1,944,1,8499.99
0000000000000000000007f2,968,3,50.0
0000000000000000000007f3,4964,3,41.9
0000000000000000000007f4,1481,1,1789.0
0000000000000000000007f5,4335,1,639.9
0000000000000000000007f5,3586,1,165.0
0000000000000000000007f6,3535,2,329.0
0000000000000000000007f6,3116,1,550.0
0000000000000000000007f7,849,1,1199.0
0000000000000000000007f7,1226,1,249.0
0000000000000000000007f7,2311,1,89.0
0000000000000000000007f8,2762,1,3900.0
0000000000000000000007f9,1056,1,849.0
0000000000000000000007fa,2867,1,799.0
0000000000000000000007fa,3118,3,31.9
0000000000000000000007fa,541,3,30.0
0000000000000000000007fa,11,3,529.0
0000000000000000000007fb,797,1,869.0
0000000000000000000007fb,1875,1,459.0
0000000000000000000007fb,3717,2,28.9
0000000000000000000007fc,2515,1,17.0
0000000000000000000007fd,3948,1,38.99
0000000000000000000007fe,2277,1,299.0
0000000000000000000007fe,495,3,139.0
0000000000000000000007ff,4840,2,67.54
0000000000000000000007ff,184,1,1739.0
000000000000000000000800,2139,1,38.0
000000000000000000000801,2339,1,329.0
000000000000000000000801,266,1,1849.0
000000000000000000000801,2046,1,329.0
000000000000000000000802,3699,2,10.9
000000000000000000000802,3020,2,800.0
000000000000000000000803,3483,1,1899.0
000000000000000000000804,2058,1,349.0
000000000000000000000804,3783,1,69.5
000000000000000000000804,3557,1,331.9
000000000000000000000805,1698,1,799.0
000000000000000000000806,3266,2,325.0
000000000000000000000807,108,3,615.0
000000000000000000000808,250,3,3479.0
000000000000000000000809,348,2,1099.0
00000000000000000000080a,392,2,849.0
00000000000000000000080b,3282,1,1.0
00000000000000000000080c,4356,3,103.9
00000000000000000000080d,244,1,1760.0
00000000000000000000080e,1283,2,406.9
00000000000000000000080e,3601,2,8.9
00000000000000000000080f,4298,1,119.9
00000000000000000000080f,1971,3,1599.0
000000000000000000000810,3487,2,1949.0
000000000000000000000810,821,2,1259.0
000000000000000000000811,4822,2,471.8
000000000000000000000812,2152,3,89.0
000000000000000000000812,4797,3,539.0
000000000000000000000812,1933,1,248.9
000000000000000000000813,2581,3,195.0
000000000000000000000813,2043,3,475.0
000000000000000000000814,4831,3,539.0
000000000000000000000814,2439,3,389.0
000000000000000000000815,4038,3,23.9
000000000000000000000815,1833,1,739.0
000000000000000000000816,4560,3,25.0
000000000000000000000817,3973,2,74.4
000000000000000000000818,1428,2,1800.0
000000000000000000000819,4876,3,52.9
000000000000000000000819,2369,3,329.0
00000000000000000000081a,2164,1,49.5
00000000000000000000081b,3828,1,229.0
00000000000000000000081c,3365,1,589.0
00000000000000000000081d,4471,1,289.0
00000000000000000000081e,4133,2,100.9
00000000000000000000081e,4790,1,539.0
00000000000000000000081f,4404,3,479.9
00000000000000000000081f,4126,2,85.9
00000000000000000000081f,5128,3,450.0
000000000000000000000820,2131,1,249.0
000000000000000000000820,2492,1,244.99
000000000000000000000820,4384,2,239.95
000000000000000000000820,1133,2,3129.0
000000000000000000000821,3063,1,639.0
000000000000000000000821,3586,1,165.0
000000000000000000000821,95,1,469.0
000000000000000000000821,4417,2,79.9
000000000000000000000822,1474,3,1480.0
000000000000000000000822,1548,1,669.0
000000000000000000000822,3116,2,550.0
000000000000000000000823,4186,1,279.0
000000000000000000000823,4094,3,49.9
000000000000000000000823,4837,3,143.0
000000000000000000000823,2216,2,69.9
000000000000000000000824,3909,2,29.9
000000000000000000000824,410,1,1349.0
000000000000000000000825,3470,2,89.0
000000000000000000000825,922,1,4599.0
000000000000000000000825,2905,2,989.0
000000000000000000000826,4532,1,49.9
000000000000000000000826,4573,2,45.9
000000000000000000000827,3262,2,469.0
000000000000000000000827,1489,3,1789.0
000000000000000000000828,3083,1,949.0
000000000000000000000828,3144,3,19.9
000000000000000000000828,4480,2,44.95
000000000000000000000829,531,2,165.0
00000000000000000000082a,2913,3,999.0
00000000000000000000082b,3,3,449.0
00000000000000000000082b,4117,1,19.96
00000000000000000000082c,3571,2,140.9
00000000000000000000082c,1127,2,304.9
00000000000000000000082d,559,1,169.0
00000000000000000000082d,3481,3,1199.0
00000000000000000000082e,2034,3,369.0
00000000000000000000082e,2931,3,749.0
00000000000000000000082f,885,2,1149.0
00000000000000000000082f,1906,3,849.0
00000000000000000000082f,1748,2,185.0
000000000000000000000830,2632,2,1259.0
000000000000000000000830,4558,2,25.0
000000000000000000000830,4187,3,230.3
000000000000000000000830,774,1,919.0
000000000000000000000831,2148,3,129.0
000000000000000000000831,1021,1,465.0
000000000000000000000832,4647,2,259.0
000000000000000000000833,536,3,69.9
000000000000000000000833,4226,2,78.9
000000000000000000000833,1039,3,749.0
000000000000000000000834,24,2,599.0
000000000000000000000834,3283,3,1.0
000000000000000000000835,857,2,1370.0
000000000000000000000835,1856,3,759.0
000000000000000000000836,5051,3,320.0
000000000000000000000836,4411,1,69.9
000000000000000000000837,4152,3,93.9
000000000000000000000837,3123,2,24.9
000000000000000000000838,2569,3,189.0
000000000000000000000839,480,2,12.0
000000000000000000000839,3914,1,46.0
00000000000000000000083a,3887,1,334.0
00000000000000000000083b,4549,1,69.9
00000000000000000000083b,3235,2,949.0
00000000000000000000083c,4746,2,529.0
00000000000000000000083d,4868,3,35.5
00000000000000000000083e,2050,2,659.0
00000000000000000000083e,1466,2,1549.0
00000000000000000000083e,385,3,3449.0
00000000000000000000083e,2403,2,549.0
00000000000000000000083f,3363,2,379.0
00000000000000000000083f,410,2,1349.0
000000000000000000000840,2984,2,1299.0
000000000000000000000841,2528,1,349.9
000000000000000000000841,2613,1,2799.0
000000000000000000000842,3028,2,115.0
000000000000000000000843,2757,1,4259.0
000000000000000000000843,2370,2,249.0
000000000000000000000843,444,3,32.0
000000000000000000000844,3486,1,1799.0
000000000000000000000845,3703,2,539.0
000000000000000000000845,3508,2,239.99
000000000000000000000845,3919,1,54.9
000000000000000000000845,3883,2,75.0
000000000000000000000846,819,1,1199.9
000000000000000000000847,4236,1,134.0
000000000000000000000847,3181,1,42.99
000000000000000000000848,3245,3,899.0
000000000000000000000848,3942,2,94.9
000000000000000000000849,2936,1,779.0
000000000000000000000849,3638,2,1149.0
00000000000000000000084a,3482,3,1199.0
00000000000000000000084a,624,1,63.9
00000000000000000000084a,1207,1,325.91
00000000000000000000084b,3524,2,39.99
00000000000000000000084c,4540,2,49.9
00000000000000000000084d,1433,3,1399.0
00000000000000000000084d,2538,3,199.0
00000000000000000000084d,1048,3,620.0
00000000000000000000084d,1011,1,3222.22
00000000000000000000084e,3517,2,209.0
00000000000000000000084f,1613,1,1599.0
00000000000000000000084f,629,1,199.0
00000000000000000000084f,913,1,1249.0
000000000000000000000850,4025,3,23.9
000000000000000000000850,5086,1,199.0
000000000000000000000851,2405,3,369.0
000000000000000000000852,4548,3,49.9
000000000000000000000853,104,3,419.0
000000000000000000000854,342,1,1099.0
000000000000000000000854,2089,2,129.0
000000000000000000000854,2695,3,3999.0
000000000000000000000854,1593,1,1659.0
000000000000000000000855,1880,1,70.0
000000000000000000000855,2712,2,2499.0
000000000000000000000856,3247,2,5.9
000000000000000000000856,3609,3,1199.0
000000000000000000000857,2285,2,599.0
000000000000000000000857,2082,2,32.9
000000000000000000000857,2084,2,39.7
000000000000000000000857,2945,1,979.0
000000000000000000000858,3893,3,66.9
000000000000000000000858,4938,1,18.7
000000000000000000000859,4881,1,129.0
00000000000000000000085a,3163,3,639.0
00000000000000000000085a,5097,2,89.9
00000000000000000000085a,4653,3,160.0
00000000000000000000085b,2577,2,1750.0
00000000000000000000085c,1127,1,304.9
00000000000000000000085c,2080,1,230.0
00000000000000000000085c,3088,1,1638.0
00000000000000000000085d,1434,1,1619.0
00000000000000000000085d,2194,3,237.0
00000000000000000000085d,1083,3,102.9
00000000000000000000085e,846,1,685.56
00000000000000000000085e,1237,3,189.9
00000000000000000000085f,4642,3,289.0
00000000000000000000085f,1722,1,1789.0
00000000000000000000085f,1413,3,199.0
00000000000000000000085f,4236,3,134.0
000000000000000000000860,123,1,3999.0
000000000000000000000860,1517,1,399.0
000000000000000000000860,1885,1,199.0
000000000000000000000861,245,3,3099.0
000000000000000000000862,997,1,2499.0
000000000000000000000862,92,2,399.0
000000000000000000000862,4488,1,55.9
000000000000000000000863,2371,3,609.0
000000000000000000000863,2616,1,3999.0
000000000000000000000863,1999,3,499.0
000000000000000000000864,4509,2,49.9
000000000000000000000864,1133,2,3129.0
000000000000000000000864,1598,2,1299.0
000000000000000000000865,1627,3,1049.0
000000000000000000000866,29,3,599.0
000000000000000000000866,3032,3,115.0
000000000000000000000866,2286,2,799.0
000000000000000000000866,2699,2,1149.0
000000000000000000000867,3195,2,399.0
000000000000000000000867,3458,1,489.0
000000000000000000000868,709,3,681.9
000000000000000000000869,13,1,529.0
000000000000000000000869,3662,2,52.9
000000000000000000000869,4438,3,149.9
000000000000000000000869,2654,3,1599.0
00000000000000000000086a,4602,1,91.0
00000000000000000000086b,4649,3,179.0
00000000000000000000086c,4424,3,59.9
00000000000000000000086c,3551,3,529.0
00000000000000000000086d,3976,1,74.4
00000000000000000000086d,5033,2,199.0
00000000000000000000086d,596,3,99.99
00000000000000000000086d,2983,2,399.9
00000000000000000000086e,192,1,2949.0
00000000000000000000086e,4872,1,119.0
00000000000000000000086e,1940,1,619.0
00000000000000000000086f,5170,3,175.0
00000000000000000000086f,4277,3,250.0
000000000000000000000870,48,2,459.0
000000000000000000000870,4683,1,145.0
000000000000000000000871,965,2,22.9
000000000000000000000872,3155,1,490.0
000000000000000000000872,4933,1,29.9
000000000000000000000873,753,3,1309.0
000000000000000000000874,1155,3,49.8
000000000000000000000875,2166,3,90.0
000000000000000000000876,2406,2,979.0
000000000000000000000877,4735,1,101.34
000000000000000000000878,148,3,1179.0
000000000000000000000878,408,2,849.9
000000000000000000000878,520,1,59.0
000000000000000000000879,1731,2,1889.0
000000000000000000000879,1115,2,799.0
00000000000000000000087a,2294,1,154.9
00000000000000000000087a,42,2,499.0
00000000000000000000087a,479,3,12.0
00000000000000000000087b,3708,1,29.9
00000000000000000000087b,1970,1,449.99
00000000000000000000087c,3057,1,2299.0
00000000000000000000087c,52,2,399.0
00000000000000000000087c,3945,3,311.0
00000000000000000000087c,540,3,20.0
00000000000000000000087d,9,3,55.0
00000000000000000000087e,3502,1,1799.0
00000000000000000000087f,4666,1,118.0
000000000000000000000880,121,2,3099.0
000000000000000000000880,38,2,519.0
000000000000000000000881,2559,3,378.9
000000000000000000000881,4603,2,91.0
000000000000000000000882,3385,3,649.9
000000000000000000000882,4859,3,69.9
000000000000000000000883,3869,1,19.9
000000000000000000000884,3885,1,199.0
000000000000000000000884,1657,1,1198.0
000000000000000000000884,2547,3,289.99
000000000000000000000884,4411,1,69.9
000000000000000000000885,3304,3,1349.0
000000000000000000000885,1817,1,129.0
000000000000000000000886,4293,2,119.9
000000000000000000000886,1983,1,286.0
000000000000000000000887,3517,1,209.0
000000000000000000000887,3669,3,14.5
000000000000000000000888,4124,1,94.9
000000000000000000000888,1600,2,1529.0
000000000000000000000888,4483,1,49.9
000000000000000000000888,2488,2,1550.0
000000000000000000000889,1130,1,379.0
000000000000000000000889,4426,2,205.0
00000000000000000000088a,3224,3,112.9
00000000000000000000088a,2950,2,879.0
00000000000000000000088a,3679,2,9.9
00000000000000000000088b,80,3,369.0
00000000000000000000088c,4042,3,23.9
00000000000000000000088d,1914,1,649.0
00000000000000000000088e,777,2,699.0
00000000000000000000088e,4924,2,99.0
00000000000000000000088e,157,3,1449.0
00000000000000000000088e,1166,2,140.68
00000000000000000000088f,3327,2,429.0
00000000000000000000088f,5088,1,650680.0
000000000000000000000890,6,3,449.9
000000000000000000000890,678,1,139.0
000000000000000000000891,488,1,39.0
000000000000000000000892,910,2,999.0
000000000000000000000893,4819,2,1099.0
000000000000000000000893,2127,1,159.0
000000000000000000000893,3606,2,899.0
000000000000000000000893,5060,2,265.0
000000000000000000000894,1058,3,839.0
000000000000000000000894,3799,1,124.0
000000000000000000000894,4874,2,59.9
000000000000000000000895,539,2,45.5
000000000000000000000895,395,3,479.0
000000000000000000000895,80,3,369.0
000000000000000000000895,3217,1,19.9
000000000000000000000896,2273,2,149.0
000000000000000000000897,2329,1,1439.0
000000000000000000000897,528,3,1233.9
000000000000000000000898,2760,3,5789.0
000000000000000000000898,5042,2,1280.0
000000000000000000000898,5052,2,159.0
000000000000000000000898,1428,1,1800.0
000000000000000000000899,579,1,93.9
00000000000000000000089a,158,2,1799.0
00000000000000000000089b,4479,2,44.95
00000000000000000000089c,4104,3,107.0
00000000000000000000089c,2188,1,270.0
00000000000000000000089c,1027,3,579.0
00000000000000000000089c,1785,2,729.0
00000000000000000000089d,3217,2,19.9
00000000000000000000089e,1786,1,719.0
00000000000000000000089f,2565,1,949.0
00000000000000000000089f,2090,2,129.0
00000000000000000000089f,1066,1,349.9
00000000000000000000089f,3205,2,8.69
0000000000000000000008a0,4692,1,149.0
0000000000000000000008a0,1225,1,249.0
0000000000000000000008a1,3456,2,499.0
0000000000000000000008a1,381,1,2999.0
0000000000000000000008a2,1991,1,1049.0
0000000000000000000008a2,115,1,529.0
0000000000000000000008a3,54,3,399.0
0000000000000000000008a3,2307,2,309.9
0000000000000000000008a4,4449,2,119.9
0000000000000000000008a4,3696,3,295.0
0000000000000000000008a5,2554,1,74.9
0000000000000000000008a5,1373,1,265.0
0000000000000000000008a5,3238,1,94.9
0000000000000000000008a6,1159,2,340.0
0000000000000000000008a6,3749,3,25.0
0000000000000000000008a6,3032,1,115.0
0000000000000000000008a7,1033,2,599.99
0000000000000000000008a7,9,1,55.0
0000000000000000000008a8,1549,2,1136.0
0000000000000000000008a9,1401,3,399.0
0000000000000000000008a9,554,1,179.0
0000000000000000000008a9,2889,3,699.0
0000000000000000000008aa,3554,1,529.0
0000000000000000000008aa,872,3,590.0
0000000000000000000008ab,4822,2,471.8
0000000000000000000008ac,772,3,1729.0
0000000000000000000008ac,3128,1,280.0
0000000000000000000008ac,4555,3,64.0
0000000000000000000008ad,4947,1,35.9
0000000000000000000008ad,1770,3,899.0
0000000000000000000008ae,1413,2,199.0
0000000000000000000008ae,4171,2,329.0
0000000000000000000008af,1132,1,359.9
0000000000000000000008af,1378,1,1659.0
0000000000000000000008af,3906,1,89.5
0000000000000000000008af,1332,3,369.0
0000000000000000000008b0,1274,1,69.9
0000000000000000000008b1,1079,3,290.0
0000000000000000000008b1,4300,1,149.9
0000000000000000000008b2,1608,3,1599.0
0000000000000000000008b2,84,1,469.0
0000000000000000000008b3,2270,1,159.0
0000000000000000000008b3,1223,3,105.5
0000000000000000000008b3,1795,2,129.9
0000000000000000000008b3,1075,2,619.0
0000000000000000000008b4,1589,1,1399.0
0000000000000000000008b5,386,2,7999.0
0000000000000000000008b6,4874,1,59.9
0000000000000000000008b7,787,1,789.0
0000000000000000000008b7,5007,1,60.0
0000000000000000000008b7,4402,3,479.9
0000000000000000000008b7,1838,1,2599.0
0000000000000000000008b8,3098,1,1390.0
0000000000000000000008b8,4982,1,89.0
0000000000000000000008b9,4434,2,449.9
0000000000000000000008ba,1664,1,1038.0
0000000000000000000008bb,3020,2,800.0
0000000000000000000008bb,3422,2,22.9
0000000000000000000008bc,1254,3,150.0
0000000000000000000008bc,690,2,99.0
0000000000000000000008bc,4673,2,169.0
0000000000000000000008bd,297,2,699.0
0000000000000000000008be,1545,3,1489.0
0000000000000000000008be,1841,2,799.0
0000000000000000000008bf,1061,2,919.0
0000000000000000000008bf,1384,1,329.0
0000000000000000000008c0,3367,3,779.0
0000000000000000000008c1,2184,1,2090.0
0000000000000000000008c1,1240,3,150.0
0000000000000000000008c2,4039,3,23.9
0000000000000000000008c2,4868,3,35.5
0000000000000000000008c3,694,3,879.0
0000000000000000000008c3,4922,2,99.0
0000000000000000000008c3,4677,2,34.9
0000000000000000000008c4,2308,2,299.0
0000000000000000000008c4,3776,3,109.0
0000000000000000000008c4,1530,1,949.0
0000000000000000000008c5,285,3,909.0
0000000000000000000008c5,1974,2,244.0
0000000000000000000008c5,636,3,155.0
0000000000000000000008c5,645,3,85.0
0000000000000000000008c6,3825,3,189.0
0000000000000000000008c7,3716,2,190.0
0000000000000000000008c8,2749,1,3599.0
0000000000000000000008c8,1634,2,3499.9
0000000000000000000008c8,2954,2,249.9
0000000000000000000008c9,4872,2,119.0
0000000000000000000008c9,4119,1,111.9
0000000000000000000008c9,3132,2,79.9
0000000000000000000008c9,521,1,12.0
0000000000000000000008ca,65,2,375.0
0000000000000000000008ca,4692,3,149.0
0000000000000000000008cb,3270,3,2299.0
0000000000000000000008cc,3660,1,74.9
0000000000000000000008cd,3015,3,800.0
0000000000000000000008ce,2343,3,110.0
0000000000000000000008ce,432,1,79.0
0000000000000000000008ce,2170,1,60.5
0000000000000000000008ce,4461,1,249.0
0000000000000000000008cf,1749,3,1099.0
0000000000000000000008cf,458,2,44.5
0000000000000000000008cf,3710,1,93.0
0000000000000000000008d0,1000,2,1590.0
0000000000000000000008d1,651,1,211.19
0000000000000000000008d1,3018,3,800.0
0000000000000000000008d1,4498,2,49.9
0000000000000000000008d1,3659,2,29.9
0000000000000000000008d2,1444,2,400.0
0000000000000000000008d2,3547,2,529.0
0000000000000000000008d2,4141,2,35.0
0000000000000000000008d3,1590,3,1409.0
0000000000000000000008d4,3367,3,779.0
0000000000000000000008d4,2798,1,3369.0
0000000000000000000008d5,2654,1,1599.0
0000000000000000000008d5,3332,1,799.0
0000000000000000000008d6,5156,3,139.9
0000000000000000000008d6,2926,1,419.0
0000000000000000000008d6,1250,1,229.9
0000000000000000000008d6,3599,2,24.5
0000000000000000000008d7,1246,2,218.9
0000000000000000000008d8,3794,3,84.0
0000000000000000000008d9,4700,3,93.9
0000000000000000000008da,5141,2,2600.0
0000000000000000000008da,712,1,512.0
0000000000000000000008db,1263,3,431.9
0000000000000000000008dc,4716,2,36.0
0000000000000000000008dc,5171,1,1399.0
0000000000000000000008dd,1747,1,190.0
0000000000000000000008dd,1923,1,1899.0
0000000000000000000008dd,1216,3,209.0
0000000000000000000008de,4943,1,54.9
0000000000000000000008de,4981,2,89.0
0000000000000000000008de,1428,2,1800.0
0000000000000000000008df,1848,2,129.0
0000000000000000000008df,1059,2,588.9
0000000000000000000008df,1857,1,639.0
0000000000000000000008e0,4516,1,49.9
0000000000000000000008e0,3762,2,55.9
0000000000000000000008e0,374,3,2299.0
0000000000000000000008e0,4190,2,279.9
0000000000000000000008e1,1638,1,1299.0
0000000000000000000008e1,3123,1,24.9
0000000000000000000008e1,317,2,425.9
0000000000000000000008e2,4574,3,45.9
0000000000000000000008e3,5164,3,1399.0
0000000000000000000008e3,3562,2,52.0
0000000000000000000008e4,2152,1,89.0
0000000000000000000008e5,1323,3,189.9
0000000000000000000008e6,1262,2,329.0
0000000000000000000008e7,5172,3,70.0
0000000000000000000008e7,1509,2,2399.0
0000000000000000000008e7,1464,2,1549.0
0000000000000000000008e8,404,2,479.0
0000000000000000000008e9,2005,3,925.0
0000000000000000000008e9,547,1,45.0
0000000000000000000008e9,940,2,1060.0
0000000000000000000008ea,2583,1,195.0
0000000000000000000008eb,112,3,529.0
0000000000000000000008ec,2350,1,64.9
0000000000000000000008ec,3272,3,1389.0
0000000000000000000008ed,2268,2,139.0
0000000000000000000008ee,552,3,169.0
0000000000000000000008ee,3018,2,800.0
0000000000000000000008ee,709,1,681.9
0000000000000000000008ee,3508,1,239.99
0000000000000000000008ef,4666,3,118.0
0000000000000000000008f0,3694,2,290.0
0000000000000000000008f0,4483,2,49.9
0000000000000000000008f1,1383,2,339.0
0000000000000000000008f2,736,1,2999.0
0000000000000000000008f3,5082,3,820.0
0000000000000000000008f3,3306,3,1699.0
0000000000000000000008f3,3791,2,24.9
0000000000000000000008f3,4358,2,103.9
0000000000000000000008f4,4019,2,23.9
0000000000000000000008f5,3190,3,619.9
0000000000000000000008f6,4381,2,239.95
0000000000000000000008f6,5093,2,470.0
0000000000000000000008f6,3893,1,66.9
0000000000000000000008f6,4463,3,129.0
0000000000000000000008f7,4937,1,38.39
0000000000000000000008f8,4737,1,699.5
0000000000000000000008f8,2744,1,3199.0
0000000000000000000008f8,1489,1,1789.0
0000000000000000000008f8,1911,1,1419.0
0000000000000000000008f9,3098,2,1390.0
0000000000000000000008f9,2231,3,266.9
0000000000000000000008fa,10,3,529.0
0000000000000000000008fa,1150,2,99.9
0000000000000000000008fa,3448,2,1499.0
0000000000000000000008fb,4690,3,179.0
0000000000000000000008fb,3669,2,14.5
0000000000000000000008fc,2848,2,3999.0
0000000000000000000008fd,2002,2,309.0
0000000000000000000008fe,2232,3,295.0
0000000000000000000008fe,4629,1,79.9
0000000000000000000008fe,3495,2,1799.0
0000000000000000000008ff,3115,1,64.9
000000000000000000000900,1469,1,1464.0
000000000000000000000900,3015,1,800.0
000000000000000000000900,2866,3,699.0
000000000000000000000901,642,2,319.0
000000000000000000000902,2748,2,4799.0
000000000000000000000902,5012,2,32.9
000000000000000000000902,3224,2,112.9
000000000000000000000903,2394,3,259.0
000000000000000000000903,1814,2,1119.0
000000000000000000000903,2519,1,599.0
000000000000000000000904,4826,3,170.5
000000000000000000000904,2004,2,829.0
000000000000000000000904,4977,2,55.0
000000000000000000000904,1987,3,679.0
000000000000000000000905,4308,3,129.9
000000000000000000000906,2689,3,4732.0
000000000000000000000907,4368,1,200.0
000000000000000000000907,4280,1,77.4
000000000000000000000907,4773,1,74.9
000000000000000000000907,2209,1,99.0
000000000000000000000908,1420,1,359.0
000000000000000000000909,4249,2,124.9
000000000000000000000909,2849,3,699.0
000000000000000000000909,1579,3,1028.0
00000000000000000000090a,1030,1,229.0
00000000000000000000090b,3126,3,280.0
00000000000000000000090b,526,3,26.99
00000000000000000000090b,1216,1,209.0
00000000000000000000090c,941,1,677.0
00000000000000000000090d,4874,1,59.9
00000000000000000000090d,3209,2,9.99
00000000000000000000090e,3525,3,39.99
00000000000000000000090e,647,3,329.9
00000000000000000000090f,2125,3,89.95
000000000000000000000910,4512,2,49.9
000000000000000000000910,3040,1,3599.0
000000000000000000000910,394,1,699.0
000000000000000000000910,1677,2,1329.9
000000000000000000000911,3748,2,28.0
000000000000000000000912,3693,3,59.9
000000000000000000000913,4426,3,205.0
000000000000000000000913,230,3,5890.0
000000000000000000000913,268,2,1298.0
000000000000000000000914,4773,1,74.9
000000000000000000000915,2344,2,110.9
000000000000000000000915,528,2,1233.9
000000000000000000000916,1871,3,449.0
000000000000000000000917,4581,3,58.0
000000000000000000000918,1307,1,302.9
000000000000000000000918,1630,3,1298.0
000000000000000000000918,1647,1,1959.0
000000000000000000000919,4700,1,93.9
00000000000000000000091a,3345,2,839.0
00000000000000000000091b,2992,2,3889.0
00000000000000000000091b,88,1,469.0
00000000000000000000091b,3585,2,165.0
00000000000000000000091c,465,3,189.9
00000000000000000000091c,1422,2,1299.0
00000000000000000000091c,2278,1,339.0
00000000000000000000091d,4556,1,64.0
00000000000000000000091d,2117,1,39.0
00000000000000000000091d,3995,1,25.9
00000000000000000000091e,4426,2,205.0
00000000000000000000091f,1336,1,219.4
000000000000000000000920,3389,2,109.0
000000000000000000000921,3902,2,69.0
000000000000000000000921,4057,2,59.9
000000000000000000000921,2631,1,1259.0
000000000000000000000922,410,1,1349.0
000000000000000000000922,3165,3,70.0
000000000000000000000922,2948,2,209.9
000000000000000000000922,4437,1,399.9
000000000000000000000923,526,2,26.99
000000000000000000000923,1474,3,1480.0
000000000000000000000923,1275,1,119.9
000000000000000000000924,4373,2,108.9
000000000000000000000925,3977,2,309.0
000000000000000000000925,2041,3,429.0
000000000000000000000925,5139,1,3829.0
000000000000000000000925,1538,1,906.0
000000000000000000000926,4207,1,461.3
000000000000000000000926,344,3,1099.0
000000000000000000000927,606,1,119.0
000000000000000000000927,3723,2,70.0
000000000000000000000928,2888,3,286.9
000000000000000000000928,849,3,1199.0
000000000000000000000929,897,1,795.0
000000000000000000000929,4047,1,84.0
000000000000000000000929,836,1,799.0
00000000000000000000092a,3723,1,70.0
00000000000000000000092b,1444,2,400.0
00000000000000000000092c,1576,3,1199.0
00000000000000000000092c,1600,3,1529.0
00000000000000000000092c,13,1,529.0
00000000000000000000092d,4249,2,124.9
00000000000000000000092e,1362,2,999.0
00000000000000000000092e,85,3,469.0
00000000000000000000092f,2566,3,899.0
00000000000000000000092f,1553,2,1349.0
000000000000000000000930,1714,3,1299.0
000000000000000000000930,1311,3,89.0
000000000000000000000931,1397,2,2199.0
000000000000000000000931,1311,3,89.0
000000000000000000000932,1162,1,479.9
000000000000000000000932,4953,1,87.0
000000000000000000000933,959,2,1299.0
000000000000000000000933,585,2,184.0
000000000000000000000934,3571,2,140.9
000000000000000000000934,2002,3,309.0
000000000000000000000935,1474,2,1480.0
000000000000000000000935,351,2,1799.0
000000000000000000000936,4516,1,49.9
000000000000000000000936,2783,1,2799.0
000000000000000000000937,4702,3,279.0
000000000000000000000938,686,1,155.9
000000000000000000000938,1449,1,1945.9
000000000000000000000938,1244,1,349.9
000000000000000000000939,4410,3,49.9
000000000000000000000939,1259,2,379.0
000000000000000000000939,3568,3,140.9
00000000000000000000093a,899,2,1699.0
00000000000000000000093a,4349,3,84.95
00000000000000000000093a,2677,3,1799.0
00000000000000000000093b,8,1,699.0
00000000000000000000093b,349,3,1049.0
00000000000000000000093b,3181,3,42.99
00000000000000000000093c,2570,3,59.0
00000000000000000000093d,3272,3,1389.0
00000000000000000000093e,1477,1,1850.0
00000000000000000000093f,1584,1,2159.0
000000000000000000000940,4358,1,103.9
000000000000000000000940,1778,2,899.0
000000000000000000000941,917,3,820.0
000000000000000000000941,738,2,749.0
000000000000000000000941,3859,1,134.9
000000000000000000000942,4316,3,115.7
000000000000000000000942,791,1,1269.0
000000000000000000000943,3539,2,329.0
000000000000000000000944,2850,1,3999.0
000000000000000000000945,790,1,1049.0
000000000000000000000946,4338,1,559.9
000000000000000000000947,5046,1,125.0
000000000000000000000947,1401,1,399.0
000000000000000000000947,4625,2,394.9
000000000000000000000947,5010,2,319.0
000000000000000000000948,1861,3,419.0
000000000000000000000948,1453,3,249.9
000000000000000000000948,4554,2,45.9
000000000000000000000948,1695,3,709.0
000000000000000000000949,683,2,160.9
000000000000000000000949,4143,3,107.9
00000000000000000000094a,3727,1,70.0
00000000000000000000094b,610,1,609.0
00000000000000000000094c,1249,3,226.9
00000000000000000000094c,813,3,367.0
00000000000000000000094c,4429,1,119.99
00000000000000000000094d,2666,2,1349.0
00000000000000000000094d,163,2,1349.0
00000000000000000000094e,1369,3,1849.0
00000000000000000000094e,52,1,399.0
00000000000000000000094e,4410,3,49.9
00000000000000000000094f,3643,1,170.0
00000000000000000000094f,3357,2,629.0
000000000000000000000950,4369,3,103.9
000000000000000000000950,2024,3,849.0
000000000000000000000951,1235,3,99.0
000000000000000000000951,3202,2,22.9
000000000000000000000951,3088,3,1638.0
000000000000000000000951,3020,2,800.0
000000000000000000000952,3672,1,129.0
000000000000000000000953,1832,3,599.0
000000000000000000000954,1119,1,314.9
000000000000000000000954,4746,2,529.0
000000000000000000000954,4980,2,89.0
000000000000000000000955,2495,2,259.0
000000000000000000000955,516,3,59.0
000000000000000000000956,3747,2,65.0
000000000000000000000956,2515,3,17.0
000000000000000000000956,4080,2,42.9
000000000000000000000957,4171,1,329.0
000000000000000000000958,1987,2,679.0
000000000000000000000958,2368,3,329.0
000000000000000000000959,4369,2,103.9
000000000000000000000959,876,2,1200.0
00000000000000000000095a,4956,1,86.9
00000000000000000000095b,1401,1,399.0
00000000000000000000095c,321,3,489.0
00000000000000000000095c,3250,3,9.9
00000000000000000000095c,3279,1,1.0
00000000000000000000095c,2375,1,499.0
00000000000000000000095d,856,1,622.0
00000000000000000000095e,338,2,1329.0
00000000000000000000095e,2703,3,1149.0
00000000000000000000095e,3953,3,19.95
00000000000000000000095f,869,2,639.0
00000000000000000000095f,4533,1,49.9
00000000000000000000095f,2848,1,3999.0
000000000000000000000960,1744,1,1999.0
000000000000000000000961,4887,2,19.0
000000000000000000000962,796,3,1119.0
000000000000000000000963,2411,2,78.0
000000000000000000000963,3539,3,329.0
000000000000000000000964,4349,1,84.95
000000000000000000000964,3868,2,19.9
000000000000000000000965,1007,1,2500.0
000000000000000000000965,390,2,6999.0
000000000000000000000966,355,2,3099.0
000000000000000000000966,3223,2,131.9
000000000000000000000967,3066,1,1500.0
000000000000000000000967,1351,2,84.9
000000000000000000000967,2465,1,40.0
000000000000000000000968,3574,1,59.0
000000000000000000000968,3914,2,46.0
000000000000000000000969,65,2,375.0
00000000000000000000096a,241,2,1760.0
00000000000000000000096a,2119,2,89.9
00000000000000000000096b,1826,3,249.0
00000000000000000000096c,2561,2,39.99
00000000000000000000096c,51,1,399.0
00000000000000000000096d,4882,1,129.0
00000000000000000000096e,557,3,149.0
00000000000000000000096e,3870,2,102.9
00000000000000000000096e,1941,2,239.0
00000000000000000000096e,1173,1,133.86
00000000000000000000096f,4553,3,45.9
00000000000000000000096f,2630,3,2519.9
000000000000000000000970,2837,1,3399.0
000000000000000000000971,3017,3,690.0
000000000000000000000972,387,2,399.0
000000000000000000000972,2976,3,1859.0
000000000000000000000973,3000,3,500.0
000000000000000000000974,2424,1,609.0
000000000000000000000974,919,2,1199.0
000000000000000000000974,3779,3,169.9
000000000000000000000975,4941,1,69.9
000000000000000000000976,1023,3,530.0
000000000000000000000977,4270,3,184.0
000000000000000000000978,1435,1,7909.0
000000000000000000000978,4562,2,53.91
000000000000000000000979,4546,2,49.9
00000000000000000000097a,2505,2,320.0
00000000000000000000097a,3348,3,629.0
00000000000000000000097b,4194,3,209.3
00000000000000000000097c,3126,2,280.0
00000000000000000000097d,3257,1,1139.9
00000000000000000000097d,4824,2,684.3
00000000000000000000097e,3081,2,679.0
00000000000000000000097e,5154,2,449.0
00000000000000000000097f,238,1,3599.0
00000000000000000000097f,303,1,794.0
000000000000000000000980,1917,3,1299.9
000000000000000000000981,4277,2,250.0
000000000000000000000981,2380,1,29.0
000000000000000000000982,2438,3,199.0
000000000000000000000982,5073,2,340.0
000000000000000000000982,5039,3,93.9
000000000000000000000983,4017,2,23.9
000000000000000000000983,2692,3,5198.0
000000000000000000000983,4678,1,99.0
000000000000000000000984,586,2,159.0
000000000000000000000985,2452,1,259.0
000000000000000000000985,4333,3,119.9
000000000000000000000985,4428,3,119.99
000000000000000000000986,4757,2,135.0
000000000000000000000986,4335,1,639.9
000000000000000000000986,2452,2,259.0
000000000000000000000986,2152,1,89.0
000000000000000000000987,859,3,399.0
000000000000000000000987,680,1,149.0
000000000000000000000987,1493,1,1688.0
000000000000000000000987,1783,3,96.0
000000000000000000000988,4736,2,101.34
000000000000000000000988,2014,3,8.0
000000000000000000000988,4996,1,78.9
000000000000000000000989,5057,1,430.0
000000000000000000000989,4693,1,195.0
000000000000000000000989,5164,2,1399.0
00000000000000000000098a,3465,1,42.9
00000000000000000000098a,4794,2,669.0
00000000000000000000098a,1702,1,759.0
00000000000000000000098b,3807,1,82.0
00000000000000000000098b,98,1,539.0
00000000000000000000098b,2609,3,2879.0
00000000000000000000098c,4789,1,479.0
00000000000000000000098d,2519,1,599.0
00000000000000000000098d,1102,1,914.9
00000000000000000000098d,2582,3,195.0
00000000000000000000098d,2864,2,899.0
00000000000000000000098e,4115,2,91.8
00000000000000000000098e,1008,2,963.0
00000000000000000000098e,350,1,3999.0
00000000000000000000098f,2812,2,4539.0
00000000000000000000098f,4350,1,139.9
000000000000000000000990,2857,3,599.0
000000000000000000000991,5069,1,370.0
000000000000000000000992,2392,2,589.0
000000000000000000000993,1962,3,389.0
000000000000000000000993,4791,1,509.0
000000000000000000000993,3993,2,25.9
000000000000000000000994,5026,1,79.0
000000000000000000000995,3744,1,159.0
000000000000000000000995,231,3,5890.0
000000000000000000000996,2043,2,475.0
000000000000000000000997,3377,1,1229.0
000000000000000000000998,2649,3,2160.0
000000000000000000000998,1678,2,949.0
000000000000000000000998,2743,2,4139.0
000000000000000000000998,4387,2,125.93
000000000000000000000999,4480,1,44.95
000000000000000000000999,11,2,529.0
00000000000000000000099a,1101,3,269.0
00000000000000000000099b,4333,1,119.9
00000000000000000000099b,4744,3,530.8
00000000000000000000099c,368,2,399.0
00000000000000000000099c,3428,2,1099.0
00000000000000000000099d,30,1,599.0
00000000000000000000099d,4667,1,141.9
00000000000000000000099e,2209,2,99.0
00000000000000000000099e,2621,1,1299.0
00000000000000000000099f,3717,2,28.9
00000000000000000000099f,1113,1,2799.0
0000000000000000000009a0,4588,2,54.9
0000000000000000000009a0,982,2,950.0
0000000000000000000009a0,866,3,48310.0
0000000000000000000009a1,4283,3,83.4
0000000000000000000009a1,533,2,99.0
0000000000000000000009a2,1823,2,169.0
0000000000000000000009a2,1918,2,1649.9
0000000000000000000009a2,1757,2,74.9
0000000000000000000009a2,3316,1,749.0
0000000000000000000009a3,924,2,589.99
0000000000000000000009a4,1047,2,630.9
0000000000000000000009a5,556,3,179.0
0000000000000000000009a5,1396,1,349.0
0000000000000000000009a5,1906,3,849.0
0000000000000000000009a5,697,3,79.0
0000000000000000000009a6,464,3,189.9
0000000000000000000009a7,1763,1,899.0
0000000000000000000009a8,488,2,39.0
0000000000000000000009a8,5091,3,485.0
0000000000000000000009a9,2270,3,159.0
0000000000000000000009aa,3194,3,54.0
0000000000000000000009aa,2096,2,299.0
0000000000000000000009ab,1181,1,28.9
0000000000000000000009ab,1520,2,2149.0
0000000000000000000009ab,2373,3,713.9
0000000000000000000009ac,5095,1,520.0
0000000000000000000009ac,423,1,24.5
0000000000000000000009ad,3891,1,59.9
0000000000000000000009ae,1241,1,149.9
0000000000000000000009af,3393,3,109.0
0000000000000000000009af,1111,2,473.9
0000000000000000000009af,575,1,1549.0
0000000000000000000009b0,4956,1,86.9
0000000000000000000009b0,2565,1,949.0
0000000000000000000009b1,213,2,949.0
0000000000000000000009b1,3780,1,89.0
0000000000000000000009b1,1772,1,899.0
0000000000000000000009b1,5041,1,93.9
0000000000000000000009b2,3119,1,399.9
0000000000000000000009b2,4640,3,95.0
0000000000000000000009b3,983,1,1599.0
0000000000000000000009b4,917,3,820.0
0000000000000000000009b4,4064,1,69.0
0000000000000000000009b4,909,3,519.0
0000000000000000000009b5,2510,2,89.9
0000000000000000000009b5,2007,1,289.9
0000000000000000000009b6,1080,1,199.9
0000000000000000000009b7,1759,3,74.9
0000000000000000000009b8,2500,2,729.9
0000000000000000000009b8,3655,1,239.0
0000000000000000000009b9,2893,1,989.0
0000000000000000000009b9,2588,1,1747.0
0000000000000000000009ba,2459,1,60.0
0000000000000000000009ba,4565,3,34.3
0000000000000000000009bb,2874,2,889.0
0000000000000000000009bb,918,1,1490.9
0000000000000000000009bc,4400,2,299.9
0000000000000000000009bc,4764,3,649.0
0000000000000000000009bc,745,2,589.0
0000000000000000000009bc,1399,3,4999.0
0000000000000000000009bd,4555,2,64.0
0000000000000000000009be,3798,2,59.9
0000000000000000000009bf,2121,1,39.9
0000000000000000000009c0,4625,2,394.9
0000000000000000000009c0,898,2,743.0
0000000000000000000009c0,4685,3,149.0
0000000000000000000009c0,267,3,2896.0
0000000000000000000009c1,4335,2,639.9
0000000000000000000009c1,1652,3,1429.0
0000000000000000000009c2,2283,2,599.0
0000000000000000000009c2,4427,2,49.9
0000000000000000000009c2,2204,2,469.0
0000000000000000000009c2,4177,1,119.9
0000000000000000000009c3,2248,1,369.0
0000000000000000000009c3,3537,1,329.0
0000000000000000000009c4,4028,3,23.9
0000000000000000000009c5,1706,1,799.0
0000000000000000000009c6,2390,3,609.0
0000000000000000000009c7,28,3,599.0
0000000000000000000009c7,4229,3,96.9
0000000000000000000009c8,22,1,599.0
0000000000000000000009c9,5143,1,139.9
0000000000000000000009c9,1248,3,144.9
0000000000000000000009c9,1926,2,1089.0
0000000000000000000009ca,4729,2,624.0
0000000000000000000009ca,3767,1,99.9
0000000000000000000009ca,5061,3,300.0
0000000000000000000009ca,367,3,999.0
0000000000000000000009cb,4487,2,55.9
0000000000000000000009cb,3484,1,1949.0
0000000000000000000009cb,3933,1,109.9
0000000000000000000009cb,2114,1,109.0
0000000000000000000009cc,1796,2,129.9
0000000000000000000009cc,2041,1,429.0
0000000000000000000009cd,788,3,819.0
0000000000000000000009ce,2123,3,194.0
0000000000000000000009ce,2702,1,1149.0
0000000000000000000009cf,2129,3,159.0
0000000000000000000009d0,3368,1,779.0
0000000000000000000009d1,4768,3,39.0
0000000000000000000009d2,4510,1,49.9
0000000000000000000009d3,4417,1,79.9
0000000000000000000009d3,751,1,419.0
0000000000000000000009d3,4154,3,75.38
0000000000000000000009d4,1223,3,105.5
0000000000000000000009d4,3204,2,226.9
0000000000000000000009d4,1153,3,447.0
0000000000000000000009d4,276,1,5099.0
0000000000000000000009d5,2937,3,999.9
0000000000000000000009d6,3723,1,70.0
0000000000000000000009d7,4520,1,49.9
0000000000000000000009d7,2720,3,1649.0
0000000000000000000009d7,879,2,350.0
0000000000000000000009d7,4498,1,49.9
0000000000000000000009d8,2350,1,64.9
0000000000000000000009d8,3257,1,1139.9
0000000000000000000009d9,193,1,3129.0
0000000000000000000009d9,441,1,25.5
0000000000000000000009da,1440,1,530.0
0000000000000000000009db,734,1,919.0
0000000000000000000009dc,3518,2,209.0
0000000000000000000009dd,377,2,3099.0
0000000000000000000009de,2457,3,199.0
0000000000000000000009de,3137,1,979.0
0000000000000000000009de,207,2,3279.0
0000000000000000000009de,878,1,1589.0
0000000000000000000009df,2533,1,179.0
0000000000000000000009df,4029,2,23.9
0000000000000000000009df,1220,3,133.9
0000000000000000000009df,2126,2,149.0
0000000000000000000009e0,832,2,999.0
0000000000000000000009e0,1034,2,749.9
0000000000000000000009e0,3759,1,139.0
0000000000000000000009e0,1502,3,449.9
0000000000000000000009e1,3279,1,1.0
0000000000000000000009e1,1251,3,217.9
0000000000000000000009e1,1066,2,349.9
0000000000000000000009e1,2262,2,279.9
0000000000000000000009e2,2404,1,1098.0
0000000000000000000009e2,3878,3,59.9
0000000000000000000009e2,3827,1,79.0
0000000000000000000009e3,892,2,669.0
0000000000000000000009e3,4181,3,118.3
0000000000000000000009e4,2228,1,160.0
0000000000000000000009e5,905,1,1049.0
0000000000000000000009e5,1236,2,169.9
0000000000000000000009e6,2104,3,78.0
0000000000000000000009e7,721,3,1300.0
0000000000000000000009e7,1014,3,599.0
0000000000000000000009e7,829,3,899.0
0000000000000000000009e8,2041,1,429.0
0000000000000000000009e9,2356,3,35.9
0000000000000000000009e9,4100,1,149.9
0000000000000000000009ea,3320,1,1299.0
0000000000000000000009ea,2128,2,159.0
0000000000000000000009eb,3040,2,3599.0
0000000000000000000009ec,241,1,1760.0
0000000000000000000009ed,1964,1,299.0
0000000000000000000009ed,4069,1,180.0
0000000000000000000009ee,1660,1,1889.0
0000000000000000000009ee,1337,3,219.4
0000000000000000000009ee,512,2,1149.0
0000000000000000000009ee,1652,3,1429.0
0000000000000000000009ef,2262,1,279.9
0000000000000000000009f0,1972,3,389.0
0000000000000000000009f0,877,1,429.0
0000000000000000000009f0,4067,3,199.0
0000000000000000000009f1,860,1,6614.79
0000000000000000000009f1,5164,2,1399.0
0000000000000000000009f1,3179,3,99.0
0000000000000000000009f2,4767,3,73.9
0000000000000000000009f3,2988,1,2709.0
0000000000000000000009f4,4343,1,149.9
0000000000000000000009f5,3635,3,5.9
0000000000000000000009f5,4282,1,77.4
0000000000000000000009f6,3834,1,64.9
0000000000000000000009f6,918,2,1490.9
0000000000000000000009f6,3404,1,4049.0
0000000000000000000009f7,1267,3,50.9
0000000000000000000009f7,1064,3,1039.0
0000000000000000000009f7,1662,2,800.0
0000000000000000000009f7,4881,2,129.0
0000000000000000000009f8,1858,1,459.0
0000000000000000000009f9,2350,3,64.9
0000000000000000000009fa,4101,1,49.9
0000000000000000000009fa,258,1,3849.0
0000000000000000000009fb,3238,1,94.9
0000000000000000000009fc,3150,3,299.0
0000000000000000000009fc,4936,2,35.9
0000000000000000000009fc,3133,2,149.9
0000000000000000000009fd,2921,2,729.9
0000000000000000000009fd,544,3,19.9
0000000000000000000009fe,1164,2,200.0
0000000000000000000009fe,733,1,919.0
0000000000000000000009ff,37,2,519.0
000000000000000000000a00,1283,3,406.9
000000000000000000000a00,2311,3,89.0
000000000000000000000a00,1736,3,939.0
000000000000000000000a01,2399,3,499.0
000000000000000000000a02,4921,2,13.0
000000000000000000000a02,612,1,1299.0
000000000000000000000a02,127,1,2529.0
000000000000000000000a03,4507,2,49.9
000000000000000000000a03,3180,3,44.9
000000000000000000000a03,2383,1,309.0
000000000000000000000a04,4506,1,49.9
000000000000000000000a05,3446,3,1099.0
000000000000000000000a05,2127,3,159.0
000000000000000000000a05,1274,2,69.9
000000000000000000000a05,4019,1,23.9
000000000000000000000a06,626,2,1359.0
000000000000000000000a07,4611,3,77.0
000000000000000000000a07,4078,1,42.9
000000000000000000000a08,4904,1,45.0
000000000000000000000a08,3784,3,50.9
000000000000000000000a08,1318,2,89.0
000000000000000000000a09,3464,1,5199.0
000000000000000000000a09,3790,1,50.9
000000000000000000000a09,3839,2,65.0
000000000000000000000a0a,3800,2,99.99
000000000000000000000a0a,1004,2,658.0
000000000000000000000a0a,2963,3,999.0
000000000000000000000a0b,502,1,29.0
000000000000000000000a0b,1774,2,899.0
000000000000000000000a0c,2429,3,149.0
000000000000000000000a0c,598,2,409.9
000000000000000000000a0c,2472,3,389.0
000000000000000000000a0d,2127,2,159.0
000000000000000000000a0e,4229,2,96.9
000000000000000000000a0f,3091,3,490.0
000000000000000000000a10,1706,2,799.0
000000000000000000000a10,4494,3,55.9
000000000000000000000a10,3285,1,1099.0
000000000000000000000a10,3899,2,178.0
000000000000000000000a11,4976,3,55.0
000000000000000000000a11,427,3,109.9
000000000000000000000a11,3330,1,1299.0
000000000000000000000a12,1915,1,999.0
000000000000000000000a12,1445,3,1399.9
000000000000000000000a13,209,3,2890.0
000000000000000000000a14,3426,3,1099.0
000000000000000000000a15,2109,2,441.0
000000000000000000000a15,73,1,345.0
000000000000000000000a16,4098,2,25.9
000000000000000000000a16,4878,3,56.0
000000000000000000000a16,3796,2,59.9
000000000000000000000a17,227,2,3599.0
000000000000000000000a17,1977,1,779.0
000000000000000000000a17,4317,1,179.4
000000000000000000000a18,1690,1,1049.0
000000000000000000000a18,1477,3,1850.0
000000000000000000000a19,615,2,209.0
000000000000000000000a1a,4029,1,23.9
000000000000000000000a1b,2368,2,329.0
000000000000000000000a1c,849,2,1199.0
000000000000000000000a1d,1477,3,1850.0
000000000000000000000a1e,2181,1,75.2
000000000000000000000a1f,208,2,3279.0
000000000000000000000a1f,586,2,159.0
000000000000000000000a20,1590,1,1409.0
000000000000000000000a20,3651,2,109.0
000000000000000000000a21,3386,2,749.9
000000000000000000000a22,3610,2,1699.0
000000000000000000000a22,1310,2,74.9
000000000000000000000a22,4614,2,337.9
000000000000000000000a23,267,1,2896.0
000000000000000000000a23,3258,1,104.9
000000000000000000000a23,2664,2,1449.0
000000000000000000000a23,2131,3,249.0
000000000000000000000a24,1794,1,249.0
000000000000000000000a24,4954,1,87.0
000000000000000000000a25,713,3,512.0
000000000000000000000a25,1312,1,349.0
000000000000000000000a26,4614,2,337.9
000000000000000000000a26,3517,3,209.0
000000000000000000000a26,488,2,39.0
000000000000000000000a26,1028,2,218.0
000000000000000000000a27,2489,1,167.55
000000000000000000000a27,2916,3,999.0
000000000000000000000a28,5,3,475.0
000000000000000000000a29,2977,1,1499.0
000000000000000000000a29,3382,1,999.0
000000000000000000000a29,178,3,1699.0
000000000000000000000a2a,1360,1,454.9
000000000000000000000a2a,1526,2,701.0
000000000000000000000a2b,2290,3,719.0
000000000000000000000a2b,2123,3,194.0
000000000000000000000a2c,1577,1,1199.0
000000000000000000000a2d,1262,2,329.0
000000000000000000000a2e,1854,2,1099.0
000000000000000000000a2f,3317,3,1849.0
000000000000000000000a30,2012,1,295.0
000000000000000000000a30,1579,2,1028.0
000000000000000000000a31,4403,1,479.9
000000000000000000000a32,2208,2,45.2
000000000000000000000a33,3218,3,1249.0
000000000000000000000a33,2565,3,949.0
000000000000000000000a33,5012,1,32.9
000000000000000000000a34,617,2,49.89
000000000000000000000a34,3942,2,94.9
000000000000000000000a35,4877,2,52.9
000000000000000000000a36,802,1,929.0
000000000000000000000a36,4801,1,358.0
000000000000000000000a37,3284,1,1679.0
000000000000000000000a38,4168,3,299.9
000000000000000000000a39,5086,2,199.0
000000000000000000000a39,3488,1,2599.0
000000000000000000000a39,987,1,339.0
000000000000000000000a3a,2584,1,2054.0
000000000000000000000a3a,1126,1,304.9
000000000000000000000a3a,2216,3,69.9
000000000000000000000a3a,501,1,125.0
000000000000000000000a3b,771,2,1799.0
000000000000000000000a3c,405,3,789.0
000000000000000000000a3d,4960,1,86.9
000000000000000000000a3e,4111,3,15.0
000000000000000000000a3e,4467,3,199.9
000000000000000000000a3e,1936,2,465.0
000000000000000000000a3e,2084,3,39.7
000000000000000000000a3f,4447,2,229.9
000000000000000000000a40,1712,1,949.0
000000000000000000000a41,2933,3,999.0
000000000000000000000a42,3550,1,529.0
000000000000000000000a42,2253,3,104.9
000000000000000000000a43,4436,2,89.9
000000000000000000000a43,1408,3,999.0
000000000000000000000a44,4161,2,159.9
000000000000000000000a45,1776,3,899.0
000000000000000000000a46,4551,1,99.9
000000000000000000000a47,2890,1,989.0
000000000000000000000a47,3324,2,2349.0
000000000000000000000a48,105,1,799.0
000000000000000000000a48,743,1,799.0
000000000000000000000a48,1389,2,3399.0
000000000000000000000a49,4961,1,86.9
000000000000000000000a49,3421,3,999.0
000000000000000000000a49,3232,2,499.9
000000000000000000000a4a,432,2,79.0
000000000000000000000a4a,4758,1,159.0
000000000000000000000a4a,2960,1,989.0
000000000000000000000a4b,5035,3,103.9
000000000000000000000a4b,614,1,179.0
000000000000000000000a4b,409,3,1349.0
000000000000000000000a4c,2441,2,319.0
000000000000000000000a4d,3440,3,89.0
000000000000000000000a4d,175,1,3099.0
000000000000000000000a4e,3425,2,849.0
000000000000000000000a4e,450,2,165.0
000000000000000000000a4f,2900,3,9999.9
000000000000000000000a4f,85,2,469.0
000000000000000000000a4f,121,1,3099.0
000000000000000000000a50,1202,1,255.9
000000000000000000000a50,1827,1,249.0
000000000000000000000a50,912,2,509.0
000000000000000000000a51,764,2,2189.0
000000000000000000000a52,2357,1,50.9
000000000000000000000a53,3182,2,163.9
000000000000000000000a53,4288,2,79.0
000000000000000000000a54,1708,2,799.0
000000000000000000000a54,2057,1,349.0
000000000000000000000a54,4952,3,87.0
000000000000000000000a55,2787,3,99.0
000000000000000000000a55,820,3,1049.0
000000000000000000000a56,4626,1,394.9
000000000000000000000a56,1547,2,9990.0
000000000000000000000a57,2521,2,1599.0
000000000000000000000a58,3510,2,349.0
000000000000000000000a59,89,2,409.0
000000000000000000000a59,1356,2,74.9
000000000000000000000a5a,4652,2,169.0
000000000000000000000a5a,340,3,1298.0
000000000000000000000a5b,100,1,539.0
000000000000000000000a5c,2195,1,289.0
000000000000000000000a5c,1429,2,3120.0
000000000000000000000a5d,267,3,2896.0
000000000000000000000a5e,4004,3,25.9
000000000000000000000a5f,4281,2,77.4
000000000000000000000a5f,2146,1,139.0
000000000000000000000a60,2879,2,799.0
000000000000000000000a60,3405,2,4699.0
000000000000000000000a60,2101,1,85.9
000000000000000000000a61,551,3,16.0
000000000000000000000a61,3013,2,66.0
000000000000000000000a61,2433,3,29.9
000000000000000000000a61,714,3,1599.0
000000000000000000000a62,1368,1,1699.0
000000000000000000000a62,4726,1,93.9
000000000000000000000a63,4605,1,85.0
000000000000000000000a63,3155,2,490.0
000000000000000000000a64,300,1,3499.0
000000000000000000000a65,1731,2,1889.0
000000000000000000000a65,222,2,2099.0
000000000000000000000a66,986,1,319.0
000000000000000000000a66,4490,1,55.9
000000000000000000000a67,2304,3,589.0
000000000000000000000a67,666,2,1179.0
000000000000000000000a67,5033,3,199.0
000000000000000000000a67,133,3,3359.0
000000000000000000000a68,383,2,3719.0
000000000000000000000a68,3173,1,169.0
000000000000000000000a69,5062,2,69.0
000000000000000000000a69,4127,2,35.0
000000000000000000000a6a,2480,1,35.0
000000000000000000000a6a,4678,1,99.0
000000000000000000000a6a,1131,3,89.9
000000000000000000000a6b,637,3,189.0
000000000000000000000a6b,4466,3,119.0
000000000000000000000a6b,3289,2,419.0
000000000000000000000a6c,3295,3,1249.0
000000000000000000000a6c,1335,1,119.0
000000000000000000000a6c,4734,2,101.34
000000000000000000000a6d,657,1,99.0
000000000000000000000a6d,4642,2,289.0
000000000000000000000a6d,4396,1,349.9
000000000000000000000a6e,1912,2,229.0
000000000000000000000a6e,3799,3,124.0
000000000000000000000a6e,741,1,1550.0
000000000000000000000a6f,4812,2,78.9
000000000000000000000a70,1921,3,219.9
000000000000000000000a70,714,1,1599.0
000000000000000000000a71,926,2,1999.0
000000000000000000000a71,2313,3,999.9
000000000000000000000a72,521,2,12.0
000000000000000000000a72,5054,3,159.0
000000000000000000000a73,2225,3,130.0
000000000000000000000a73,1901,3,119.0
000000000000000000000a74,618,3,157.9
000000000000000000000a74,3817,3,70.0
000000000000000000000a75,3088,3,1638.0
000000000000000000000a76,425,2,1379.0
000000000000000000000a76,844,3,949.0
000000000000000000000a77,4187,1,230.3
000000000000000000000a77,764,2,2189.0
000000000000000000000a77,2692,1,5198.0
000000000000000000000a77,13,1,529.0
000000000000000000000a78,349,1,1049.0
000000000000000000000a78,3656,1,239.0
000000000000000000000a79,3295,3,1249.0
000000000000000000000a79,1231,1,369.0
000000000000000000000a7a,4314,3,135.0
000000000000000000000a7a,2673,1,4449.0
000000000000000000000a7a,248,2,1729.0
000000000000000000000a7b,1507,1,2598.0
000000000000000000000a7b,3826,1,105.0
000000000000000000000a7b,5172,2,70.0
000000000000000000000a7b,2258,3,329.9
000000000000000000000a7c,3153,2,149.9
000000000000000000000a7c,903,2,769.0
000000000000000000000a7c,1405,2,385.0
000000000000000000000a7d,984,2,359.0
000000000000000000000a7e,2168,2,59.1
000000000000000000000a7f,2737,3,3829.0
000000000000000000000a7f,4276,2,250.0
000000000000000000000a80,1169,3,378.18
000000000000000000000a80,2444,2,249.0
000000000000000000000a80,1330,1,2589.0
000000000000000000000a81,3757,1,69.0
000000000000000000000a81,2984,3,1299.0
000000000000000000000a81,2037,2,148.9
000000000000000000000a81,74,3,345.0
000000000000000000000a82,3087,3,490.0
000000000000000000000a83,2608,1,3959.0
000000000000000000000a84,3481,2,1199.0
000000000000000000000a85,2281,2,179.0
000000000000000000000a85,134,3,2659.0
000000000000000000000a85,1992,2,900.0
000000000000000000000a86,4670,2,99.0
000000000000000000000a87,1619,1,1699.0
000000000000000000000a87,1042,2,619.0
000000000000000000000a88,4795,1,369.0
000000000000000000000a88,604,2,339.99
000000000000000000000a89,414,2,2705.0
000000000000000000000a8a,1056,2,849.0
000000000000000000000a8a,91,2,399.0
000000000000000000000a8b,1450,2,299.9
000000000000000000000a8b,1550,2,1029.0
000000000000000000000a8c,1265,3,499.0
000000000000000000000a8c,4817,3,149.0
000000000000000000000a8d,3912,3,42.0
000000000000000000000a8d,3276,2,2099.0
000000000000000000000a8d,4555,3,64.0
000000000000000000000a8e,995,1,1501.0
000000000000000000000a8f,2024,1,849.0
000000000000000000000a8f,784,3,1999.0
000000000000000000000a8f,2682,3,1849.0
000000000000000000000a90,3297,1,259.0
000000000000000000000a90,81,2,389.0
000000000000000000000a90,241,2,1760.0
000000000000000000000a90,37,1,519.0
000000000000000000000a91,5054,3,159.0
000000000000000000000a92,2329,1,1439.0
000000000000000000000a92,4621,2,192.5
000000000000000000000a92,580,1,449.0
000000000000000000000a93,4453,2,108.9
000000000000000000000a94,3144,3,19.9
000000000000000000000a94,2435,3,114.9
000000000000000000000a94,1309,3,463.9
000000000000000000000a95,1497,1,1699.0
000000000000000000000a96,3508,2,239.99
000000000000000000000a96,4986,3,69.0
000000000000000000000a96,839,3,799.0
000000000000000000000a96,5099,2,259.0
000000000000000000000a97,279,1,899.0
000000000000000000000a97,3032,1,115.0
000000000000000000000a97,3296,1,939.0
000000000000000000000a97,4375,2,103.9
000000000000000000000a98,3351,3,929.0
000000000000000000000a98,824,2,560.0
000000000000000000000a99,56,2,279.0
000000000000000000000a99,2537,2,169.0
000000000000000000000a99,2031,2,179.99
000000000000000000000a9a,3950,2,239.0
000000000000000000000a9a,5069,2,370.0
000000000000000000000a9b,601,2,129.0
000000000000000000000a9b,4066,1,39.9
000000000000000000000a9c,1202,3,255.9
000000000000000000000a9c,2733,3,3319.0
000000000000000000000a9c,5096,1,199.9
000000000000000000000a9c,4783,3,388.64
000000000000000000000a9d,1507,2,2598.0
000000000000000000000a9e,1,2,479.0
000000000000000000000a9e,2220,2,93.9
000000000000000000000a9f,2583,3,195.0
000000000000000000000a9f,539,2,45.5
000000000000000000000a9f,43,2,529.0
000000000000000000000aa0,4566,1,34.3
000000000000000000000aa0,2927,2,1009.0
000000000000000000000aa1,643,2,259.0
000000000000000000000aa1,2196,2,299.0
000000000000000000000aa2,2901,1,819.0
000000000000000000000aa2,4169,2,329.0
000000000000000000000aa3,3702,2,409.0
000000000000000000000aa4,959,2,1299.0
000000000000000000000aa5,4816,1,179.0
000000000000000000000aa6,961,1,199.0
000000000000000000000aa6,4421,1,69.9
000000000000000000000aa6,2264,3,419.9
000000000000000000000aa7,198,2,3259.0
000000000000000000000aa7,1713,2,1499.0
000000000000000000000aa7,4822,1,471.8
000000000000000000000aa8,4457,3,55.3
000000000000000000000aa9,4376,1,114.99
000000000000000000000aa9,4428,1,119.99
000000000000000000000aaa,3131,1,429.0
000000000000000000000aaa,2315,1,289.0
000000000000000000000aaa,3583,3,165.0
000000000000000000000aaa,4918,1,39.9
000000000000000000000aab,3838,2,60.9
000000000000000000000aab,2458,1,60.0
000000000000000000000aac,4142,3,79.9
000000000000000000000aac,4958,2,86.9
000000000000000000000aad,5040,3,93.9
000000000000000000000aad,760,3,2899.0
000000000000000000000aae,1636,3,1689.0
000000000000000000000aaf,4401,2,239.0
000000000000000000000ab0,978,1,539.0
000000000000000000000ab1,1302,2,319.0
000000000000000000000ab1,1203,1,255.9
000000000000000000000ab1,149,3,1149.0
000000000000000000000ab2,2282,2,219.0
000000000000000000000ab3,1128,1,304.9
000000000000000000000ab3,1612,2,1599.0
000000000000000000000ab4,1998,3,549.0
000000000000000000000ab5,1084,2,65.9
000000000000000000000ab5,3338,3,2399.0
000000000000000000000ab5,1473,3,1690.0
000000000000000000000ab5,2034,2,369.0
000000000000000000000ab6,604,1,339.99
000000000000000000000ab6,4380,1,249.95
000000000000000000000ab6,2468,2,309.0
000000000000000000000ab7,4235,1,150.0
000000000000000000000ab7,3288,2,339.0
000000000000000000000ab7,397,1,479.0
000000000000000000000ab7,2709,1,1999.9
000000000000000000000ab8,4350,3,139.9
000000000000000000000ab9,4815,1,179.0
000000000000000000000ab9,989,1,959.0
000000000000000000000aba,1944,2,259.0
000000000000000000000aba,237,1,3899.0
000000000000000000000aba,1173,1,133.86
000000000000000000000abb,4657,2,309.0
000000000000000000000abb,3830,1,199.0
000000000000000000000abb,4895,1,90.0
000000000000000000000abc,4370,2,103.9
000000000000000000000abd,2636,3,2699.0
000000000000000000000abd,2112,1,38.0
000000000000000000000abd,2240,1,243.9
000000000000000000000abd,5163,2,365.0
000000000000000000000abe,1845,3,1859.0
000000000000000000000abe,4210,1,139.3
000000000000000000000abe,742,3,1800.0
000000000000000000000abe,1019,3,420.0
000000000000000000000abf,2322,2,1259.9
000000000000000000000abf,2319,2,199.0
000000000000000000000ac0,4042,3,23.9
000000000000000000000ac1,3346,1,599.0
000000000000000000000ac2,86,2,469.0
000000000000000000000ac3,1612,2,1599.0
000000000000000000000ac4,1631,3,1499.0
000000000000000000000ac5,770,2,2609.0
000000000000000000000ac5,2589,1,2361.0
000000000000000000000ac6,2476,1,28.9
000000000000000000000ac7,3076,2,86.9
000000000000000000000ac8,3831,1,229.0
000000000000000000000ac8,4781,2,194.29
000000000000000000000ac9,4299,2,249.95
000000000000000000000ac9,4716,2,36.0
000000000000000000000ac9,4355,3,329.95
000000000000000000000aca,3182,3,163.9
000000000000000000000aca,1009,1,1150.0
000000000000000000000acb,4584,2,54.9
000000000000000000000acb,3769,3,138.0
000000000000000000000acc,3918,2,199.0
000000000000000000000acc,3884,1,39.9
000000000000000000000acc,727,1,527.0
000000000000000000000acc,4441,3,399.9
000000000000000000000acd,1982,1,259.0
000000000000000000000acd,1778,1,899.0
000000000000000000000ace,3317,2,1849.0
000000000000000000000acf,1343,2,180.0
000000000000000000000ad0,2116,2,42.0
000000000000000000000ad0,1355,2,89.9
000000000000000000000ad1,2771,1,919.0
000000000000000000000ad1,1153,1,447.0
000000000000000000000ad1,383,3,3719.0
000000000000000000000ad2,5054,1,159.0
000000000000000000000ad3,2433,2,29.9
000000000000000000000ad4,3959,2,169.0
000000000000000000000ad5,1040,1,589.0
000000000000000000000ad5,3187,2,49.9
000000000000000000000ad6,1812,1,169.9
000000000000000000000ad7,1749,3,1099.0
000000000000000000000ad7,1268,3,833.86
000000000000000000000ad7,1510,1,1999.0
000000000000000000000ad7,3544,1,329.0
000000000000000000000ad8,4148,2,45.0
000000000000000000000ad8,277,2,2599.0
000000000000000000000ad9,4576,2,49.9
000000000000000000000ada,4125,2,64.9
000000000000000000000adb,2438,1,199.0
000000000000000000000adb,440,2,29.99
000000000000000000000adc,3006,2,520.0
000000000000000000000adc,4148,2,45.0
000000000000000000000adc,1369,2,1849.0
000000000000000000000add,113,3,529.0
000000000000000000000add,328,2,449.0
000000000000000000000add,2008,1,429.9
000000000000000000000ade,2150,2,179.0
000000000000000000000ade,3373,3,1199.0
000000000000000000000ade,582,2,119.0
000000000000000000000adf,1783,3,96.0
000000000000000000000ae0,2276,2,199.0
000000000000000000000ae0,4901,3,189.9
000000000000000000000ae0,634,3,155.0
000000000000000000000ae1,117,3,1189.0
000000000000000000000ae1,2311,3,89.0
000000000000000000000ae1,4893,1,39.9
000000000000000000000ae2,1080,3,199.9
000000000000000000000ae3,1286,3,100.0
000000000000000000000ae4,855,3,659.0
000000000000000000000ae4,2700,2,1149.0
000000000000000000000ae5,1495,2,1860.0
000000000000000000000ae5,3690,3,1519.9
000000000000000000000ae6,4351,2,139.9
000000000000000000000ae6,2492,1,244.99
000000000000000000000ae6,4078,3,42.9
000000000000000000000ae7,527,3,24.0
000000000000000000000ae7,4206,3,461.3
000000000000000000000ae8,3958,2,169.0
000000000000000000000ae8,474,3,120.0
000000000000000000000ae9,632,3,149.0
000000000000000000000aea,3831,3,229.0
000000000000000000000aea,4711,3,219.99
000000000000000000000aeb,3636,2,399.0
000000000000000000000aeb,5108,3,259.0
000000000000000000000aec,31,3,399.0
000000000000000000000aed,4449,1,119.9
000000000000000000000aee,811,2,329.0
000000000000000000000aef,2276,2,199.0
000000000000000000000aef,2708,3,1999.9
000000000000000000000af0,2885,2,789.0
000000000000000000000af0,819,2,1199.9
000000000000000000000af0,1411,2,799.0
000000000000000000000af1,3400,3,640.0
000000000000000000000af2,2891,2,989.0
000000000000000000000af2,2092,1,129.0
000000000000000000000af3,4197,3,159.2
000000000000000000000af4,3331,3,1549.0
000000000000000000000af5,344,1,1099.0
000000000000000000000af5,521,1,12.0
000000000000000000000af5,3708,2,29.9
000000000000000000000af6,1739,3,1699.0
000000000000000000000af7,4429,1,119.99
000000000000000000000af7,5010,1,319.0
000000000000000000000af7,4381,3,239.95
000000000000000000000af8,100,2,539.0
000000000000000000000af8,4784,3,219.0
000000000000000000000af9,1106,1,450.0
000000000000000000000af9,2235,3,243.9
000000000000000000000af9,2758,2,4259.0
000000000000000000000afa,2604,1,4669.0
000000000000000000000afb,4174,1,212.0
000000000000000000000afc,155,3,1049.0
000000000000000000000afc,2759,3,6899.0
000000000000000000000afd,5055,2,320.0
000000000000000000000afe,738,3,749.0
000000000000000000000afe,2899,1,979.0
000000000000000000000afe,4346,2,139.9
000000000000000000000aff,2558,1,369.0
000000000000000000000b00,4363,2,108.9
000000000000000000000b00,3579,2,100.0
000000000000000000000b01,3485,3,1899.0
000000000000000000000b02,4104,3,107.0
000000000000000000000b03,4214,3,179.0
000000000000000000000b03,2265,2,399.9
000000000000000000000b03,869,1,639.0
000000000000000000000b04,2954,3,249.9
000000000000000000000b05,3937,3,59.9
000000000000000000000b05,2397,1,539.0
000000000000000000000b06,1490,3,1688.0
000000000000000000000b07,4339,1,559.9
000000000000000000000b08,2964,2,769.0
000000000000000000000b08,2785,2,528.9
000000000000000000000b08,4614,3,337.9
000000000000000000000b09,3770,3,138.0
000000000000000000000b0a,221,2,1649.0
000000000000000000000b0a,1242,3,93.9
000000000000000000000b0a,1403,3,559.0
000000000000000000000b0a,1868,1,449.0
000000000000000000000b0b,2235,3,243.9
000000000000000000000b0c,3818,2,70.0
000000000000000000000b0d,2572,3,139.9
000000000000000000000b0d,1660,3,1889.0
000000000000000000000b0e,326,3,399.9
000000000000000000000b0e,3707,1,30.99
000000000000000000000b0f,476,3,85.0
000000000000000000000b0f,4570,2,27.3
000000000000000000000b10,4506,1,49.9
000000000000000000000b11,1275,3,119.9
000000000000000000000b11,139,2,2679.0
000000000000000000000b12,5175,3,629.91
000000000000000000000b13,4480,1,44.95
000000000000000000000b13,818,3,399.0
000000000000000000000b14,1097,3,1699.0
000000000000000000000b14,218,2,2099.0
000000000000000000000b15,971,1,669.0
000000000000000000000b16,1180,3,189.9
000000000000000000000b16,3176,3,299.9
000000000000000000000b17,3578,3,100.0
000000000000000000000b17,2489,2,167.55
000000000000000000000b18,3771,3,188.0
000000000000000000000b18,4187,2,230.3
000000000000000000000b19,3655,1,239.0
000000000000000000000b1a,1787,2,1039.0
000000000000000000000b1a,821,2,1259.0
000000000000000000000b1a,2646,3,1699.0
000000000000000000000b1b,767,3,2189.0
000000000000000000000b1c,2296,1,159.0
000000000000000000000b1c,2158,2,310.0
000000000000000000000b1d,2528,2,349.9
000000000000000000000b1e,2644,3,2499.0
000000000000000000000b1e,404,2,479.0
000000000000000000000b1e,1626,1,2599.0
000000000000000000000b1e,3282,2,1.0
000000000000000000000b1f,307,3,869.0
000000000000000000000b1f,4775,2,899.0
000000000000000000000b20,1165,3,139.0
000000000000000000000b20,1902,2,128.0
000000000000000000000b20,2479,2,35.0
000000000000000000000b21,2404,1,1098.0
000000000000000000000b21,203,2,3279.0
000000000000000000000b22,1786,1,719.0
000000000000000000000b23,976,3,1100.0
000000000000000000000b23,2909,2,989.0
000000000000000000000b24,1914,3,649.0
000000000000000000000b24,856,2,622.0
000000000000000000000b25,727,2,527.0
000000000000000000000b26,1858,1,459.0
000000000000000000000b26,1857,2,639.0
000000000000000000000b26,1435,3,7909.0
000000000000000000000b26,2459,2,60.0
000000000000000000000b27,3546,2,529.0
000000000000000000000b28,3858,1,93.9
000000000000000000000b28,2086,3,179.0
000000000000000000000b28,3185,1,29.0
000000000000000000000b29,5138,2,299.9
000000000000000000000b29,3990,3,99.0
000000000000000000000b2a,2759,1,6899.0
000000000000000000000b2a,108,1,615.0
000000000000000000000b2b,2349,1,64.9
000000000000000000000b2c,480,3,12.0
000000000000000000000b2d,2358,3,59.9
000000000000000000000b2d,212,3,1700.0
000000000000000000000b2d,1053,1,1099.0
000000000000000000000b2e,235,3,8309.0
000000000000000000000b2e,1242,1,93.9
000000000000000000000b2e,3480,3,1199.0
000000000000000000000b2e,2850,3,3999.0
000000000000000000000b2f,1546,2,1489.0
000000000000000000000b2f,3405,2,4699.0
000000000000000000000b30,639,1,140.0
000000000000000000000b30,13,2,529.0
000000000000000000000b31,1049,1,749.9
000000000000000000000b32,593,3,329.0
000000000000000000000b32,1711,2,1049.0
000000000000000000000b33,133,1,3359.0
000000000000000000000b34,2262,1,279.9
000000000000000000000b34,3307,2,1799.0
000000000000000000000b35,2491,2,229.0
000000000000000000000b36,902,1,745.0
000000000000000000000b36,4503,2,49.9
000000000000000000000b36,3144,1,19.9
000000000000000000000b37,3125,2,109.9
000000000000000000000b37,5017,3,109.9
000000000000000000000b37,2744,1,3199.0
000000000000000000000b38,2447,1,219.0
000000000000000000000b38,4980,1,89.0
000000000000000000000b38,369,3,469.0
000000000000000000000b39,1707,2,799.0
000000000000000000000b3a,1153,1,447.0
000000000000000000000b3b,1976,1,259.0
000000000000000000000b3b,1913,2,1599.0
000000000000000000000b3c,3951,2,209.0
000000000000000000000b3d,4820,2,1799.0
000000000000000000000b3e,67,2,375.0
000000000000000000000b3f,3481,3,1199.0
000000000000000000000b3f,777,1,699.0
000000000000000000000b40,4391,2,179.99
000000000000000000000b41,532,2,32.9
000000000000000000000b42,122,3,3099.0
000000000000000000000b42,3981,2,58.9
000000000000000000000b42,4494,1,55.9
000000000000000000000b42,636,1,155.0
000000000000000000000b43,2709,2,1999.9
000000000000000000000b44,3505,3,490.0
000000000000000000000b45,2157,1,259.2
000000000000000000000b46,445,1,25.0
000000000000000000000b47,155,2,1049.0
000000000000000000000b47,2675,3,4449.0
000000000000000000000b47,1132,1,359.9
000000000000000000000b47,1378,1,1659.0
000000000000000000000b48,2581,1,195.0
000000000000000000000b49,3292,2,749.0
000000000000000000000b4a,1120,2,249.9
000000000000000000000b4b,1443,1,211.0
000000000000000000000b4c,933,3,1139.0
000000000000000000000b4c,1702,2,759.0
000000000000000000000b4c,2098,1,74.9
000000000000000000000b4d,4236,2,134.0
000000000000000000000b4e,2083,3,169.0
000000000000000000000b4e,2749,2,3599.0
000000000000000000000b4e,3373,2,1199.0
000000000000000000000b4f,2441,2,319.0
000000000000000000000b4f,4993,1,139.0
000000000000000000000b4f,3627,1,349.9
000000000000000000000b50,447,3,1799.0
000000000000000000000b51,3880,1,84.8
000000000000000000000b51,5121,2,650.0
000000000000000000000b52,1901,2,119.0
000000000000000000000b52,2919,1,1129.9
000000000000000000000b53,2724,3,931.0
000000000000000000000b54,3029,3,115.0
000000000000000000000b54,2018,2,249.0
000000000000000000000b54,4186,2,279.0
000000000000000000000b54,497,2,89.0
000000000000000000000b55,4765,3,849.0
000000000000000000000b56,3227,2,459.9
000000000000000000000b56,3558,1,239.0
000000000000000000000b56,2604,3,4669.0
000000000000000000000b56,1912,3,229.0
000000000000000000000b57,2778,1,3299.0
000000000000000000000b57,2047,2,799.0
000000000000000000000b58,4853,2,98.0
000000000000000000000b58,1235,1,99.0
000000000000000000000b59,5123,2,450.0
000000000000000000000b59,4482,1,39.95
000000000000000000000b59,1840,3,899.0
000000000000000000000b59,2655,2,1599.0
000000000000000000000b5a,215,1,949.0
000000000000000000000b5a,3383,2,1299.0
000000000000000000000b5b,5046,3,125.0
000000000000000000000b5b,4985,3,299.0
000000000000000000000b5c,3225,3,1919.9
000000000000000000000b5d,1706,2,799.0
000000000000000000000b5e,2244,2,257.0
000000000000000000000b5e,4394,3,39.9
000000000000000000000b5e,5027,3,210.0
000000000000000000000b5e,3471,1,185.0
000000000000000000000b5f,1080,1,199.9
000000000000000000000b60,3622,2,39.9
000000000000000000000b60,3252,3,1799.0
000000000000000000000b60,1507,2,2598.0
000000000000000000000b61,2430,2,65.0
000000000000000000000b62,1137,3,169.9
000000000000000000000b63,3240,3,119.0
000000000000000000000b64,3389,3,109.0
000000000000000000000b65,3699,2,10.9
000000000000000000000b65,210,3,5349.0
000000000000000000000b66,860,2,6614.79
000000000000000000000b67,2023,3,699.0
000000000000000000000b68,1898,2,689.0
000000000000000000000b69,1681,1,979.0
000000000000000000000b69,2242,2,257.0
000000000000000000000b69,4371,1,103.9
000000000000000000000b6a,583,3,119.0
000000000000000000000b6a,3557,1,331.9
000000000000000000000b6a,4044,1,80.0
000000000000000000000b6b,2318,3,199.0
000000000000000000000b6b,4738,3,723.35
000000000000000000000b6c,1324,3,12579.0
000000000000000000000b6c,317,3,425.9
000000000000000000000b6c,1234,2,93.9
000000000000000000000b6d,593,1,329.0
000000000000000000000b6d,5086,2,199.0
000000000000000000000b6d,4934,1,55.0
000000000000000000000b6d,325,1,599.0
000000000000000000000b6e,2140,1,229.0
000000000000000000000b6f,3917,3,78.5
000000000000000000000b70,4453,2,108.9
000000000000000000000b71,951,3,599.0
000000000000000000000b71,1666,1,1199.0
000000000000000000000b71,1108,3,749.0
000000000000000000000b72,3801,3,99.89
000000000000000000000b73,724,1,1799.0
000000000000000000000b73,2371,1,609.0
000000000000000000000b73,754,3,899.0
000000000000000000000b74,616,2,199.0
000000000000000000000b74,4978,3,169.0
000000000000000000000b74,1746,2,1589.0
000000000000000000000b74,3573,2,140.9
000000000000000000000b75,653,1,219.0
000000000000000000000b76,3105,3,179.9
000000000000000000000b76,1001,2,504.0
000000000000000000000b77,624,2,63.9
000000000000000000000b77,1946,1,259.0
000000000000000000000b77,676,2,169.0
000000000000000000000b78,3331,3,1549.0
000000000000000000000b79,4071,3,119.9
000000000000000000000b7a,533,3,99.0
000000000000000000000b7b,2941,2,219.9
000000000000000000000b7b,3490,3,1899.0
000000000000000000000b7c,251,3,6090.0
000000000000000000000b7c,3025,3,1200.0
000000000000000000000b7c,869,3,639.0
000000000000000000000b7c,4841,2,1920.0
000000000000000000000b7d,2983,3,399.9
000000000000000000000b7e,708,1,269.0
000000000000000000000b7e,3733,2,69.9
000000000000000000000b7f,3136,1,129.0
000000000000000000000b80,1823,1,169.0
000000000000000000000b81,2136,2,130.0
000000000000000000000b81,332,1,879.0
000000000000000000000b81,4194,1,209.3
000000000000000000000b82,484,1,74.9
000000000000000000000b82,2228,2,160.0
000000000000000000000b83,912,1,509.0
000000000000000000000b84,1214,1,1719.0
000000000000000000000b85,1275,1,119.9
000000000000000000000b85,4310,2,179.9
000000000000000000000b86,320,3,499.0
000000000000000000000b87,834,3,690.0
000000000000000000000b88,3630,1,61.9
000000000000000000000b89,3578,3,100.0
000000000000000000000b89,2370,3,249.0
000000000000000000000b89,964,3,370.0
000000000000000000000b8a,4295,1,104.99
000000000000000000000b8a,1969,3,449.99
000000000000000000000b8a,240,1,1760.0
000000000000000000000b8b,2699,3,1149.0
000000000000000000000b8b,1988,2,339.0
000000000000000000000b8b,2469,1,309.0
000000000000000000000b8b,633,3,149.0
000000000000000000000b8c,3359,2,1199.0
000000000000000000000b8c,3721,3,69.95
000000000000000000000b8d,4551,1,99.9
000000000000000000000b8d,5000,1,34.9
000000000000000000000b8e,205,2,3279.0
000000000000000000000b8e,1863,3,409.0
000000000000000000000b8f,5084,1,249.9
000000000000000000000b8f,3643,3,170.0
000000000000000000000b8f,2053,2,399.0
000000000000000000000b90,2822,2,2169.0
000000000000000000000b91,2280,3,648.9
000000000000000000000b91,1529,3,829.0
000000000000000000000b92,2442,1,359.0
000000000000000000000b92,2944,3,400.0
000000000000000000000b93,3183,2,219.9
000000000000000000000b93,2717,1,1999.0
000000000000000000000b93,3444,1,449.0
000000000000000000000b94,2608,1,3959.0
000000000000000000000b95,4815,3,179.0
000000000000000000000b96,3924,3,88.9
000000000000000000000b97,2469,2,309.0
000000000000000000000b98,75,3,345.0
000000000000000000000b98,4355,1,329.95
000000000000000000000b98,2311,1,89.0
000000000000000000000b99,262,1,2799.0
000000000000000000000b99,2244,2,257.0
000000000000000000000b9a,3264,3,519.0
000000000000000000000b9b,4792,1,599.0
000000000000000000000b9b,236,2,2185.0
000000000000000000000b9b,3148,3,37.9
000000000000000000000b9c,1960,1,269.0
000000000000000000000b9c,1745,3,1099.0
000000000000000000000b9d,1821,1,1589.0
000000000000000000000b9e,378,2,3099.0
000000000000000000000b9f,5057,3,430.0
000000000000000000000ba0,1074,2,1185.0
000000000000000000000ba0,217,1,4990.0
000000000000000000000ba1,1973,3,799.0
000000000000000000000ba2,41,1,499.0
000000000000000000000ba2,3246,2,24.9
000000000000000000000ba2,1813,1,639.0
000000000000000000000ba3,2475,2,30.0
000000000000000000000ba3,4356,1,103.9
000000000000000000000ba4,4723,1,64.9
000000000000000000000ba5,695,1,269.0
000000000000000000000ba5,4946,1,46.9
000000000000000000000ba6,3087,1,490.0
000000000000000000000ba6,1198,2,199.9
000000000000000000000ba7,3019,2,800.0
000000000000000000000ba8,1169,2,378.18
000000000000000000000ba8,1859,3,409.0
000000000000000000000ba8,4,1,459.0
000000000000000000000ba8,2341,1,480.0
000000000000000000000ba9,4379,2,112.9
000000000000000000000ba9,619,2,148.9
000000000000000000000baa,969,2,6401.11
000000000000000000000baa,5038,2,93.9
000000000000000000000bab,4088,2,49.9
000000000000000000000bab,3506,3,39.9
000000000000000000000bac,3425,1,849.0
000000000000000000000bac,549,1,50.0
000000000000000000000bad,451,3,155.0
000000000000000000000bad,3333,1,779.0
000000000000000000000bae,933,2,1139.0
000000000000000000000baf,3915,3,32.99
000000000000000000000bb0,1009,2,1150.0
000000000000000000000bb0,4417,3,79.9
000000000000000000000bb1,4200,1,199.0
000000000000000000000bb1,3012,2,58.0
000000000000000000000bb1,3393,1,109.0
000000000000000000000bb2,237,3,3899.0
000000000000000000000bb3,4407,3,129.9
000000000000000000000bb3,4626,1,394.9
000000000000000000000bb4,2823,3,1399.0
000000000000000000000bb5,3922,3,33.0
000000000000000000000bb6,4071,3,119.9
000000000000000000000bb6,3382,1,999.0
000000000000000000000bb6,2806,2,2999.0
000000000000000000000bb7,2252,3,104.9
000000000000000000000bb8,3219,2,129.0
000000000000000000000bb8,2399,2,499.0
000000000000000000000bb8,1508,1,3170.0
000000000000000000000bb9,2291,2,149.0
000000000000000000000bba,2994,2,2180.0
000000000000000000000bba,3214,2,14.9
000000000000000000000bbb,4823,1,199.0
000000000000000000000bbb,3489,1,1899.0
000000000000000000000bbc,178,3,1699.0
000000000000000000000bbc,2514,1,169.9
000000000000000000000bbc,3333,2,779.0
000000000000000000000bbd,3139,2,169.9
000000000000000000000bbd,4374,1,103.9
000000000000000000000bbe,3424,3,849.0
000000000000000000000bbe,4033,1,23.9
000000000000000000000bbe,1470,3,1464.0
000000000000000000000bbf,2207,1,44.9
000000000000000000000bc0,1525,2,1899.0
000000000000000000000bc0,1208,2,204.0
000000000000000000000bc0,1605,3,1499.0
000000000000000000000bc0,2398,3,349.0
000000000000000000000bc1,2826,2,799.0
000000000000000000000bc2,4258,2,101.94
000000000000000000000bc3,4340,1,299.95
000000000000000000000bc3,1098,2,439.0
000000000000000000000bc4,1582,3,1499.0
000000000000000000000bc4,3644,1,34.9
000000000000000000000bc4,1279,3,89.0
000000000000000000000bc5,3648,2,189.0
000000000000000000000bc5,97,1,429.0
000000000000000000000bc6,36,1,379.0
000000000000000000000bc6,925,1,750.0
000000000000000000000bc7,4244,2,287.2
000000000000000000000bc7,2394,1,259.0
000000000000000000000bc7,4124,2,94.9
000000000000000000000bc8,1741,2,1349.9
000000000000000000000bc9,4426,3,205.0
000000000000000000000bca,2749,3,3599.0
000000000000000000000bcb,4911,3,39.9
000000000000000000000bcb,1091,2,1089.9
000000000000000000000bcb,197,2,3609.0
000000000000000000000bcc,5093,2,470.0
000000000000000000000bcd,8,1,699.0
000000000000000000000bce,4347,3,139.9
000000000000000000000bcf,4292,3,169.9
000000000000000000000bd0,559,1,169.0
000000000000000000000bd1,4170,2,329.0
000000000000000000000bd2,845,3,1199.0
000000000000000000000bd2,2249,3,169.9
000000000000000000000bd3,345,3,1099.0
000000000000000000000bd4,3665,1,149.5
000000000000000000000bd5,4983,1,159.0
000000000000000000000bd6,4967,3,69.0
000000000000000000000bd6,4319,3,79.0
000000000000000000000bd7,2997,3,520.0
000000000000000000000bd8,4660,3,1619.0
000000000000000000000bd9,4271,1,98.0
000000000000000000000bd9,1655,2,1089.0
000000000000000000000bd9,1632,1,2099.0
000000000000000000000bda,4394,1,39.9
000000000000000000000bdb,3457,2,499.0
000000000000000000000bdb,2681,3,999.0
000000000000000000000bdc,4740,2,9.9
000000000000000000000bdc,4861,1,219.48
000000000000000000000bdc,4172,2,399.0
000000000000000000000bdc,1337,2,219.4
000000000000000000000bdd,355,1,3099.0
000000000000000000000bde,3973,1,74.4
000000000000000000000bde,4955,1,85.0
000000000000000000000bdf,1291,2,80.9
000000000000000000000be0,1819,1,849.9
000000000000000000000be0,2090,3,129.0
000000000000000000000be0,2595,2,4398.0
000000000000000000000be1,3037,1,350.0
000000000000000000000be1,2457,1,199.0
000000000000000000000be1,3494,1,1899.0
000000000000000000000be2,4623,1,192.5
000000000000000000000be2,3866,3,19.9
000000000000000000000be3,1368,2,1699.0
000000000000000000000be3,3964,2,349.0
000000000000000000000be4,4107,2,49.99
000000000000000000000be4,2397,1,539.0
000000000000000000000be4,1149,3,99.9
000000000000000000000be5,4937,1,38.39
000000000000000000000be6,2283,2,599.0
000000000000000000000be6,1154,3,2389.9
000000000000000000000be6,1585,2,1129.0
000000000000000000000be7,3961,1,269.0
000000000000000000000be7,3663,3,24.9
000000000000000000000be7,3848,3,61.9
000000000000000000000be8,888,2,489.0
000000000000000000000be8,3082,3,859.0
000000000000000000000be9,334,3,729.0
000000000000000000000be9,4975,3,29.9
000000000000000000000bea,132,3,2549.0
000000000000000000000bea,144,2,1159.0
000000000000000000000bea,5039,1,93.9
000000000000000000000beb,3112,3,89.9
000000000000000000000beb,2987,1,2039.0
000000000000000000000beb,1608,3,1599.0
000000000000000000000beb,3760,1,189.0
000000000000000000000bec,5110,3,289.0
000000000000000000000bed,3452,1,46.9
000000000000000000000bed,411,2,1098.0
000000000000000000000bee,788,1,819.0
000000000000000000000bef,4129,1,59.5
000000000000000000000bf0,3840,3,64.9
000000000000000000000bf0,2755,2,4029.0
000000000000000000000bf1,4100,3,149.9
000000000000000000000bf2,4674,2,158.0
000000000000000000000bf3,4140,3,24.8
000000000000000000000bf3,3385,1,649.9
000000000000000000000bf3,3174,1,409.0
000000000000000000000bf3,2324,1,109.9
000000000000000000000bf4,3340,2,3359.0
000000000000000000000bf4,3468,1,99.0
000000000000000000000bf5,4852,1,199.0
000000000000000000000bf6,282,3,909.0
000000000000000000000bf7,407,1,940.0
000000000000000000000bf8,198,3,3259.0
000000000000000000000bf9,3283,3,1.0
000000000000000000000bf9,1663,3,1038.0
000000000000000000000bf9,468,3,189.0
000000000000000000000bfa,1645,1,699.9
000000000000000000000bfb,4876,3,52.9
000000000000000000000bfc,2538,1,199.0
000000000000000000000bfc,4356,3,103.9
000000000000000000000bfc,368,3,399.0
000000000000000000000bfd,4455,3,195.0
000000000000000000000bfe,2151,3,329.0
000000000000000000000bff,3227,3,459.9
000000000000000000000bff,1396,1,349.0
000000000000000000000bff,4373,3,108.9
000000000000000000000c00,2858,2,250.0
000000000000000000000c00,4687,2,149.0
000000000000000000000c01,1805,1,885.0
000000000000000000000c01,604,2,339.99
000000000000000000000c01,724,3,1799.0
000000000000000000000c02,5021,2,24.9
000000000000000000000c03,1143,1,469.0
000000000000000000000c04,4968,2,59.9
000000000000000000000c04,1907,2,599.0
000000000000000000000c05,3980,2,67.0
000000000000000000000c05,3500,3,1799.0
000000000000000000000c06,4446,2,129.9
000000000000000000000c06,1776,1,899.0
000000000000000000000c07,3249,3,68.9
000000000000000000000c08,3542,2,329.0
000000000000000000000c09,1596,3,1699.0
000000000000000000000c09,3667,2,123.0
000000000000000000000c0a,4934,3,55.0
000000000000000000000c0b,4782,1,929.44
000000000000000000000c0c,3905,2,119.5
000000000000000000000c0d,205,3,3279.0
000000000000000000000c0e,241,1,1760.0
000000000000000000000c0f,3175,2,238.9
000000000000000000000c10,2888,2,286.9
000000000000000000000c10,3248,1,44.9
000000000000000000000c11,323,3,498.0
000000000000000000000c11,460,2,173.9
000000000000000000000c12,1483,3,1789.0
000000000000000000000c13,408,1,849.9
000000000000000000000c13,5132,3,198.9
000000000000000000000c14,1229,2,299.0
000000000000000000000c15,1401,1,399.0
000000000000000000000c15,4683,2,145.0
000000000000000000000c16,1549,2,1136.0
000000000000000000000c17,343,1,1099.0
000000000000000000000c18,1416,1,429.0
000000000000000000000c18,3154,2,53.0
000000000000000000000c18,3470,3,89.0
000000000000000000000c19,2676,2,4449.0
000000000000000000000c19,4054,2,59.9
000000000000000000000c19,754,3,899.0
000000000000000000000c19,2270,3,159.0
000000000000000000000c1a,3117,3,550.0
000000000000000000000c1b,3053,1,2799.0
000000000000000000000c1c,4395,3,135.2
000000000000000000000c1c,3432,1,1099.0
000000000000000000000c1c,2900,3,9999.9
000000000000000000000c1d,1874,3,449.0
000000000000000000000c1d,2894,3,350.0
000000000000000000000c1e,3209,2,9.99
000000000000000000000c1f,4297,1,89.9
000000000000000000000c1f,3859,3,134.9
000000000000000000000c20,4998,3,19.9
000000000000000000000c20,4595,3,54.9
000000000000000000000c20,1790,2,1499.0
000000000000000000000c21,4388,2,119.9
000000000000000000000c21,260,1,1599.0
000000000000000000000c22,262,3,2799.0
000000000000000000000c23,1615,2,1699.0
000000000000000000000c24,3830,1,199.0
000000000000000000000c24,3661,3,52.9
000000000000000000000c25,2830,3,2799.0
000000000000000000000c26,1129,2,379.0
000000000000000000000c27,40,2,519.0
000000000000000000000c27,2457,1,199.0
000000000000000000000c28,531,1,165.0
000000000000000000000c29,4027,1,23.9
000000000000000000000c29,5083,1,580.0
000000000000000000000c29,2709,3,1999.9
000000000000000000000c2a,2251,2,269.9
000000000000000000000c2a,1367,2,209.0
000000000000000000000c2b,3116,3,550.0
000000000000000000000c2b,1501,2,1799.0
000000000000000000000c2c,4539,2,49.9
000000000000000000000c2c,2868,2,799.0
000000000000000000000c2d,4945,1,99.0
000000000000000000000c2d,5127,2,500.0
000000000000000000000c2d,663,1,3209.0
000000000000000000000c2d,4790,1,539.0
000000000000000000000c2e,1802,3,729.0
000000000000000000000c2f,4455,2,195.0
000000000000000000000c2f,882,2,1195.0
000000000000000000000c30,2601,2,899.0
000000000000000000000c30,3897,3,39.9
000000000000000000000c30,3069,3,2199.0
000000000000000000000c31,1424,3,609.0
000000000000000000000c31,3476,2,799.0
000000000000000000000c31,236,3,2185.0
000000000000000000000c32,4827,3,119.0
000000000000000000000c33,1971,3,1599.0
000000000000000000000c33,166,3,1159.0
000000000000000000000c33,1925,2,1069.0
000000000000000000000c34,267,3,2896.0
000000000000000000000c35,1025,3,569.0
000000000000000000000c35,3431,1,1249.0
000000000000000000000c35,3611,1,1399.0
000000000000000000000c35,1865,1,449.0
000000000000000000000c36,316,3,1399.0
000000000000000000000c36,2528,2,349.9
000000000000000000000c37,3026,3,1200.0
000000000000000000000c38,1946,1,259.0
000000000000000000000c38,878,2,1589.0
000000000000000000000c39,4968,1,59.9
000000000000000000000c39,4995,1,19.9
000000000000000000000c3a,1590,3,1409.0
000000000000000000000c3a,697,3,79.0
000000000000000000000c3b,693,1,2439.0
000000000000000000000c3c,973,2,299.9
000000000000000000000c3c,879,1,350.0
000000000000000000000c3d,3194,1,54.0
000000000000000000000c3d,2784,2,528.9
000000000000000000000c3e,5034,1,520.08
000000000000000000000c3f,4864,3,70.0
000000000000000000000c40,3773,2,79.0
000000000000000000000c40,3565,1,140.9
000000000000000000000c41,3622,2,39.9
000000000000000000000c41,2393,3,579.0
000000000000000000000c42,2246,2,279.0
000000000000000000000c43,3091,3,490.0
000000000000000000000c43,4266,2,72.0
000000000000000000000c43,2000,3,269.9
000000000000000000000c44,453,3,729.0
000000000000000000000c44,1394,2,1939.0
000000000000000000000c45,390,1,6999.0
000000000000000000000c45,2230,3,499.0
000000000000000000000c46,2438,1,199.0
000000000000000000000c46,5124,3,450.0
000000000000000000000c47,366,1,899.0
000000000000000000000c47,619,3,148.9
000000000000000000000c48,2004,2,829.0
000000000000000000000c49,1926,3,1089.0
000000000000000000000c4a,4508,3,49.9
000000000000000000000c4b,3368,2,779.0
000000000000000000000c4b,1821,1,1589.0
000000000000000000000c4c,3924,3,88.9
000000000000000000000c4c,2012,2,295.0
000000000000000000000c4d,3510,1,349.0
000000000000000000000c4d,3950,1,239.0
000000000000000000000c4e,3883,1,75.0
000000000000000000000c4e,73,2,345.0
000000000000000000000c4e,3742,1,69.0
000000000000000000000c4f,2627,1,799.0
000000000000000000000c4f,854,2,609.0
000000000000000000000c4f,1478,1,1789.0
000000000000000000000c50,5098,2,299.0
000000000000000000000c50,2170,2,60.5
000000000000000000000c50,2490,2,95.0
000000000000000000000c51,942,3,563.0
000000000000000000000c52,953,3,889.0
000000000000000000000c52,4105,2,44.9
000000000000000000000c53,1102,2,914.9
000000000000000000000c53,3291,2,939.0
000000000000000000000c54,807,1,3499.0
000000000000000000000c55,382,1,3449.0
000000000000000000000c55,1359,3,79.9
000000000000000000000c55,1146,3,99.9
000000000000000000000c56,2474,1,25.0
000000000000000000000c56,2435,2,114.9
000000000000000000000c56,3203,2,121.9
000000000000000000000c56,3124,1,559.9
000000000000000000000c57,3745,2,669.0
000000000000000000000c58,2421,3,619.0
000000000000000000000c59,3406,2,4399.0
000000000000000000000c5a,4632,3,179.0
000000000000000000000c5a,3175,3,238.9
000000000000000000000c5b,1896,1,569.0
000000000000000000000c5b,25,2,499.0
000000000000000000000c5c,1860,2,409.0
000000000000000000000c5c,646,3,150.0
000000000000000000000c5d,1374,2,179.9
000000000000000000000c5e,2165,1,62.0
000000000000000000000c5f,3701,1,9.9
000000000000000000000c60,717,3,799.0
000000000000000000000c61,3936,3,59.9
000000000000000000000c61,2742,2,4249.0
000000000000000000000c62,4724,2,109.0
000000000000000000000c62,3909,3,29.9
000000000000000000000c63,1105,1,479.0
000000000000000000000c63,873,2,399.0
000000000000000000000c63,4017,3,23.9
000000000000000000000c63,1018,2,1180.0
000000000000000000000c64,4379,1,112.9
000000000000000000000c64,836,2,799.0
000000000000000000000c65,1993,2,900.0
000000000000000000000c65,776,1,919.0
000000000000000000000c66,3676,1,1179.0
000000000000000000000c66,1459,2,1549.0
000000000000000000000c66,3395,3,109.0
000000000000000000000c67,727,1,527.0
000000000000000000000c67,4702,3,279.0
000000000000000000000c68,4346,1,139.9
000000000000000000000c69,3490,2,1899.0
000000000000000000000c69,4045,1,49.0
000000000000000000000c6a,1594,1,1599.0
000000000000000000000c6a,3454,1,499.0
000000000000000000000c6a,988,2,359.0
000000000000000000000c6b,372,1,799.0
000000000000000000000c6b,2544,1,179.0
000000000000000000000c6b,4933,2,29.9
000000000000000000000c6c,2728,1,2189.9
000000000000000000000c6c,4125,2,64.9
000000000000000000000c6d,4801,1,358.0
000000000000000000000c6d,4491,1,55.9
000000000000000000000c6e,1192,2,279.0
000000000000000000000c6e,2640,1,1409.0
000000000000000000000c6f,547,3,45.0
000000000000000000000c70,3449,3,979.0
000000000000000000000c70,1471,1,1464.0
000000000000000000000c70,871,3,765.0
000000000000000000000c71,4682,3,85.0
000000000000000000000c72,1915,1,999.0
000000000000000000000c73,3853,3,49.9
000000000000000000000c74,3512,2,119.0
000000000000000000000c74,2506,3,131.9
000000000000000000000c75,5008,1,20.9
000000000000000000000c75,4960,3,86.9
000000000000000000000c76,762,2,2189.0
000000000000000000000c77,3855,1,49.9
000000000000000000000c77,1574,2,1159.0
000000000000000000000c77,3513,3,119.0
000000000000000000000c77,3710,1,93.0
000000000000000000000c78,1477,3,1850.0
000000000000000000000c78,2504,1,49.9
000000000000000000000c78,1087,3,70.0
000000000000000000000c79,1881,3,70.0
000000000000000000000c79,503,1,39.0
000000000000000000000c79,3374,1,899.9
000000000000000000000c7a,4459,1,69.3
000000000000000000000c7b,4529,3,49.9
000000000000000000000c7b,2218,3,189.9
000000000000000000000c7b,1273,1,843.0
000000000000000000000c7c,4923,2,99.0
000000000000000000000c7d,4217,2,199.0
000000000000000000000c7e,4719,2,190.0
000000000000000000000c7f,533,2,99.0
000000000000000000000c7f,1578,1,1199.0
000000000000000000000c80,5109,2,259.0
000000000000000000000c80,458,1,44.5
000000000000000000000c80,4167,3,312.8
000000000000000000000c80,1468,1,1549.0
000000000000000000000c81,4735,3,101.34
000000000000000000000c82,3127,3,280.0
000000000000000000000c82,3546,3,529.0
000000000000000000000c83,1915,3,999.0
000000000000000000000c83,1899,2,695.0
000000000000000000000c84,1572,3,799.0
000000000000000000000c84,4988,1,159.0
000000000000000000000c84,134,2,2659.0
000000000000000000000c85,3479,3,1199.0
000000000000000000000c86,2457,3,199.0
000000000000000000000c87,3039,1,360.0
000000000000000000000c88,4160,2,199.0
000000000000000000000c88,3561,1,169.0
000000000000000000000c88,2966,2,989.0
000000000000000000000c89,2815,2,4149.0
000000000000000000000c89,171,2,1185.0
000000000000000000000c8a,4583,3,25.0
000000000000000000000c8b,3929,1,139.99
000000000000000000000c8b,5174,1,239.9
000000000000000000000c8c,1717,2,1599.0
000000000000000000000c8d,3752,1,59.0
000000000000000000000c8e,2788,3,2699.0
000000000000000000000c8e,2245,3,243.9
000000000000000000000c8e,1118,2,799.0
000000000000000000000c8f,4230,2,29.52
000000000000000000000c8f,3553,2,529.0
000000000000000000000c90,873,3,399.0
000000000000000000000c90,3749,3,25.0
000000000000000000000c91,2137,3,118.0
000000000000000000000c92,2136,2,130.0
000000000000000000000c92,3671,2,15.5
000000000000000000000c92,841,2,2579.0
000000000000000000000c93,628,3,209.9
000000000000000000000c93,4447,3,229.9
000000000000000000000c94,2137,3,118.0
000000000000000000000c94,4612,3,106.0
000000000000000000000c95,3564,3,140.9
000000000000000000000c95,4715,2,35.0
000000000000000000000c96,137,2,2659.0
000000000000000000000c96,2746,3,4139.0
000000000000000000000c96,3351,3,929.0
000000000000000000000c97,2166,1,90.0
000000000000000000000c98,2713,1,2999.0
000000000000000000000c98,3652,2,28.9
000000000000000000000c99,4019,3,23.9
000000000000000000000c99,3505,1,490.0
000000000000000000000c9a,2043,3,475.0
000000000000000000000c9a,4238,2,144.0
000000000000000000000c9b,3157,3,59.0
000000000000000000000c9b,1605,2,1499.0
000000000000000000000c9b,2647,1,4199.0
000000000000000000000c9c,1158,3,374.71
000000000000000000000c9c,3599,2,24.5
000000000000000000000c9c,4500,3,49.9
000000000000000000000c9d,2409,3,149.0
000000000000000000000c9e,4295,2,104.99
000000000000000000000c9e,3081,1,679.0
000000000000000000000c9f,3461,3,529.0
000000000000000000000c9f,1767,2,899.0
000000000000000000000c9f,2079,1,230.0
000000000000000000000c9f,2491,3,229.0
000000000000000000000ca0,2004,3,829.0
000000000000000000000ca0,1906,1,849.0
000000000000000000000ca0,860,3,6614.79
000000000000000000000ca1,392,2,849.0
000000000000000000000ca2,2928,2,350.0
000000000000000000000ca3,3215,2,24.9
000000000000000000000ca4,4960,2,86.9
000000000000000000000ca4,4001,2,24.89
000000000000000000000ca4,4063,3,49.0
000000000000000000000ca4,2171,2,39.5
000000000000000000000ca5,1134,1,89.9
000000000000000000000ca5,4813,2,529.0
000000000000000000000ca5,2902,3,361.9
000000000000000000000ca6,1967,2,269.0
000000000000000000000ca6,3902,3,69.0
000000000000000000000ca6,3190,2,619.9
000000000000000000000ca6,3816,2,55.9
000000000000000000000ca7,2906,2,989.0
000000000000000000000ca7,660,3,99.0
000000000000000000000ca8,1702,3,759.0
000000000000000000000ca8,1704,3,819.0
000000000000000000000ca8,487,1,39.0
000000000000000000000ca9,3351,2,929.0
000000000000000000000ca9,3053,3,2799.0
000000000000000000000ca9,3264,3,519.0
000000000000000000000caa,2733,3,3319.0
000000000000000000000cab,1067,3,279.0
000000000000000000000cab,3372,3,799.9
000000000000000000000cab,3522,3,142.0
000000000000000000000cab,262,1,2799.0
000000000000000000000cac,575,2,1549.0
000000000000000000000cac,491,3,39.0
000000000000000000000cac,2012,3,295.0
000000000000000000000cad,4847,2,269.0
000000000000000000000cad,3270,1,2299.0
000000000000000000000cae,3669,2,14.5
000000000000000000000caf,762,3,2189.0
000000000000000000000caf,4184,3,199.9
000000000000000000000cb0,3372,3,799.9
000000000000000000000cb0,3276,1,2099.0
000000000000000000000cb0,3141,3,80.0
000000000000000000000cb1,4919,2,45.0
000000000000000000000cb1,4802,1,80.0
000000000000000000000cb2,1897,3,569.0
000000000000000000000cb2,30,3,599.0
000000000000000000000cb2,1479,1,1789.0
000000000000000000000cb3,3942,3,94.9
000000000000000000000cb4,449,2,165.0
000000000000000000000cb5,3970,2,189.0
000000000000000000000cb6,4099,2,25.9
000000000000000000000cb7,2682,3,1849.0
000000000000000000000cb8,1851,2,999.99
000000000000000000000cb8,4134,1,119.9
000000000000000000000cb8,3940,3,79.9
000000000000000000000cb8,1849,3,849.0
000000000000000000000cb9,4071,1,119.9
000000000000000000000cb9,3925,1,65.9
000000000000000000000cb9,2478,1,469.0
000000000000000000000cb9,783,2,329.0
000000000000000000000cba,1603,2,1749.9
000000000000000000000cba,2192,2,228.0
000000000000000000000cbb,2988,2,2709.0
000000000000000000000cbb,1375,3,409.0
000000000000000000000cbb,975,3,629.99
000000000000000000000cbc,4281,1,77.4
000000000000000000000cbc,2487,3,27.0
000000000000000000000cbc,623,2,189.0
000000000000000000000cbd,2828,3,8999.0
000000000000000000000cbe,2549,3,249.0
000000000000000000000cbe,4363,1,108.9
000000000000000000000cbf,4366,1,134.91
000000000000000000000cbf,533,2,99.0
000000000000000000000cbf,2116,1,42.0
000000000000000000000cbf,3156,3,99.0
000000000000000000000cc0,4983,2,159.0
000000000000000000000cc1,833,3,489.0
000000000000000000000cc1,1421,2,949.0
000000000000000000000cc1,519,1,14.9
000000000000000000000cc2,3290,1,649.0
000000000000000000000cc3,443,1,30.9
000000000000000000000cc4,3685,2,368.9
000000000000000000000cc5,3337,3,539.9
000000000000000000000cc5,2954,3,249.9
000000000000000000000cc6,3541,2,329.0
000000000000000000000cc6,1945,2,259.0
000000000000000000000cc6,2503,1,599.0
000000000000000000000cc7,3331,3,1549.0
000000000000000000000cc8,673,3,849.0
000000000000000000000cc8,5064,1,450.0
000000000000000000000cc9,3118,1,31.9
000000000000000000000cc9,5046,3,125.0
000000000000000000000cc9,765,3,2189.0
000000000000000000000cc9,142,3,1179.0
000000000000000000000cca,1159,3,340.0
000000000000000000000cca,3420,1,1299.0
000000000000000000000ccb,3295,3,1249.0
000000000000000000000ccb,1397,2,2199.0
000000000000000000000ccb,3122,1,39.0
000000000000000000000ccb,5065,1,370.0
000000000000000000000ccc,92,1,399.0
000000000000000000000ccc,2829,1,3699.0
000000000000000000000ccc,4659,3,459.0
000000000000000000000ccd,1087,3,70.0
000000000000000000000ccd,4516,2,49.9
000000000000000000000cce,3796,3,59.9
000000000000000000000cce,2190,2,55.9
000000000000000000000cce,4579,3,29.9
000000000000000000000cce,2783,1,2799.0
000000000000000000000ccf,2865,1,689.0
000000000000000000000cd0,4193,3,209.3
000000000000000000000cd1,3114,1,36.9
000000000000000000000cd2,3429,2,1099.0
000000000000000000000cd3,4973,1,159.0
000000000000000000000cd3,2795,3,2999.0
000000000000000000000cd4,4788,2,649.0
000000000000000000000cd4,4138,3,139.0
000000000000000000000cd4,2708,2,1999.9
000000000000000000000cd4,3569,1,140.9
000000000000000000000cd5,1103,3,339.0
000000000000000000000cd5,1807,3,649.0
000000000000000000000cd6,5025,3,79.0
000000000000000000000cd7,1049,3,749.9
000000000000000000000cd7,1131,1,89.9
000000000000000000000cd8,75,2,345.0
000000000000000000000cd8,2290,3,719.0
000000000000000000000cd9,5042,3,1280.0
000000000000000000000cd9,127,1,2529.0
000000000000000000000cd9,1756,1,470.0
000000000000000000000cda,2644,3,2499.0
000000000000000000000cda,2015,1,359.0
000000000000000000000cdb,1000,3,1590.0
000000000000000000000cdb,2127,3,159.0
000000000000000000000cdb,3766,1,89.9
000000000000000000000cdc,2937,1,999.9
000000000000000000000cdd,2715,3,999.0
000000000000000000000cdd,1811,3,129.9
000000000000000000000cdd,1033,2,599.99
000000000000000000000cde,3310,3,899.0
000000000000000000000cde,5135,2,429.99
000000000000000000000cde,4332,2,264.95
000000000000000000000cdf,4382,3,239.95
000000000000000000000ce0,14,1,529.0
000000000000000000000ce0,908,1,1599.0
000000000000000000000ce0,4317,1,179.4
000000000000000000000ce1,4385,3,239.95
000000000000000000000ce2,4116,3,86.5
000000000000000000000ce2,152,2,1179.0
000000000000000000000ce3,4707,2,65.0
000000000000000000000ce3,2667,2,1349.0
000000000000000000000ce3,4710,1,35.0
000000000000000000000ce4,2824,3,1899.0
000000000000000000000ce5,4003,3,20.89
000000000000000000000ce5,2250,2,169.9
000000000000000000000ce5,4403,2,479.9
000000000000000000000ce6,3161,2,379.0
000000000000000000000ce6,1282,1,406.9
000000000000000000000ce6,3511,3,165.0
000000000000000000000ce6,3636,3,399.0
000000000000000000000ce7,2198,3,291.0
000000000000000000000ce8,3571,3,140.9
000000000000000000000ce8,2546,2,149.0
000000000000000000000ce8,915,2,859.0
000000000000000000000ce9,409,3,1349.0
000000000000000000000ce9,4635,3,195.0
000000000000000000000ce9,1693,1,1149.0
000000000000000000000ce9,2876,1,619.0
000000000000000000000cea,2682,3,1849.0
000000000000000000000ceb,4296,2,99.96
000000000000000000000cec,3126,2,280.0
000000000000000000000ced,404,3,479.0
000000000000000000000ced,679,3,159.0
000000000000000000000cee,4535,1,49.9
000000000000000000000cee,42,2,499.0
000000000000000000000cee,590,3,199.0
000000000000000000000cee,2734,1,3829.0
000000000000000000000cef,2834,2,5299.9
000000000000000000000cf0,3220,3,10.49
000000000000000000000cf0,336,2,1114.0
000000000000000000000cf1,1129,1,379.0
000000000000000000000cf1,4062,1,73.0
000000000000000000000cf2,516,3,59.0
000000000000000000000cf2,878,3,1589.0
000000000000000000000cf3,5133,3,99.0
000000000000000000000cf3,1258,2,329.0
000000000000000000000cf4,1782,3,749.0
000000000000000000000cf4,4564,2,76.9
000000000000000000000cf4,2015,2,359.0
000000000000000000000cf4,161,2,1449.0
000000000000000000000cf5,3415,2,115.0
000000000000000000000cf6,3240,1,119.0
000000000000000000000cf7,674,1,849.0
000000000000000000000cf7,4609,3,182.0
000000000000000000000cf7,4666,3,118.0
000000000000000000000cf8,2272,1,139.0
000000000000000000000cf8,2449,2,199.0
000000000000000000000cf9,2258,3,329.9
000000000000000000000cf9,5079,1,300.0
000000000000000000000cfa,3899,2,178.0
000000000000000000000cfa,2230,2,499.0
000000000000000000000cfb,2963,2,999.0
000000000000000000000cfb,2672,3,4449.0
000000000000000000000cfc,3539,3,329.0
000000000000000000000cfd,1432,3,2399.0
000000000000000000000cfd,1154,2,2389.9
000000000000000000000cfd,22,3,599.0
000000000000000000000cfe,923,2,359.0
000000000000000000000cff,900,2,379.0
000000000000000000000cff,1009,3,1150.0
000000000000000000000d00,2154,3,40.4
000000000000000000000d00,1970,1,449.99
000000000000000000000d01,2887,2,374.9
000000000000000000000d02,2215,3,79.0
000000000000000000000d03,3065,1,800.0
000000000000000000000d03,3831,3,229.0
000000000000000000000d04,3055,2,999.0
000000000000000000000d05,2819,2,4679.0
000000000000000000000d05,3982,2,67.0
000000000000000000000d05,4898,2,39.9
000000000000000000000d06,4350,2,139.9
000000000000000000000d07,2474,2,25.0
000000000000000000000d08,3643,3,170.0
000000000000000000000d08,787,2,789.0
000000000000000000000d08,2085,3,129.0
000000000000000000000d09,1020,3,299.0
000000000000000000000d09,4555,2,64.0
000000000000000000000d09,2862,1,699.0
000000000000000000000d09,2617,3,3499.0
000000000000000000000d0a,3781,1,89.0
000000000000000000000d0b,5045,3,349.0
000000000000000000000d0b,256,1,3599.0
000000000000000000000d0c,2210,1,55.3
000000000000000000000d0c,4708,2,65.0
000000000000000000000d0d,802,2,929.0
000000000000000000000d0e,1937,3,220.0
000000000000000000000d0e,4503,2,49.9
000000000000000000000d0f,3988,3,112.9
000000000000000000000d0f,1968,2,449.0
000000000000000000000d0f,3015,3,800.0
000000000000000000000d10,4375,3,103.9
000000000000000000000d11,873,1,399.0
000000000000000000000d11,1589,1,1399.0
000000000000000000000d11,5015,2,119.9
000000000000000000000d12,2538,3,199.0
000000000000000000000d13,4652,2,169.0
000000000000000000000d14,184,3,1739.0
000000000000000000000d14,1606,3,1089.0
000000000000000000000d15,5152,3,59.9
000000000000000000000d15,3580,1,200.0
000000000000000000000d15,2989,2,2309.0
000000000000000000000d16,3401,1,820.0
000000000000000000000d17,560,3,229.0
000000000000000000000d17,1160,2,339.5
000000000000000000000d17,4150,2,121.9
000000000000000000000d18,1362,3,999.0
000000000000000000000d18,619,1,148.9
000000000000000000000d18,2162,2,70.4
000000000000000000000d18,5134,1,209.9
000000000000000000000d19,4478,2,36.9
000000000000000000000d19,4650,3,105.0
000000000000000000000d19,1203,2,255.9
000000000000000000000d1a,2236,2,257.0
000000000000000000000d1a,3093,3,1249.0
000000000000000000000d1b,626,1,1359.0
000000000000000000000d1c,3130,2,129.0
000000000000000000000d1d,4528,3,49.9
000000000000000000000d1e,3514,1,119.0
000000000000000000000d1e,4203,3,239.2
000000000000000000000d1e,2466,2,989.0
000000000000000000000d1f,611,2,1138.9
000000000000000000000d20,799,1,869.0
000000000000000000000d20,912,3,509.0
000000000000000000000d20,1513,1,2990.0
000000000000000000000d20,3629,2,139.9
000000000000000000000d21,3840,1,64.9
000000000000000000000d21,3956,2,70.0
000000000000000000000d21,379,3,3099.0
000000000000000000000d21,4695,3,99.99
000000000000000000000d22,4946,2,46.9
000000000000000000000d23,1520,2,2149.0
000000000000000000000d23,769,1,2455.0
000000000000000000000d24,2456,3,199.0
000000000000000000000d24,844,2,949.0
000000000000000000000d25,2437,3,299.0
000000000000000000000d26,4824,3,684.3
000000000000000000000d27,168,2,1749.0
000000000000000000000d27,3170,3,349.9
000000000000000000000d28,1880,1,70.0
000000000000000000000d28,2445,2,389.0
000000000000000000000d29,435,3,79.0
000000000000000000000d29,1011,1,3222.22
000000000000000000000d2a,4464,1,139.9
000000000000000000000d2b,2721,1,1649.0
000000000000000000000d2c,2793,1,2399.0
000000000000000000000d2c,1408,1,999.0
000000000000000000000d2c,3290,1,649.0
000000000000000000000d2d,4179,2,899.0
000000000000000000000d2d,3732,2,69.9
000000000000000000000d2e,3016,3,36.0
000000000000000000000d2f,2967,2,1089.0
000000000000000000000d30,2079,2,230.0
000000000000000000000d31,1335,3,119.0
000000000000000000000d32,4449,1,119.9
000000000000000000000d33,4639,1,90.0
000000000000000000000d33,4737,2,699.5
000000000000000000000d33,98,3,539.0
000000000000000000000d34,1575,2,1089.0
000000000000000000000d34,268,2,1298.0
000000000000000000000d35,2078,3,36.9
000000000000000000000d36,1900,3,119.0
000000000000000000000d36,5171,3,1399.0
000000000000000000000d37,4566,2,34.3
000000000000000000000d38,77,1,420.0
000000000000000000000d38,3177,2,69.9
000000000000000000000d38,2293,2,154.9
000000000000000000000d39,3728,3,70.0
000000000000000000000d39,1911,2,1419.0
000000000000000000000d39,656,1,69.9
000000000000000000000d3a,3697,2,35.0
000000000000000000000d3a,2731,2,2609.9
000000000000000000000d3a,4095,1,49.9
000000000000000000000d3b,4806,3,135.14
000000000000000000000d3b,2487,1,27.0
000000000000000000000d3b,3595,1,344.0
000000000000000000000d3c,1329,2,2589.0
000000000000000000000d3c,3963,3,349.0
000000000000000000000d3c,422,3,119.0
000000000000000000000d3d,3388,1,1299.0
000000000000000000000d3d,962,1,199.0
000000000000000000000d3d,862,2,390.0
000000000000000000000d3e,2877,2,665.5
000000000000000000000d3f,3174,3,409.0
000000000000000000000d40,4752,3,67.5
000000000000000000000d40,86,2,469.0
000000000000000000000d40,4988,3,159.0
000000000000000000000d41,3105,1,179.9
000000000000000000000d41,4835,3,549.0
000000000000000000000d41,4895,3,90.0
000000000000000000000d42,3903,2,88.9
000000000000000000000d42,277,2,2599.0
000000000000000000000d42,5119,2,259.0
000000000000000000000d43,3329,2,629.0
000000000000000000000d43,1183,1,72.9
000000000000000000000d44,700,1,699.0
000000000000000000000d45,4892,2,106.0
000000000000000000000d46,1376,1,4099.0
000000000000000000000d46,2355,1,89.9
000000000000000000000d46,1653,3,2149.0
000000000000000000000d46,1344,1,143.9
000000000000000000000d47,3106,1,59.0
000000000000000000000d48,2119,3,89.9
000000000000000000000d48,1857,1,639.0
000000000000000000000d49,3210,1,9.99
000000000000000000000d49,2647,3,4199.0
000000000000000000000d4a,398,2,479.0
000000000000000000000d4a,271,2,729.0
000000000000000000000d4a,3134,3,29.9
000000000000000000000d4b,2791,1,2699.0
000000000000000000000d4b,2011,3,306.0
000000000000000000000d4b,874,3,1409.0
000000000000000000000d4c,2868,2,799.0
000000000000000000000d4d,3361,2,699.0
000000000000000000000d4d,2480,1,35.0
000000000000000000000d4d,1082,2,762.0
000000000000000000000d4d,2992,3,3889.0
000000000000000000000d4e,225,1,3499.0
000000000000000000000d4e,1479,1,1789.0
000000000000000000000d4f,3937,3,59.9
000000000000000000000d4f,281,3,909.0
000000000000000000000d4f,763,2,2299.9
000000000000000000000d50,1080,3,199.9
000000000000000000000d50,4424,3,59.9
000000000000000000000d50,3867,2,19.9
000000000000000000000d51,1291,2,80.9
000000000000000000000d52,4731,2,1249.0
000000000000000000000d52,3214,2,14.9
000000000000000000000d53,4150,2,121.9
000000000000000000000d53,55,1,399.0
000000000000000000000d54,2773,1,570.0
000000000000000000000d54,650,1,389.0
000000000000000000000d55,4007,2,25.9
000000000000000000000d56,5076,3,245.0
000000000000000000000d56,1127,3,304.9
000000000000000000000d57,3822,2,199.0
000000000000000000000d58,4679,2,168.0
000000000000000000000d58,3665,2,149.5
000000000000000000000d59,4380,2,249.95
000000000000000000000d5a,4693,2,195.0
000000000000000000000d5b,4382,3,239.95
000000000000000000000d5c,4870,1,110.0
000000000000000000000d5d,817,3,399.0
000000000000000000000d5e,4067,2,199.0
000000000000000000000d5e,4992,3,189.0
000000000000000000000d5f,977,3,799.0
000000000000000000000d60,1224,3,105.5
000000000000000000000d61,4797,1,539.0
000000000000000000000d61,2790,3,2399.0
000000000000000000000d61,4142,1,79.9
000000000000000000000d62,1024,3,279.0
000000000000000000000d62,634,3,155.0
000000000000000000000d62,3518,2,209.0
000000000000000000000d62,1729,1,1279.0
000000000000000000000d63,3765,2,99.9
000000000000000000000d64,2450,3,259.0
000000000000000000000d64,4599,2,13.9
000000000000000000000d64,3832,1,85.0
000000000000000000000d64,1952,2,259.0
000000000000000000000d65,575,1,1549.0
000000000000000000000d66,1931,2,247.0
000000000000000000000d66,3558,1,239.0
000000000000000000000d66,3778,2,109.0
000000000000000000000d67,5101,2,259.0
000000000000000000000d67,3789,1,69.9
000000000000000000000d67,4251,3,49.9
000000000000000000000d68,2519,1,599.0
000000000000000000000d68,1826,3,249.0
000000000000000000000d68,4248,3,109.99
000000000000000000000d68,353,1,2999.0
000000000000000000000d69,1027,2,579.0
000000000000000000000d69,2401,3,289.0
000000000000000000000d6a,78,1,799.0
000000000000000000000d6a,4927,2,29.9
000000000000000000000d6b,1375,2,409.0
000000000000000000000d6c,2144,3,139.0
000000000000000000000d6d,4878,1,56.0
000000000000000000000d6e,2721,1,1649.0
000000000000000000000d6e,1215,3,209.0
000000000000000000000d6e,3824,1,169.0
000000000000000000000d6e,1981,2,329.0
000000000000000000000d6f,2690,2,4732.0
000000000000000000000d70,1032,1,2159.0
000000000000000000000d70,5001,1,19.0
000000000000000000000d71,2509,1,49.9
000000000000000000000d71,1341,3,99.9
000000000000000000000d72,3404,2,4049.0
000000000000000000000d72,3943,1,79.5
000000000000000000000d73,1340,3,219.4
000000000000000000000d74,1662,1,800.0
000000000000000000000d75,3714,1,198.0
000000000000000000000d75,3331,3,1549.0
000000000000000000000d76,2662,3,1449.0
000000000000000000000d76,2606,1,2759.0
000000000000000000000d76,2129,3,159.0
000000000000000000000d77,4905,3,39.9
000000000000000000000d77,1177,3,103.18
000000000000000000000d78,2193,3,227.0
000000000000000000000d78,4677,1,34.9
000000000000000000000d78,1841,2,799.0
000000000000000000000d79,1737,3,999.0
000000000000000000000d7a,3841,3,64.9
000000000000000000000d7b,1814,1,1119.0
000000000000000000000d7c,1706,1,799.0
000000000000000000000d7c,414,1,2705.0
000000000000000000000d7d,2077,3,42.0
000000000000000000000d7d,178,2,1699.0
000000000000000000000d7d,4670,1,99.0
000000000000000000000d7e,2656,1,1599.0
000000000000000000000d7f,233,2,1090.9
000000000000000000000d80,444,3,32.0
000000000000000000000d80,4815,3,179.0
000000000000000000000d80,2186,1,179.0
000000000000000000000d81,3222,3,119.0
000000000000000000000d81,2504,3,49.9
000000000000000000000d81,584,1,133.0
000000000000000000000d81,645,2,85.0
000000000000000000000d82,292,3,459.0
000000000000000000000d82,3984,1,60.99
000000000000000000000d83,2862,2,699.0
000000000000000000000d83,1829,1,739.0
000000000000000000000d83,2541,3,199.0
000000000000000000000d83,5008,3,20.9
000000000000000000000d84,994,2,799.0
000000000000000000000d85,3356,1,669.0
000000000000000000000d85,2016,3,699.0
000000000000000000000d85,143,2,1159.0
000000000000000000000d85,3528,1,329.0
000000000000000000000d86,3544,2,329.0
000000000000000000000d86,1946,1,259.0
000000000000000000000d87,2369,1,329.0
000000000000000000000d88,3441,2,159.0
000000000000000000000d88,4880,1,450.0
000000000000000000000d88,3649,2,189.0
000000000000000000000d89,4139,1,24.8
000000000000000000000d89,345,1,1099.0
000000000000000000000d89,4857,1,139.0
000000000000000000000d89,311,2,899.0
000000000000000000000d8a,4915,3,55.0
000000000000000000000d8a,1219,3,135.0
000000000000000000000d8a,3978,3,39.0
000000000000000000000d8b,3201,1,67.0
000000000000000000000d8b,939,3,625.0
000000000000000000000d8b,3162,3,399.0
000000000000000000000d8c,726,2,399.0
000000000000000000000d8c,4321,3,194.65
000000000000000000000d8c,2894,1,350.0
000000000000000000000d8d,3279,3,1.0
000000000000000000000d8e,3926,1,65.9
000000000000000000000d8f,2379,2,149.0
000000000000000000000d90,3819,3,99.0
000000000000000000000d91,3280,3,2699.0
000000000000000000000d92,4667,1,141.9
000000000000000000000d92,3042,3,679.9
000000000000000000000d93,651,2,211.19
000000000000000000000d93,2132,2,60.9
000000000000000000000d94,3424,2,849.0
000000000000000000000d94,3682,1,129.0
000000000000000000000d95,2494,2,195.0
000000000000000000000d96,1698,1,799.0
000000000000000000000d96,2488,3,1550.0
000000000000000000000d96,2040,1,428.0
000000000000000000000d97,266,1,1849.0
000000000000000000000d98,1753,3,818.0
000000000000000000000d98,1968,2,449.0
000000000000000000000d98,3848,2,61.9
000000000000000000000d99,4565,1,34.3
000000000000000000000d99,3941,3,125.0
000000000000000000000d9a,1260,1,359.0
000000000000000000000d9a,104,1,419.0
000000000000000000000d9b,195,3,2649.0
000000000000000000000d9c,299,3,2249.0
000000000000000000000d9c,4617,3,192.5
000000000000000000000d9d,4178,2,899.0
000000000000000000000d9e,2311,1,89.0
000000000000000000000d9f,2385,2,309.0
000000000000000000000d9f,1831,1,739.0
000000000000000000000da0,2278,2,339.0
000000000000000000000da0,872,3,590.0
000000000000000000000da1,3175,3,238.9
000000000000000000000da1,1251,3,217.9
000000000000000000000da2,1285,1,109.9
000000000000000000000da2,1191,2,479.0
000000000000000000000da2,2760,2,5789.0
000000000000000000000da3,1839,2,2599.0
000000000000000000000da4,646,3,150.0
000000000000000000000da5,4232,3,31.92
000000000000000000000da6,3382,2,999.0
000000000000000000000da7,1042,2,619.0
000000000000000000000da8,3127,2,280.0
000000000000000000000da8,1587,1,1419.0
000000000000000000000da9,2309,1,89.5
000000000000000000000da9,2481,1,95.0
000000000000000000000da9,2482,1,27.9
000000000000000000000daa,4459,2,69.3
000000000000000000000dab,2460,1,989.0
000000000000000000000dab,3007,1,520.0
000000000000000000000dac,1250,2,229.9
000000000000000000000dad,4951,2,86.9
000000000000000000000dad,2037,1,148.9
000000000000000000000dad,4701,2,599.0
000000000000000000000dae,4652,3,169.0
000000000000000000000dae,1017,3,1058.0
000000000000000000000dae,836,1,799.0
000000000000000000000daf,2489,3,167.55
000000000000000000000db0,371,1,799.0
000000000000000000000db1,909,3,519.0
000000000000000000000db1,4607,1,89.0
000000000000000000000db2,1897,2,569.0
000000000000000000000db2,1283,3,406.9
000000000000000000000db3,316,3,1399.0
000000000000000000000db4,3166,2,120.0
000000000000000000000db4,3713,3,120.0
000000000000000000000db4,820,3,1049.0
000000000000000000000db5,2898,2,989.0
000000000000000000000db6,3870,2,102.9
000000000000000000000db6,4913,1,36.9
000000000000000000000db7,5065,3,370.0
000000000000000000000db8,1882,3,125.0
000000000000000000000db8,2023,1,699.0
000000000000000000000db9,5162,2,5139.0
000000000000000000000dba,3495,2,1799.0
000000000000000000000dbb,4006,2,25.9
000000000000000000000dbc,4937,2,38.39
000000000000000000000dbc,3327,1,429.0
000000000000000000000dbc,2723,1,1649.0
000000000000000000000dbc,2420,2,639.0
000000000000000000000dbd,3612,2,160.0
000000000000000000000dbe,4784,3,219.0
000000000000000000000dbf,2019,2,419.0
000000000000000000000dc0,33,2,599.0
000000000000000000000dc0,589,1,199.0
000000000000000000000dc0,3642,3,170.0
000000000000000000000dc1,303,1,794.0
000000000000000000000dc1,3639,1,1999.0
000000000000000000000dc1,4324,1,120.0
000000000000000000000dc2,2278,1,339.0
000000000000000000000dc2,5047,2,475.0
000000000000000000000dc2,194,2,4169.0
000000000000000000000dc2,1395,2,349.0
000000000000000000000dc3,2289,1,349.0
000000000000000000000dc3,1864,1,429.0
000000000000000000000dc4,2806,3,2999.0
000000000000000000000dc4,3065,1,800.0
000000000000000000000dc4,1326,2,4699.0
000000000000000000000dc4,1875,3,459.0
000000000000000000000dc5,454,3,1029.0
000000000000000000000dc5,2549,1,249.0
000000000000000000000dc5,5057,2,430.0
000000000000000000000dc5,4798,3,469.0
000000000000000000000dc6,5026,1,79.0
000000000000000000000dc6,3913,2,47.0
000000000000000000000dc6,3739,1,79.0
000000000000000000000dc6,1929,3,339.0
000000000000000000000dc7,4058,3,59.9
000000000000000000000dc8,4310,3,179.9
000000000000000000000dc8,3082,1,859.0
000000000000000000000dc8,2700,3,1149.0
000000000000000000000dc9,758,3,249.0
000000000000000000000dc9,2137,1,118.0
000000000000000000000dca,3946,2,269449.0
000000000000000000000dca,4989,1,99.0
000000000000000000000dca,3200,2,69.0
000000000000000000000dcb,2617,1,3499.0
000000000000000000000dcb,3789,1,69.9
000000000000000000000dcb,4977,3,55.0
000000000000000000000dcc,1540,2,1649.0
000000000000000000000dcc,3040,2,3599.0
000000000000000000000dcd,833,3,489.0
000000000000000000000dcd,2425,3,509.0
000000000000000000000dce,1945,3,259.0
000000000000000000000dce,2053,1,399.0
000000000000000000000dcf,3257,2,1139.9
000000000000000000000dcf,4778,1,168.94
000000000000000000000dcf,1237,3,189.9
000000000000000000000dcf,2967,3,1089.0
000000000000000000000dd0,59,3,59.0
000000000000000000000dd0,393,3,849.0
000000000000000000000dd0,658,1,93.9
000000000000000000000dd0,911,1,1299.0
000000000000000000000dd1,4603,2,91.0
000000000000000000000dd1,2113,3,68.0
000000000000000000000dd2,10,3,529.0
000000000000000000000dd2,385,1,3449.0
000000000000000000000dd2,4556,3,64.0
000000000000000000000dd3,5116,2,259.0
000000000000000000000dd3,420,2,249.0
000000000000000000000dd3,4594,1,71.1
000000000000000000000dd4,4336,2,749.9
000000000000000000000dd4,1023,3,530.0
000000000000000000000dd5,3381,2,1229.0
000000000000000000000dd5,2973,3,500.5
000000000000000000000dd6,4345,1,149.9
000000000000000000000dd6,4481,1,39.95
000000000000000000000dd6,1116,2,599799.0
000000000000000000000dd7,996,1,2225.0
000000000000000000000dd7,3938,3,55.9
000000000000000000000dd7,3150,3,299.0
000000000000000000000dd8,2145,1,189.0
000000000000000000000dd9,5126,3,690.0
000000000000000000000dda,1998,1,549.0
000000000000000000000ddb,1472,3,1539.0
000000000000000000000ddb,2813,1,4409.0
000000000000000000000ddb,1147,3,99.9
000000000000000000000ddc,4936,1,35.9
000000000000000000000ddd,1356,1,74.9
000000000000000000000dde,4262,2,109159.0
000000000000000000000ddf,4442,1,399.9
000000000000000000000ddf,3564,1,140.9
000000000000000000000ddf,4156,1,124.9
000000000000000000000de0,4957,3,86.9
000000000000000000000de1,2600,3,1099.0
000000000000000000000de1,2849,3,699.0
000000000000000000000de1,4865,3,65.0
000000000000000000000de2,4348,1,89.95
000000000000000000000de2,3924,1,88.9
000000000000000000000de2,4996,2,78.9
000000000000000000000de3,1929,2,339.0
000000000000000000000de3,3834,1,64.9
000000000000000000000de3,1379,3,1799.0
000000000000000000000de3,953,2,889.0
000000000000000000000de4,594,1,165.0
000000000000000000000de4,4385,1,239.95
000000000000000000000de5,3838,1,60.9
000000000000000000000de5,1863,3,409.0
000000000000000000000de5,3731,2,69.9
000000000000000000000de5,4680,2,49.9
000000000000000000000de6,1197,3,159.9
000000000000000000000de6,2088,1,129.0
000000000000000000000de6,3699,1,10.9
000000000000000000000de6,2208,1,45.2
000000000000000000000de7,4323,2,120.0
000000000000000000000de8,853,2,629.0
000000000000000000000de8,848,3,999.0
000000000000000000000de8,1314,2,109.0
000000000000000000000de9,2962,1,209.9
000000000000000000000de9,3260,1,119.9
000000000000000000000dea,4577,3,49.9
000000000000000000000dea,1142,2,39.9
000000000000000000000deb,3865,3,19.9
000000000000000000000dec,3497,2,1799.0
000000000000000000000ded,1096,1,1099.0
000000000000000000000dee,3850,2,196.0
000000000000000000000def,3522,3,142.0
000000000000000000000def,1715,2,1499.0
000000000000000000000df0,749,3,649.0
000000000000000000000df1,941,3,677.0
000000000000000000000df2,1417,1,399.0
000000000000000000000df3,1972,2,389.0
000000000000000000000df4,1560,3,829.0
000000000000000000000df4,2226,2,150.0
000000000000000000000df4,1167,1,199.0
000000000000000000000df5,4696,3,29.0
000000000000000000000df5,1160,1,339.5
000000000000000000000df5,4590,2,54.9
000000000000000000000df5,247,3,1938.0
000000000000000000000df6,4573,3,45.9
000000000000000000000df6,3861,3,35.0
000000000000000000000df7,2071,1,105.0
000000000000000000000df8,36,3,379.0
000000000000000000000df8,251,3,6090.0
000000000000000000000df9,779,2,819.0
000000000000000000000dfa,4804,2,93.9
000000000000000000000dfa,1062,1,929.0
000000000000000000000dfb,3342,1,969.0
000000000000000000000dfb,5041,3,93.9
000000000000000000000dfb,4696,3,29.0
000000000000000000000dfb,3406,1,4399.0
000000000000000000000dfc,2004,3,829.0
000000000000000000000dfd,4492,1,55.9
000000000000000000000dfe,2221,3,240.9
000000000000000000000dff,1429,2,3120.0
000000000000000000000dff,2785,1,528.9
000000000000000000000dff,1626,1,2599.0
000000000000000000000dff,4881,1,129.0
000000000000000000000e00,3567,1,140.9
000000000000000000000e01,1811,2,129.9
000000000000000000000e01,676,2,169.0
000000000000000000000e02,2939,3,279.9
000000000000000000000e02,4372,3,103.9
000000000000000000000e02,4158,2,53.55
000000000000000000000e02,58,1,59.0
000000000000000000000e03,1076,1,2448.0
000000000000000000000e03,1459,2,1549.0
000000000000000000000e03,4991,3,765.0
000000000000000000000e04,1484,2,1789.0
000000000000000000000e04,371,3,799.0
000000000000000000000e05,4975,1,29.9
000000000000000000000e05,724,3,1799.0
000000000000000000000e06,2503,2,599.0
000000000000000000000e07,853,1,629.0
000000000000000000000e08,4674,2,158.0
000000000000000000000e08,3808,3,79.9
000000000000000000000e08,320,1,499.0
000000000000000000000e08,894,1,677.0
000000000000000000000e09,3080,1,679.0
000000000000000000000e09,498,3,89.0
000000000000000000000e0a,4159,3,59.9
000000000000000000000e0b,4062,2,73.0
000000000000000000000e0c,4688,3,50.0
000000000000000000000e0c,4951,3,86.9
000000000000000000000e0c,3926,1,65.9
000000000000000000000e0d,1805,3,885.0
000000000000000000000e0d,1731,3,1889.0
000000000000000000000e0d,4267,3,104.99
000000000000000000000e0d,3980,3,67.0
000000000000000000000e0e,4196,3,199.0
000000000000000000000e0e,3249,1,68.9
000000000000000000000e0e,4199,3,199.0
000000000000000000000e0f,1989,3,245.0
000000000000000000000e0f,420,3,249.0
000000000000000000000e10,4771,3,69.0
000000000000000000000e11,2562,2,1479.0
000000000000000000000e11,3790,2,50.9
000000000000000000000e11,2070,1,124.9
000000000000000000000e12,1110,2,129.0
000000000000000000000e12,3159,3,299.9
000000000000000000000e12,2813,1,4409.0
000000000000000000000e13,3204,1,226.9
000000000000000000000e14,4223,3,230.3
000000000000000000000e14,1715,3,1499.0
000000000000000000000e15,3786,2,59.9
000000000000000000000e15,4965,2,59.0
000000000000000000000e15,4689,3,50.0
000000000000000000000e16,4524,1,49.9
000000000000000000000e17,320,2,499.0
000000000000000000000e17,4005,3,25.9
000000000000000000000e17,1725,3,1249.0
000000000000000000000e17,466,1,189.9
000000000000000000000e18,1584,2,2159.0
000000000000000000000e19,3178,1,129.0
000000000000000000000e19,4784,1,219.0
000000000000000000000e1a,1550,2,1029.0
000000000000000000000e1b,355,3,3099.0
000000000000000000000e1c,3217,2,19.9
000000000000000000000e1c,2581,1,195.0
000000000000000000000e1c,1603,2,1749.9
000000000000000000000e1c,1300,3,273.9
000000000000000000000e1d,4868,3,35.5
000000000000000000000e1e,614,2,179.0
000000000000000000000e1e,2393,3,579.0
000000000000000000000e1f,2824,3,1899.0
000000000000000000000e20,3368,1,779.0
000000000000000000000e21,2953,3,300.0
000000000000000000000e22,4618,1,192.5
000000000000000000000e23,117,2,1189.0
000000000000000000000e23,3429,1,1099.0
000000000000000000000e24,4433,1,499.9
000000000000000000000e24,1941,2,239.0
000000000000000000000e24,5180,2,1949.0
000000000000000000000e25,2103,2,69.0
000000000000000000000e25,3040,2,3599.0
000000000000000000000e26,1739,2,1699.0
000000000000000000000e26,2727,2,2999.0
000000000000000000000e26,3512,2,119.0
000000000000000000000e26,55,3,399.0
000000000000000000000e27,1122,2,699.0
000000000000000000000e28,3368,1,779.0
000000000000000000000e29,3089,2,1638.0
000000000000000000000e29,1165,3,139.0
000000000000000000000e2a,3069,3,2199.0
000000000000000000000e2a,2763,1,869.0
000000000000000000000e2b,3787,3,189.0
000000000000000000000e2b,195,1,2649.0
000000000000000000000e2c,1711,2,1049.0
000000000000000000000e2d,939,3,625.0
000000000000000000000e2d,3133,1,149.9
000000000000000000000e2d,1494,3,1629.0
000000000000000000000e2e,595,1,74.99
000000000000000000000e2e,4885,3,106.0
000000000000000000000e2f,2763,1,869.0
000000000000000000000e30,456,3,1089.0
000000000000000000000e31,2292,2,159.0
000000000000000000000e31,1490,1,1688.0
000000000000000000000e32,3645,3,188.0
000000000000000000000e32,1365,1,229.0
000000000000000000000e33,212,2,1700.0
000000000000000000000e33,649,3,139.0
000000000000000000000e33,1372,3,255.0
000000000000000000000e34,4749,2,229.0
000000000000000000000e35,3416,2,115.0
000000000000000000000e35,160,2,1699.0
000000000000000000000e35,3495,1,1799.0
000000000000000000000e36,3777,1,55.9
000000000000000000000e37,4394,1,39.9
000000000000000000000e37,2138,2,119.0
000000000000000000000e38,3835,2,63.9
000000000000000000000e39,4211,1,139.3
000000000000000000000e39,4098,3,25.9
000000000000000000000e39,4970,2,55.0
000000000000000000000e39,3718,1,66.0
000000000000000000000e3a,1202,3,255.9
000000000000000000000e3a,3286,3,859.0
000000000000000000000e3a,584,2,133.0
000000000000000000000e3b,611,1,1138.9
000000000000000000000e3b,4227,2,77.9
000000000000000000000e3b,3476,2,799.0
000000000000000000000e3c,3289,2,419.0
000000000000000000000e3d,1183,3,72.9
000000000000000000000e3d,3820,3,105.0
000000000000000000000e3e,2958,1,989.0
000000000000000000000e3f,695,1,269.0
000000000000000000000e3f,4726,3,93.9
000000000000000000000e3f,4948,3,129.9
000000000000000000000e40,971,3,669.0
000000000000000000000e40,3861,3,35.0
000000000000000000000e40,10,2,529.0
000000000000000000000e40,4215,2,179.0
000000000000000000000e41,848,2,999.0
000000000000000000000e41,450,2,165.0
000000000000000000000e42,3627,2,349.9
000000000000000000000e42,4892,2,106.0
000000000000000000000e43,2684,1,2299.0
000000000000000000000e43,552,1,169.0
000000000000000000000e44,870,2,359.0
000000000000000000000e45,1218,2,459.0
000000000000000000000e46,5061,1,300.0
000000000000000000000e46,1439,1,489.9
000000000000000000000e46,269,3,598.0
000000000000000000000e47,3775,3,79.0
000000000000000000000e47,2735,1,4249.0
000000000000000000000e48,2085,1,129.0
000000000000000000000e48,1369,2,1849.0
000000000000000000000e48,2839,3,3399.0
000000000000000000000e49,684,2,169.9
000000000000000000000e4a,3002,1,520.0
000000000000000000000e4b,3472,3,89.0
000000000000000000000e4b,3240,3,119.0
000000000000000000000e4b,4698,2,146.9
000000000000000000000e4c,40,2,519.0
000000000000000000000e4c,4344,2,149.9
000000000000000000000e4c,2624,1,2700.0
000000000000000000000e4d,4268,3,119.0
000000000000000000000e4d,2444,2,249.0
000000000000000000000e4d,5042,3,1280.0
000000000000000000000e4e,1733,3,1668.0
000000000000000000000e4e,2765,2,919.0
000000000000000000000e4f,2710,1,4521.0
000000000000000000000e50,1995,2,589.0
000000000000000000000e51,742,3,1800.0
000000000000000000000e51,465,1,189.9
000000000000000000000e51,4245,3,175.7
000000000000000000000e51,3047,2,299.0
000000000000000000000e52,2634,1,2799.0
000000000000000000000e52,4887,1,19.0
000000000000000000000e53,1718,3,1599.0
000000000000000000000e53,429,2,149.0
000000000000000000000e54,327,1,449.0
000000000000000000000e55,4058,1,59.9
000000000000000000000e55,1100,2,1799.0
000000000000000000000e56,3968,1,349.0
000000000000000000000e56,4490,3,55.9
000000000000000000000e57,2093,3,79.9
000000000000000000000e57,4988,3,159.0
000000000000000000000e58,3733,2,69.9
000000000000000000000e58,850,3,1139.0
000000000000000000000e59,3521,1,142.0
000000000000000000000e5a,1181,3,28.9
000000000000000000000e5b,4125,3,64.9
000000000000000000000e5b,4248,3,109.99
000000000000000000000e5c,2284,2,659.0
000000000000000000000e5d,35,1,599.0
000000000000000000000e5e,1746,3,1589.0
000000000000000000000e5e,3408,2,125.0
000000000000000000000e5e,27,1,599.0
000000000000000000000e5e,2690,3,4732.0
000000000000000000000e5f,3088,1,1638.0
000000000000000000000e60,4326,2,59.9
000000000000000000000e60,2346,3,104.9
000000000000000000000e60,2414,1,369.0
000000000000000000000e61,573,2,287.99
000000000000000000000e61,2951,1,999.0
000000000000000000000e61,3356,3,669.0
000000000000000000000e61,4542,1,49.9
000000000000000000000e62,3432,2,1099.0
000000000000000000000e63,288,1,959.0
000000000000000000000e64,1747,2,190.0
000000000000000000000e65,3391,3,109.0
000000000000000000000e66,514,1,240.0
000000000000000000000e66,862,3,390.0
000000000000000000000e67,4568,1,27.3
000000000000000000000e67,4000,2,25.9
000000000000000000000e67,4421,2,69.9
000000000000000000000e68,3288,2,339.0
000000000000000000000e69,236,1,2185.0
000000000000000000000e6a,1404,3,649.0
000000000000000000000e6b,2590,3,2361.0
000000000000000000000e6b,5026,3,79.0
000000000000000000000e6b,2233,3,257.0
000000000000000000000e6b,3196,3,62.0
000000000000000000000e6c,4364,2,108.9
000000000000000000000e6c,2348,1,240.0
000000000000000000000e6c,3679,1,9.9
000000000000000000000e6c,295,1,419.0
000000000000000000000e6d,3771,3,188.0
000000000000000000000e6d,747,1,649.0
000000000000000000000e6e,4285,2,230.0
000000000000000000000e6e,3576,3,100.0
000000000000000000000e6e,2401,2,289.0
000000000000000000000e6e,1039,3,749.0
000000000000000000000e6f,1180,3,189.9
000000000000000000000e70,4144,2,39.9
000000000000000000000e71,60,1,400.0
000000000000000000000e71,3332,1,799.0
000000000000000000000e71,1491,2,1688.0
000000000000000000000e71,4399,3,349.9
000000000000000000000e72,2803,1,3369.0
000000000000000000000e72,3484,1,1949.0
000000000000000000000e73,300,2,3499.0
000000000000000000000e73,459,2,174.9
000000000000000000000e74,1031,2,2140.0
000000000000000000000e75,3672,2,129.0
000000000000000000000e75,186,3,1739.0
000000000000000000000e76,2767,2,3999.0
000000000000000000000e77,3686,1,10.9
000000000000000000000e77,3754,1,59.9
000000000000000000000e77,317,2,425.9
000000000000000000000e77,2402,2,699.0
000000000000000000000e78,3452,3,46.9
000000000000000000000e78,2339,2,329.0
000000000000000000000e78,3275,1,2649.0
000000000000000000000e79,84,2,469.0
000000000000000000000e7a,3533,1,329.0
000000000000000000000e7a,4092,1,49.9
000000000000000000000e7a,1870,3,449.0
000000000000000000000e7b,4934,2,55.0
000000000000000000000e7c,3468,1,99.0
000000000000000000000e7d,2286,2,799.0
000000000000000000000e7d,1308,1,68.8
000000000000000000000e7d,3455,2,949.0
000000000000000000000e7e,1055,3,793.0
000000000000000000000e7f,962,1,199.0
000000000000000000000e80,1834,1,2599.0
000000000000000000000e81,621,3,155.9
000000000000000000000e81,313,1,899.0
000000000000000000000e81,4431,1,135.92
000000000000000000000e82,3756,1,79.0
000000000000000000000e83,581,2,449.0
000000000000000000000e83,2612,3,3900.0
000000000000000000000e83,3121,2,389.9
000000000000000000000e84,2424,2,609.0
000000000000000000000e84,2896,2,989.0
000000000000000000000e85,2807,2,2439.0
000000000000000000000e86,5174,2,239.9
000000000000000000000e86,680,1,149.0
000000000000000000000e87,4581,2,58.0
000000000000000000000e87,1838,1,2599.0
000000000000000000000e87,5114,3,259.0
000000000000000000000e88,506,2,79.9
000000000000000000000e89,609,2,569.0
000000000000000000000e8a,3066,2,1500.0
000000000000000000000e8b,1111,2,473.9
000000000000000000000e8c,4202,3,209.3
000000000000000000000e8d,2969,3,539.9
000000000000000000000e8d,1983,1,286.0
000000000000000000000e8d,1412,1,169.0
000000000000000000000e8e,1417,2,399.0
000000000000000000000e8e,4774,1,45.0
000000000000000000000e8e,1641,2,1969.99
000000000000000000000e8f,726,3,399.0
000000000000000000000e90,4684,2,169.0
000000000000000000000e91,2072,1,145.0
000000000000000000000e91,726,3,399.0
000000000000000000000e92,4869,1,35.5
000000000000000000000e93,1911,3,1419.0
000000000000000000000e93,2147,2,199.0
000000000000000000000e93,4116,2,86.5
000000000000000000000e94,3783,3,69.5
000000000000000000000e94,3503,2,129.0
000000000000000000000e95,955,1,1499.0
000000000000000000000e96,1834,1,2599.0
000000000000000000000e96,324,2,499.0
000000000000000000000e97,416,3,39.0
000000000000000000000e97,4556,1,64.0
000000000000000000000e97,4465,3,119.0
000000000000000000000e97,4328,2,139.0
000000000000000000000e98,4689,1,50.0
000000000000000000000e99,1778,1,899.0
000000000000000000000e9a,1242,1,93.9
000000000000000000000e9b,2461,3,29.9
000000000000000000000e9c,1784,3,729.0
000000000000000000000e9d,3926,2,65.9
000000000000000000000e9d,2381,1,180.0
000000000000000000000e9d,293,1,419.0
000000000000000000000e9e,2159,3,39.0
000000000000000000000e9f,3890,1,54.9
000000000000000000000e9f,3202,3,22.9
000000000000000000000e9f,2826,2,799.0
000000000000000000000ea0,617,2,49.89
000000000000000000000ea1,4128,1,49.0
000000000000000000000ea1,630,3,149.0
000000000000000000000ea2,3601,1,8.9
000000000000000000000ea3,1686,2,1699.0
000000000000000000000ea3,496,2,89.99
000000000000000000000ea3,3478,1,279.0
000000000000000000000ea4,3252,1,1799.0
000000000000000000000ea4,3254,3,999.0
000000000000000000000ea4,4953,1,87.0
000000000000000000000ea5,886,3,1449.0
000000000000000000000ea6,539,3,45.5
000000000000000000000ea6,2248,1,369.0
000000000000000000000ea7,251,2,6090.0
000000000000000000000ea8,4438,1,149.9
000000000000000000000ea8,4311,3,135.0
000000000000000000000ea8,4523,3,49.9
000000000000000000000ea9,4038,3,23.9
000000000000000000000ea9,1528,2,700.0
000000000000000000000ea9,1165,3,139.0
000000000000000000000eaa,2917,1,979.0
000000000000000000000eaa,2592,3,1852.0
000000000000000000000eaa,923,1,359.0
000000000000000000000eab,4255,2,84.9
000000000000000000000eab,1353,3,70.9
000000000000000000000eab,1927,3,299.0
000000000000000000000eab,3510,1,349.0
000000000000000000000eac,1578,3,1199.0
000000000000000000000eac,1191,1,479.0
000000000000000000000eac,1971,1,1599.0
000000000000000000000ead,3386,2,749.9
000000000000000000000ead,3450,3,38.9
000000000000000000000eae,4024,1,23.9
000000000000000000000eaf,1382,3,509.0
000000000000000000000eb0,40,1,519.0
000000000000000000000eb0,4202,1,209.3
000000000000000000000eb1,4457,3,55.3
000000000000000000000eb1,924,2,589.99
000000000000000000000eb2,3123,1,24.9
000000000000000000000eb2,969,2,6401.11
000000000000000000000eb3,4231,3,31.92
000000000000000000000eb4,5166,2,79.0
000000000000000000000eb5,2022,3,359.0
000000000000000000000eb5,3112,2,89.9
000000000000000000000eb6,734,1,919.0
000000000000000000000eb6,2187,1,290.0
000000000000000000000eb7,2769,3,2049.0
000000000000000000000eb8,57,1,169.99
000000000000000000000eb9,1228,1,159.0
000000000000000000000eba,811,3,329.0
000000000000000000000eba,3646,1,65.0
000000000000000000000ebb,2662,3,1449.0
000000000000000000000ebb,5169,1,190.0
000000000000000000000ebb,3695,2,43.8
000000000000000000000ebb,176,1,3099.0
000000000000000000000ebc,930,1,649.0
000000000000000000000ebd,4323,3,120.0
000000000000000000000ebe,278,1,898.0
000000000000000000000ebe,128,2,2529.0
000000000000000000000ebe,3441,3,159.0
000000000000000000000ebf,1485,3,1789.0
000000000000000000000ec0,2698,1,1149.0
000000000000000000000ec0,2406,1,979.0
000000000000000000000ec1,1069,1,139.9
000000000000000000000ec1,3889,3,71.9
000000000000000000000ec1,2809,1,3629.0
000000000000000000000ec2,3661,2,52.9
000000000000000000000ec2,1677,2,1329.9
000000000000000000000ec3,1919,3,420.0
000000000000000000000ec3,2565,1,949.0
000000000000000000000ec4,4214,2,179.0
000000000000000000000ec4,4965,3,59.0
000000000000000000000ec5,105,2,799.0
000000000000000000000ec6,2768,2,2289.0
000000000000000000000ec6,3674,1,1459.0
000000000000000000000ec7,2309,1,89.5
000000000000000000000ec8,2873,1,180.0
000000000000000000000ec9,3960,3,51.9
000000000000000000000ec9,1385,3,329.0
000000000000000000000eca,4545,3,49.9
000000000000000000000eca,1022,1,399.0
000000000000000000000ecb,3739,3,79.0
000000000000000000000ecc,531,3,165.0
000000000000000000000ecd,2275,2,197.0
000000000000000000000ecd,598,3,409.9
000000000000000000000ecd,17,3,419.0
000000000000000000000ece,2112,1,38.0
000000000000000000000ece,2086,3,179.0
000000000000000000000ece,3128,3,280.0
000000000000000000000ece,670,1,1199.0
000000000000000000000ecf,2474,2,25.0
000000000000000000000ed0,2757,3,4259.0
000000000000000000000ed0,1514,3,2498.9
000000000000000000000ed0,1976,2,259.0
000000000000000000000ed0,4072,2,119.9
000000000000000000000ed1,3841,3,64.9
000000000000000000000ed2,777,1,699.0
000000000000000000000ed3,1339,2,219.4
000000000000000000000ed3,1360,2,454.9
000000000000000000000ed4,160,3,1699.0
000000000000000000000ed4,1216,2,209.0
000000000000000000000ed5,2958,2,989.0
000000000000000000000ed5,3764,2,88.0
000000000000000000000ed5,518,2,14.9
000000000000000000000ed6,10,3,529.0
000000000000000000000ed6,114,3,529.0
000000000000000000000ed6,1548,2,669.0
000000000000000000000ed7,2015,3,359.0
000000000000000000000ed7,3993,1,25.9
000000000000000000000ed8,4752,1,67.5
000000000000000000000ed8,1842,2,849.0
000000000000000000000ed8,1346,3,71.9
000000000000000000000ed9,2223,3,300.0
000000000000000000000eda,3354,3,899.0
000000000000000000000eda,1442,2,540.0
000000000000000000000edb,3236,1,499.9
000000000000000000000edb,2595,2,4398.0
000000000000000000000edb,3618,2,299.0
000000000000000000000edc,4114,2,209.9
000000000000000000000edc,844,3,949.0
000000000000000000000edd,2735,1,4249.0
000000000000000000000ede,1850,1,999.0
000000000000000000000edf,3042,2,679.9
000000000000000000000ee0,3781,1,89.0
000000000000000000000ee0,2113,2,68.0
000000000000000000000ee0,322,1,469.0
000000000000000000000ee0,3122,2,39.0
000000000000000000000ee1,3921,2,27.9
000000000000000000000ee2,4709,1,35.0
000000000000000000000ee2,4863,3,98.0
000000000000000000000ee2,203,2,3279.0
000000000000000000000ee3,1712,1,949.0
000000000000000000000ee3,1591,2,1399.0
000000000000000000000ee4,2908,1,989.0
000000000000000000000ee4,3279,3,1.0
000000000000000000000ee5,1448,2,3869.0
000000000000000000000ee5,1526,3,701.0
000000000000000000000ee6,436,3,50.0
000000000000000000000ee6,57,3,169.99
000000000000000000000ee6,4451,2,103.9
000000000000000000000ee7,3652,1,28.9
000000000000000000000ee8,5180,3,1949.0
000000000000000000000ee8,5135,3,429.99
000000000000000000000ee9,3989,3,59.9
000000000000000000000eea,4291,3,119.9
000000000000000000000eeb,3449,3,979.0
000000000000000000000eeb,4681,2,75.0
000000000000000000000eec,2921,2,729.9
000000000000000000000eed,4419,2,79.9
000000000000000000000eed,1823,3,169.0
000000000000000000000eee,5155,3,141.9
000000000000000000000eee,3689,3,1199.0
000000000000000000000eee,1624,2,749.0
000000000000000000000eef,4556,3,64.0
000000000000000000000eef,1749,3,1099.0
000000000000000000000ef0,4243,3,129.0
000000000000000000000ef0,1784,1,729.0
000000000000000000000ef1,3065,3,800.0
000000000000000000000ef1,4765,2,849.0
000000000000000000000ef2,96,2,450.0
000000000000000000000ef3,302,3,439.0
000000000000000000000ef3,3304,2,1349.0
000000000000000000000ef4,4656,2,129.9
000000000000000000000ef4,4727,1,99.0
000000000000000000000ef4,4358,1,103.9
000000000000000000000ef5,2744,1,3199.0
000000000000000000000ef6,2888,3,286.9
000000000000000000000ef7,3397,1,159.0
000000000000000000000ef8,1648,3,1149.0
000000000000000000000ef9,3015,1,800.0
000000000000000000000efa,746,1,580.0
000000000000000000000efb,3081,1,679.0
000000000000000000000efc,3779,3,169.9
000000000000000000000efc,1679,3,1699.0
000000000000000000000efd,3703,3,539.0
000000000000000000000efd,2195,1,289.0
000000000000000000000efd,4623,2,192.5
000000000000000000000efd,1752,3,1299.0
000000000000000000000efe,2477,3,399.0
000000000000000000000efe,4496,2,59.0
000000000000000000000eff,1264,2,119.99
000000000000000000000f00,5145,3,1189.0
000000000000000000000f00,1620,2,1699.0
000000000000000000000f00,3843,3,449569.0
000000000000000000000f01,5050,1,320.0
000000000000000000000f01,191,2,2775.0
000000000000000000000f01,4911,1,39.9
000000000000000000000f02,4582,1,58.0
000000000000000000000f02,881,2,399.0
000000000000000000000f03,4708,2,65.0
000000000000000000000f03,2459,2,60.0
000000000000000000000f04,4499,3,39.0
000000000000000000000f04,467,3,189.0
000000000000000000000f05,2825,1,2169.0
000000000000000000000f06,3626,3,160.0
000000000000000000000f06,742,3,1800.0
000000000000000000000f06,4862,3,3834.68
000000000000000000000f07,4967,2,69.0
000000000000000000000f08,2650,1,1379.0
000000000000000000000f09,3195,3,399.0
000000000000000000000f09,2298,3,79.9
000000000000000000000f09,3222,1,119.0
000000000000000000000f0a,4329,2,101.99
000000000000000000000f0b,3186,1,44.9
000000000000000000000f0b,264,3,2499.0
000000000000000000000f0c,2543,2,179.0
000000000000000000000f0d,481,2,10.0
000000000000000000000f0d,1737,2,999.0
000000000000000000000f0e,672,2,629.0
000000000000000000000f0f,1948,2,259.0
000000000000000000000f0f,4707,3,65.0
000000000000000000000f0f,3319,2,3349.0
000000000000000000000f0f,2565,3,949.0
000000000000000000000f10,364,2,449.0
000000000000000000000f10,348,3,1099.0
000000000000000000000f10,2480,3,35.0
000000000000000000000f10,1005,1,909.0
000000000000000000000f11,3286,1,859.0
000000000000000000000f11,11,3,529.0
000000000000000000000f11,823,2,2699.0
000000000000000000000f12,3948,3,38.99
000000000000000000000f12,1582,1,1499.0
000000000000000000000f13,2899,3,979.0
000000000000000000000f13,3815,1,89.0
000000000000000000000f13,776,2,919.0
000000000000000000000f14,4978,3,169.0
000000000000000000000f14,4655,1,209.0
000000000000000000000f15,2919,2,1129.9
000000000000000000000f16,4722,2,69.0
000000000000000000000f17,64,3,361.0
000000000000000000000f18,1335,1,119.0
000000000000000000000f18,4576,2,49.9
000000000000000000000f18,2996,3,520.0
000000000000000000000f19,1151,1,99.9
000000000000000000000f1a,2173,1,55.9
000000000000000000000f1b,599,2,409.9
000000000000000000000f1b,3860,3,36.0
000000000000000000000f1b,4064,3,69.0
000000000000000000000f1c,3273,1,1399.0
000000000000000000000f1d,1076,2,2448.0
000000000000000000000f1d,269,3,598.0
000000000000000000000f1d,1881,2,70.0
000000000000000000000f1d,488,1,39.0
000000000000000000000f1e,3536,1,329.0
000000000000000000000f1f,1080,3,199.9
000000000000000000000f1f,1885,3,199.0
000000000000000000000f20,4782,3,929.44
000000000000000000000f21,1235,1,99.0
000000000000000000000f22,4137,1,229.0
000000000000000000000f22,4959,1,85.0
000000000000000000000f23,4486,2,55.9
000000000000000000000f23,397,1,479.0
000000000000000000000f23,2361,2,60.0
000000000000000000000f24,49,2,459.0
000000000000000000000f24,4251,2,49.9
000000000000000000000f24,1004,1,658.0
000000000000000000000f25,3335,1,1599.0
000000000000000000000f26,2103,2,69.0
000000000000000000000f26,313,2,899.0
000000000000000000000f26,4521,3,49.9
000000000000000000000f26,1935,2,244.0
000000000000000000000f27,2724,3,931.0
000000000000000000000f28,3264,2,519.0
000000000000000000000f29,2854,2,699.0
000000000000000000000f29,4682,1,85.0
000000000000000000000f29,333,3,739.0
000000000000000000000f29,3991,2,299.0
000000000000000000000f2a,2942,2,259.9
000000000000000000000f2b,1561,3,828.0
000000000000000000000f2c,4920,1,139.0
000000000000000000000f2c,2830,1,2799.0
000000000000000000000f2d,5162,2,5139.0
000000000000000000000f2e,2623,1,1099.0
000000000000000000000f2e,4772,3,69.0
000000000000000000000f2e,118,2,1189.0
000000000000000000000f2f,3197,2,750.0
000000000000000000000f30,2527,1,3399.9
000000000000000000000f30,4889,2,2499.0
000000000000000000000f30,4277,2,250.0
000000000000000000000f31,377,2,3099.0
000000000000000000000f31,1024,2,279.0
000000000000000000000f32,516,2,59.0
000000000000000000000f33,1209,2,787.9
000000000000000000000f33,2641,1,1409.0
000000000000000000000f33,1213,1,1539.0
000000000000000000000f34,2630,3,2519.9
000000000000000000000f35,3708,2,29.9
000000000000000000000f35,1473,1,1690.0
000000000000000000000f35,885,2,1149.0
000000000000000000000f36,719,1,779.0
000000000000000000000f37,5019,3,109.9
000000000000000000000f38,1013,1,1265.0
000000000000000000000f38,55,1,399.0
000000000000000000000f38,4953,3,87.0
000000000000000000000f39,2271,1,199.0
000000000000000000000f39,616,3,199.0
000000000000000000000f39,2303,2,589.0
000000000000000000000f3a,3815,3,89.0
000000000000000000000f3a,3947,3,49.0
000000000000000000000f3b,941,2,677.0
000000000000000000000f3c,4636,1,189.0
000000000000000000000f3c,4236,3,134.0
000000000000000000000f3d,2546,1,149.0
000000000000000000000f3e,2724,2,931.0
000000000000000000000f3e,2963,2,999.0
000000000000000000000f3e,4129,2,59.5
000000000000000000000f3f,2462,3,399.0
000000000000000000000f40,1222,2,249.0
000000000000000000000f40,2577,3,1750.0
000000000000000000000f40,2547,1,289.99
000000000000000000000f41,4313,3,64.9
000000000000000000000f41,4564,1,76.9
000000000000000000000f41,1529,2,829.0
000000000000000000000f42,4320,3,93.9
000000000000000000000f42,1530,2,949.0
000000000000000000000f43,3104,3,70.0
000000000000000000000f43,363,1,449.0
000000000000000000000f44,1060,3,521.9
000000000000000000000f44,456,2,1089.0
000000000000000000000f45,3196,3,62.0
000000000000000000000f45,4551,1,99.9
000000000000000000000f45,2949,1,209.9
000000000000000000000f46,283,2,899.0
000000000000000000000f47,2158,3,310.0
000000000000000000000f47,1802,1,729.0
000000000000000000000f47,32,1,599.0
000000000000000000000f48,4895,2,90.0
000000000000000000000f49,1750,2,1239.0
000000000000000000000f49,567,1,129.9
000000000000000000000f49,4876,1,52.9
000000000000000000000f49,5017,3,109.9
000000000000000000000f4a,3694,2,290.0
000000000000000000000f4a,1349,3,84.9
000000000000000000000f4a,5098,2,299.0
000000000000000000000f4b,2479,2,35.0
000000000000000000000f4b,1854,3,1099.0
000000000000000000000f4b,2413,3,83.9
000000000000000000000f4c,3387,3,1999.0
000000000000000000000f4c,5136,3,199.0
000000000000000000000f4c,564,3,299.0
000000000000000000000f4d,1072,1,569.0
000000000000000000000f4e,3581,1,200.0
000000000000000000000f4f,1726,1,1249.0
000000000000000000000f4f,1757,1,74.9
000000000000000000000f4f,963,1,199.0
000000000000000000000f4f,1313,3,5999.0
000000000000000000000f50,3691,1,1519.9
000000000000000000000f51,3247,3,5.9
000000000000000000000f52,3761,1,75.0
000000000000000000000f53,31,2,399.0
000000000000000000000f53,3681,3,1699.0
000000000000000000000f54,1483,3,1789.0
000000000000000000000f55,4125,1,64.9
000000000000000000000f55,3403,2,690.0
000000000000000000000f55,4401,3,239.0
000000000000000000000f56,1766,1,899.0
000000000000000000000f56,4905,1,39.9
000000000000000000000f56,1688,2,599.0
000000000000000000000f57,301,2,2719.0
000000000000000000000f57,3296,3,939.0
000000000000000000000f58,775,3,919.0
000000000000000000000f58,1489,2,1789.0
000000000000000000000f58,1658,1,1299.0
000000000000000000000f58,2068,2,109.0
000000000000000000000f59,4267,3,104.99
000000000000000000000f5a,2142,1,179.0
000000000000000000000f5b,724,3,1799.0
000000000000000000000f5b,3882,1,38.99
000000000000000000000f5c,4334,1,119.9
000000000000000000000f5d,4526,2,49.9
000000000000000000000f5d,5124,1,450.0
000000000000000000000f5d,3050,1,699.0
000000000000000000000f5d,4692,3,149.0
000000000000000000000f5e,3360,1,999.0
000000000000000000000f5f,3779,3,169.9
000000000000000000000f5f,3504,2,8.9
000000000000000000000f60,1710,1,849.0
000000000000000000000f60,2529,2,165.0
000000000000000000000f61,4550,3,109.9
000000000000000000000f61,193,3,3129.0
000000000000000000000f61,4487,2,55.9
000000000000000000000f62,4972,1,39.9
000000000000000000000f63,272,1,1009.0
000000000000000000000f63,770,1,2609.0
000000000000000000000f63,615,3,209.0
000000000000000000000f64,1629,2,1299.0
000000000000000000000f65,4793,3,599.0
000000000000000000000f66,3150,2,299.0
000000000000000000000f67,734,2,919.0
000000000000000000000f67,2807,1,2439.0
000000000000000000000f68,1894,2,699.0
000000000000000000000f69,1485,1,1789.0
000000000000000000000f6a,4170,2,329.0
000000000000000000000f6b,5083,2,580.0
000000000000000000000f6b,3842,3,89.9
000000000000000000000f6b,849,2,1199.0
000000000000000000000f6b,2983,3,399.9
000000000000000000000f6c,2750,2,3599.0
000000000000000000000f6d,1499,3,1899.0
000000000000000000000f6e,2788,3,2699.0
000000000000000000000f6e,3329,3,629.0
000000000000000000000f6f,287,3,899.0
000000000000000000000f6f,4291,3,119.9
000000000000000000000f6f,2811,2,3889.0
000000000000000000000f70,4843,3,349.0
000000000000000000000f70,2404,1,1098.0
000000000000000000000f70,1742,2,1629.0
000000000000000000000f71,4015,2,22.99
000000000000000000000f72,2162,3,70.4
000000000000000000000f72,2743,2,4139.0
000000000000000000000f73,3626,2,160.0
000000000000000000000f73,642,2,319.0
000000000000000000000f74,2620,1,1109.0
000000000000000000000f74,296,2,639.0
000000000000000000000f74,1063,1,54899.0
000000000000000000000f74,2075,2,88.0
000000000000000000000f75,4295,2,104.99
000000000000000000000f75,5007,2,60.0
000000000000000000000f76,2863,2,699.0
000000000000000000000f77,3069,3,2199.0
000000000000000000000f77,1881,1,70.0
000000000000000000000f78,4974,1,89.0
000000000000000000000f79,2267,1,209.9
000000000000000000000f7a,11,3,529.0
000000000000000000000f7b,2575,3,599.0
000000000000000000000f7b,847,1,1090.0
000000000000000000000f7b,376,2,3099.0
000000000000000000000f7c,1656,2,1198.0
000000000000000000000f7c,2387,2,609.0
000000000000000000000f7d,306,1,718.0
000000000000000000000f7d,2029,2,149.9
000000000000000000000f7d,1790,1,1499.0
000000000000000000000f7e,1202,1,255.9
000000000000000000000f7f,728,1,707.0
000000000000000000000f80,4886,2,408.0
000000000000000000000f81,3898,1,369.0
000000000000000000000f81,4635,3,195.0
000000000000000000000f81,3845,1,25.9
000000000000000000000f82,1761,2,20.0
000000000000000000000f83,1724,1,1310.0
000000000000000000000f83,2797,2,4539.0
000000000000000000000f84,3829,1,139.0
000000000000000000000f85,496,3,89.99
000000000000000000000f85,3940,3,79.9
000000000000000000000f85,698,3,79.0
000000000000000000000f86,3270,1,2299.0
000000000000000000000f87,2982,3,379.9
000000000000000000000f87,4901,3,189.9
000000000000000000000f88,2036,2,649.0
000000000000000000000f88,4082,1,42.9
000000000000000000000f88,3369,2,699.0
000000000000000000000f88,4101,3,49.9
000000000000000000000f89,5145,1,1189.0
000000000000000000000f89,3314,1,299.0
000000000000000000000f89,2977,2,1499.0
000000000000000000000f8a,4407,3,129.9
000000000000000000000f8b,88,2,469.0
000000000000000000000f8b,1868,2,449.0
000000000000000000000f8b,2084,1,39.7
000000000000000000000f8b,4240,2,149.0
000000000000000000000f8c,2149,2,199.0
000000000000000000000f8c,5081,1,280.0
000000000000000000000f8c,1060,3,521.9
000000000000000000000f8d,4146,3,30.5
000000000000000000000f8d,2006,2,799.0
000000000000000000000f8e,4254,3,175.7
000000000000000000000f8e,2668,3,1349.0
000000000000000000000f8f,4513,2,49.9
000000000000000000000f8f,4604,3,165.0
000000000000000000000f8f,4691,3,189.0
000000000000000000000f90,3046,1,349.9
000000000000000000000f90,3570,3,140.9
000000000000000000000f91,2963,1,999.0
000000000000000000000f92,4900,2,189.9
000000000000000000000f92,5100,2,259.0
000000000000000000000f93,2935,1,999.0
000000000000000000000f93,3274,1,1649.0
000000000000000000000f93,2889,1,699.0
000000000000000000000f93,2169,2,99.9
000000000000000000000f94,493,1,39.0
000000000000000000000f94,1475,1,1399.0
000000000000000000000f94,3793,1,60.0
000000000000000000000f95,4575,2,49.9
000000000000000000000f96,320,3,499.0
000000000000000000000f97,1020,3,299.0
000000000000000000000f98,2359,3,185.0
000000000000000000000f99,1676,3,699.0
000000000000000000000f99,4808,3,78.9
000000000000000000000f9a,860,2,6614.79
000000000000000000000f9b,1132,1,359.9
000000000000000000000f9b,3577,3,100.0
000000000000000000000f9b,2249,2,169.9
000000000000000000000f9c,3826,3,105.0
000000000000000000000f9d,2773,3,570.0
000000000000000000000f9e,5084,2,249.9
000000000000000000000f9e,2690,2,4732.0
000000000000000000000f9f,2410,3,78.0
000000000000000000000fa0,4182,3,169.0
000000000000000000000fa0,4687,2,149.0
000000000000000000000fa0,1116,2,599799.0
000000000000000000000fa1,3384,3,3499.0
000000000000000000000fa2,2725,3,1440.0
000000000000000000000fa3,3659,2,29.9
000000000000000000000fa3,3594,2,599.0
000000000000000000000fa4,4706,1,65.0
000000000000000000000fa5,1216,3,209.0
000000000000000000000fa5,2364,3,289.0
000000000000000000000fa6,509,3,79.0
000000000000000000000fa7,2544,3,179.0
000000000000000000000fa7,4663,3,189.0
000000000000000000000fa8,1087,3,70.0
000000000000000000000fa8,1618,3,1699.0
000000000000000000000fa9,2983,3,399.9
000000000000000000000faa,2159,3,39.0
000000000000000000000faa,5113,1,199.9
000000000000000000000fab,3955,2,70.0
000000000000000000000fab,3255,1,999.0
000000000000000000000fac,1655,1,1089.0
000000000000000000000fac,2264,2,419.9
000000000000000000000fad,2987,2,2039.0
000000000000000000000fae,2979,1,1700.0
000000000000000000000fae,3565,2,140.9
000000000000000000000fae,1535,3,1199.0
000000000000000000000faf,3397,3,159.0
000000000000000000000faf,3398,1,139.0
000000000000000000000fb0,4756,1,91.5
000000000000000000000fb1,3881,1,249.0
000000000000000000000fb2,766,2,2189.0
000000000000000000000fb2,5127,3,500.0
000000000000000000000fb2,4744,1,530.8
000000000000000000000fb3,3443,3,500.0
000000000000000000000fb3,296,3,639.0
000000000000000000000fb3,4289,3,130.0
000000000000000000000fb4,3046,3,349.9
000000000000000000000fb5,1326,2,4699.0
000000000000000000000fb6,4675,2,229.0
000000000000000000000fb6,3551,3,529.0
000000000000000000000fb6,1991,1,1049.0
000000000000000000000fb7,3667,1,123.0
000000000000000000000fb7,4250,3,238.7
000000000000000000000fb8,2322,3,1259.9
000000000000000000000fb8,3685,1,368.9
000000000000000000000fb9,2237,1,243.9
000000000000000000000fba,1527,3,699.0
000000000000000000000fbb,3384,1,3499.0
000000000000000000000fbb,2515,2,17.0
000000000000000000000fbb,2252,2,104.9
000000000000000000000fbc,4910,1,49.9
000000000000000000000fbc,3557,2,331.9
000000000000000000000fbc,3330,3,1299.0
000000000000000000000fbd,2477,3,399.0
000000000000000000000fbd,2234,3,243.9
000000000000000000000fbe,2108,2,549.0
000000000000000000000fbf,2680,2,2999.0
000000000000000000000fc0,84,3,469.0
000000000000000000000fc0,1251,2,217.9
000000000000000000000fc1,3073,2,120.9
000000000000000000000fc1,2198,2,291.0
000000000000000000000fc1,4827,3,119.0
000000000000000000000fc1,3184,3,59.0
000000000000000000000fc2,1140,3,179.9
000000000000000000000fc3,4590,2,54.9
000000000000000000000fc4,4572,2,40.0
000000000000000000000fc5,4030,3,23.9
000000000000000000000fc5,2465,3,40.0
000000000000000000000fc6,2686,3,2499.0
000000000000000000000fc6,4786,2,976.35
000000000000000000000fc6,3155,3,490.0
000000000000000000000fc7,3772,3,158.0
000000000000000000000fc7,4116,3,86.5
000000000000000000000fc7,3157,1,59.0
000000000000000000000fc8,3924,3,88.9
000000000000000000000fc8,3477,2,84.0
000000000000000000000fc8,2140,1,229.0
000000000000000000000fc8,2093,2,79.9
000000000000000000000fc9,3559,2,29.99
000000000000000000000fca,1237,1,189.9
000000000000000000000fcb,3021,1,800.0
000000000000000000000fcb,1125,2,369.9
000000000000000000000fcb,416,1,39.0
000000000000000000000fcc,178,2,1699.0
000000000000000000000fcc,2788,2,2699.0
000000000000000000000fcd,4452,1,103.9
000000000000000000000fce,4102,2,54.99
000000000000000000000fce,3898,3,369.0
000000000000000000000fce,3468,1,99.0
000000000000000000000fcf,1056,3,849.0
000000000000000000000fcf,1698,1,799.0
000000000000000000000fcf,1675,1,699.0
000000000000000000000fd0,635,1,155.0
000000000000000000000fd0,4023,1,23.9
000000000000000000000fd1,2421,3,619.0
000000000000000000000fd2,1088,2,85.0
000000000000000000000fd3,927,2,535.9
000000000000000000000fd4,52,3,399.0
000000000000000000000fd5,329,2,649.0
000000000000000000000fd6,4504,3,49.9
000000000000000000000fd7,3662,1,52.9
000000000000000000000fd8,3633,1,149.0
000000000000000000000fd8,2311,1,89.0
000000000000000000000fd9,1649,2,1239.0
000000000000000000000fda,1193,2,139.0
000000000000000000000fdb,444,2,32.0
000000000000000000000fdb,1983,3,286.0
000000000000000000000fdb,3320,1,1299.0
000000000000000000000fdb,5154,1,449.0
000000000000000000000fdc,3577,2,100.0
000000000000000000000fdc,4505,3,49.9
000000000000000000000fdc,3994,1,25.9
000000000000000000000fdc,342,2,1099.0
000000000000000000000fdd,4281,1,77.4
000000000000000000000fde,1974,3,244.0
000000000000000000000fde,2990,1,2439.0
000000000000000000000fde,1538,3,906.0
000000000000000000000fdf,4774,1,45.0
000000000000000000000fdf,2619,2,3038.9
000000000000000000000fe0,1191,1,479.0
000000000000000000000fe1,2172,2,169.0
000000000000000000000fe2,4699,3,109.0
000000000000000000000fe2,202,1,3259.0
000000000000000000000fe2,1169,2,378.18
000000000000000000000fe3,4460,2,188.0
000000000000000000000fe3,4133,1,100.9
000000000000000000000fe3,269,1,598.0
000000000000000000000fe4,1838,1,2599.0
000000000000000000000fe4,3414,1,129.0
000000000000000000000fe4,1664,2,1038.0
000000000000000000000fe5,434,3,79.0
000000000000000000000fe5,24,3,599.0
000000000000000000000fe6,3678,1,1999.0
000000000000000000000fe7,2209,1,99.0
000000000000000000000fe7,3612,1,160.0
000000000000000000000fe7,504,2,99.0
000000000000000000000fe8,5142,1,32.9
000000000000000000000fe8,4632,2,179.0
000000000000000000000fe8,3856,3,49.9
000000000000000000000fe9,4958,2,86.9
000000000000000000000fe9,3641,1,2959.0
000000000000000000000fea,4611,1,77.0
000000000000000000000fea,1958,3,399.0
000000000000000000000fea,251,2,6090.0
000000000000000000000fea,567,3,129.9
000000000000000000000feb,4491,1,55.9
000000000000000000000feb,1550,3,1029.0
000000000000000000000fec,4093,1,49.9
000000000000000000000fed,2871,3,250.0
000000000000000000000fee,2737,2,3829.0
000000000000000000000fee,4678,2,99.0
000000000000000000000fee,1660,1,1889.0
000000000000000000000fef,2138,2,119.0
000000000000000000000ff0,1494,1,1629.0
000000000000000000000ff0,3688,3,659.0
000000000000000000000ff1,5174,3,239.9
000000000000000000000ff1,3138,2,216.9
000000000000000000000ff1,532,3,32.9
000000000000000000000ff1,994,1,799.0
000000000000000000000ff2,27,3,599.0
000000000000000000000ff2,4814,1,499.0
000000000000000000000ff3,3829,1,139.0
000000000000000000000ff4,4321,2,194.65
000000000000000000000ff4,198,3,3259.0
000000000000000000000ff5,408,3,849.9
000000000000000000000ff5,694,3,879.0
000000000000000000000ff5,2274,2,199.0
000000000000000000000ff6,2752,2,5149.0
000000000000000000000ff7,231,2,5890.0
000000000000000000000ff8,4612,3,106.0
000000000000000000000ff9,985,1,349.0
000000000000000000000ffa,3765,1,99.9
000000000000000000000ffa,2313,2,999.9
000000000000000000000ffa,4348,1,89.95
000000000000000000000ffa,4996,1,78.9
000000000000000000000ffb,4301,1,59.9
000000000000000000000ffb,3409,2,689.0
000000000000000000000ffb,3874,3,94.5
000000000000000000000ffc,3681,2,1699.0
000000000000000000000ffd,2515,3,17.0
000000000000000000000ffd,1771,1,899.0
000000000000000000000ffe,1185,1,3917.0
000000000000000000000fff,3489,1,1899.0
000000000000000000000fff,4735,2,101.34
000000000000000000000fff,1009,2,1150.0
000000000000000000001000,1728,1,1389.0
000000000000000000001000,3028,3,115.0
000000000000000000001001,1776,2,899.0
000000000000000000001001,325,3,599.0
000000000000000000001002,1929,2,339.0
000000000000000000001003,2268,3,139.0
000000000000000000001004,1292,2,65.9
000000000000000000001005,1891,3,579.9
000000000000000000001006,3770,3,138.0
000000000000000000001007,2269,2,199.0
000000000000000000001007,3600,3,85.9
000000000000000000001008,4609,2,182.0
000000000000000000001008,647,1,329.9
000000000000000000001008,3758,1,69.0
000000000000000000001009,2029,3,149.9
00000000000000000000100a,4814,1,499.0
00000000000000000000100b,1541,3,1499.0
00000000000000000000100b,3118,3,31.9
00000000000000000000100c,5012,2,32.9
00000000000000000000100d,3774,3,79.0
00000000000000000000100d,40,2,519.0
00000000000000000000100d,4267,2,104.99
00000000000000000000100e,2234,1,243.9
00000000000000000000100e,2180,1,55.1
00000000000000000000100f,4858,3,102.0
00000000000000000000100f,3883,1,75.0
00000000000000000000100f,2134,2,135.0
000000000000000000001010,4298,1,119.9
000000000000000000001011,1275,3,119.9
000000000000000000001012,2513,3,189.9
000000000000000000001013,1546,2,1489.0
000000000000000000001014,1322,2,79.9
000000000000000000001015,1333,1,65.9
000000000000000000001016,3190,1,619.9
000000000000000000001016,5104,3,259.0
000000000000000000001016,1390,1,2729.0
000000000000000000001017,2017,2,239.0
000000000000000000001017,2418,2,399.0
000000000000000000001017,1877,2,459.0
000000000000000000001018,2124,3,89.95
000000000000000000001018,3869,3,19.9
000000000000000000001018,407,1,940.0
000000000000000000001019,631,2,135.0
000000000000000000001019,422,3,119.0
00000000000000000000101a,2128,3,159.0
00000000000000000000101b,875,2,699.0
00000000000000000000101c,2074,3,88.0
00000000000000000000101d,1571,1,599.0
00000000000000000000101e,2790,3,2399.0
00000000000000000000101f,3599,1,24.5
00000000000000000000101f,5019,3,109.9
000000000000000000001020,1456,1,1650.0
000000000000000000001020,2491,1,229.0
000000000000000000001020,4855,1,95.9
000000000000000000001021,1311,3,89.0
000000000000000000001021,4673,3,169.0
000000000000000000001022,1773,3,899.0
000000000000000000001022,4205,3,79.9
000000000000000000001022,2965,2,999.0
000000000000000000001023,3377,1,1229.0
000000000000000000001023,2634,1,2799.0
000000000000000000001023,1261,1,249.0
000000000000000000001024,5074,3,500.0
000000000000000000001025,4265,2,168.0
000000000000000000001025,3204,2,226.9
000000000000000000001026,4915,1,55.0
000000000000000000001026,1021,3,465.0
000000000000000000001027,3411,1,190.0
000000000000000000001027,2558,2,369.0
000000000000000000001027,2238,1,243.9
000000000000000000001027,4725,1,102.9
000000000000000000001028,505,3,87.99
000000000000000000001029,4372,2,103.9
000000000000000000001029,1400,1,2999.0
000000000000000000001029,1932,3,299.0
00000000000000000000102a,2063,2,125.3
00000000000000000000102b,1296,1,120.9
00000000000000000000102b,83,2,379.0
00000000000000000000102b,1143,1,469.0
00000000000000000000102b,2566,1,899.0
00000000000000000000102c,243,1,1760.0
00000000000000000000102c,2548,3,189.0
00000000000000000000102d,4043,2,23.9
00000000000000000000102d,3495,2,1799.0
00000000000000000000102d,3237,1,59.9
00000000000000000000102e,1099,1,1299.0
00000000000000000000102e,615,2,209.0
00000000000000000000102f,1792,3,1169.0
000000000000000000001030,4902,1,100.0
000000000000000000001030,4040,2,23.9
000000000000000000001031,2838,2,3300.0
000000000000000000001032,1699,1,799.0
000000000000000000001032,4863,2,98.0
000000000000000000001033,2614,1,2799.0
000000000000000000001033,1518,3,235.9
000000000000000000001034,3124,3,559.9
000000000000000000001034,1571,3,599.0
000000000000000000001035,3917,2,78.5
000000000000000000001035,326,1,399.9
000000000000000000001036,1893,3,699.0
000000000000000000001036,648,3,269.0
000000000000000000001036,4269,2,175.0
000000000000000000001037,4860,3,93.9
000000000000000000001037,1533,1,1399.0
000000000000000000001038,2836,3,4699.0
000000000000000000001038,57,1,169.99
000000000000000000001038,3845,2,25.9
000000000000000000001039,4734,3,101.34
000000000000000000001039,4993,2,139.0
00000000000000000000103a,3397,1,159.0
00000000000000000000103a,1027,3,579.0
00000000000000000000103a,580,1,449.0
00000000000000000000103b,2941,3,219.9
00000000000000000000103b,2277,1,299.0
00000000000000000000103c,1548,3,669.0
00000000000000000000103d,3388,1,1299.0
00000000000000000000103e,3365,2,589.0
00000000000000000000103f,2913,3,999.0
000000000000000000001040,4025,1,23.9
000000000000000000001041,3440,3,89.0
000000000000000000001042,1628,1,1338.9
000000000000000000001042,1414,1,169.0
000000000000000000001042,1774,3,899.0
000000000000000000001042,4465,1,119.0
000000000000000000001043,2895,3,989.0
000000000000000000001043,2517,3,339.0
000000000000000000001043,3631,3,159.9
000000000000000000001044,3615,1,779.0
000000000000000000001044,2599,2,3899.0
000000000000000000001044,4763,1,95.0
000000000000000000001044,3467,1,99.0
000000000000000000001045,862,2,390.0
000000000000000000001045,133,1,3359.0
000000000000000000001045,4384,1,239.95
000000000000000000001045,4128,1,49.0
000000000000000000001046,216,3,949.0
000000000000000000001046,220,1,2099.0
000000000000000000001046,1925,3,1069.0
000000000000000000001047,760,1,2899.0
000000000000000000001047,307,3,869.0
000000000000000000001047,365,1,589.0
000000000000000000001047,1057,2,1099.0
000000000000000000001048,4242,2,139.0
000000000000000000001049,1570,1,1399.0
000000000000000000001049,1506,2,2619.0
00000000000000000000104a,1052,1,795.0
00000000000000000000104b,1679,2,1699.0
00000000000000000000104c,171,1,1185.0
00000000000000000000104c,2411,1,78.0
00000000000000000000104c,3237,1,59.9
00000000000000000000104d,3730,3,79.0
00000000000000000000104e,1048,3,620.0
00000000000000000000104e,1901,2,119.0
00000000000000000000104f,4007,1,25.9
00000000000000000000104f,3095,3,1069.9
000000000000000000001050,4541,2,49.9
000000000000000000001050,4070,2,29.9
000000000000000000001050,4537,2,49.9
000000000000000000001050,3719,3,69.99
000000000000000000001051,627,1,219.9
000000000000000000001051,1056,3,849.0
000000000000000000001052,1317,2,199.0
000000000000000000001052,342,3,1099.0
000000000000000000001053,2799,3,4339.0
000000000000000000001054,3738,2,30.0
000000000000000000001054,1830,1,739.0
000000000000000000001055,2554,1,74.9
000000000000000000001055,329,3,649.0
000000000000000000001056,5078,3,169.0
000000000000000000001056,1579,1,1028.0
000000000000000000001057,271,2,729.0
000000000000000000001057,2964,3,769.0
000000000000000000001057,2285,1,599.0
000000000000000000001058,255,2,2049.0
000000000000000000001059,447,3,1799.0
00000000000000000000105a,2287,1,79.9
00000000000000000000105a,1523,3,2299.0
00000000000000000000105b,2619,1,3038.9
00000000000000000000105b,2188,2,270.0
00000000000000000000105b,2314,3,299.0
00000000000000000000105c,4408,3,149.0
00000000000000000000105c,4816,3,179.0
00000000000000000000105c,1350,3,91.9
00000000000000000000105d,3732,2,69.9
00000000000000000000105d,1146,1,99.9
00000000000000000000105d,75,3,345.0
00000000000000000000105e,2418,3,399.0
00000000000000000000105e,3298,2,499.0
00000000000000000000105e,866,2,48310.0
00000000000000000000105f,189,3,1699.0
000000000000000000001060,2107,1,35.0
000000000000000000001060,2240,2,243.9
000000000000000000001061,2120,3,60.0
000000000000000000001062,4114,1,209.9
000000000000000000001062,3795,1,59.0
000000000000000000001062,3820,1,105.0
000000000000000000001062,113,2,529.0
000000000000000000001063,239,2,1760.0
000000000000000000001064,4640,3,95.0
000000000000000000001064,5027,2,210.0
000000000000000000001064,3956,3,70.0
000000000000000000001065,1865,3,449.0
000000000000000000001066,4098,1,25.9
000000000000000000001066,4833,2,799.0
000000000000000000001066,4698,2,146.9
000000000000000000001067,993,1,838.0
000000000000000000001067,863,1,469.0
000000000000000000001067,1570,3,1399.0
000000000000000000001068,2166,2,90.0
000000000000000000001069,3009,3,520.0
00000000000000000000106a,3771,2,188.0
00000000000000000000106b,3843,3,449569.0
00000000000000000000106b,2425,2,509.0
00000000000000000000106b,233,1,1090.9
00000000000000000000106c,599,2,409.9
00000000000000000000106d,228,1,5890.0
00000000000000000000106d,3107,2,55.0
00000000000000000000106e,271,2,729.0
00000000000000000000106f,3473,2,89.0
000000000000000000001070,4592,2,54.9
000000000000000000001070,2176,2,290.5
000000000000000000001070,1115,1,799.0
000000000000000000001071,5089,3,480.0
000000000000000000001071,4677,3,34.9
000000000000000000001072,2699,1,1149.0
000000000000000000001072,2578,2,1850.0
000000000000000000001073,1043,2,649.99
000000000000000000001073,5119,1,259.0
000000000000000000001074,1499,2,1899.0
000000000000000000001074,1569,3,999.0
000000000000000000001074,1095,2,529.9
000000000000000000001074,1597,3,2099.0
000000000000000000001075,5150,3,130.0
000000000000000000001075,2731,1,2609.9
000000000000000000001075,1405,2,385.0
000000000000000000001075,4162,1,52.0
000000000000000000001076,4166,3,312.8
000000000000000000001076,722,3,1499.0
000000000000000000001076,4800,2,80.0
000000000000000000001077,2934,2,999.0
000000000000000000001077,1482,2,1789.0
000000000000000000001077,2298,2,79.9
000000000000000000001077,3878,2,59.9
000000000000000000001078,2010,2,269.0
000000000000000000001078,278,2,898.0
000000000000000000001078,2508,1,109.0
000000000000000000001079,3197,1,750.0
000000000000000000001079,2439,3,389.0
000000000000000000001079,4476,3,36.9
000000000000000000001079,3559,2,29.99
00000000000000000000107a,4608,3,65.9
00000000000000000000107a,2881,2,799.0
00000000000000000000107b,2083,1,169.0
00000000000000000000107c,4941,1,69.9
00000000000000000000107c,3565,2,140.9
00000000000000000000107c,357,1,3999.0
00000000000000000000107d,5180,3,1949.0
00000000000000000000107e,2954,1,249.9
00000000000000000000107e,854,1,609.0
00000000000000000000107e,3907,3,45.0
00000000000000000000107e,2431,2,79.9
00000000000000000000107f,4789,3,479.0
00000000000000000000107f,2435,3,114.9
00000000000000000000107f,2020,3,299.0
000000000000000000001080,4696,1,29.0
000000000000000000001080,2929,3,899.0
000000000000000000001081,2168,2,59.1
000000000000000000001081,4669,3,99.0
000000000000000000001082,2901,1,819.0
000000000000000000001082,3739,1,79.0
000000000000000000001082,4154,2,75.38
000000000000000000001083,1178,3,122.5
000000000000000000001083,3600,1,85.9
000000000000000000001084,1323,2,189.9
000000000000000000001084,1748,3,185.0
000000000000000000001084,4913,1,36.9
000000000000000000001084,1710,2,849.0
000000000000000000001085,2268,3,139.0
000000000000000000001085,332,2,879.0
000000000000000000001085,2279,2,289.0
000000000000000000001086,651,1,211.19
000000000000000000001087,4941,1,69.9
000000000000000000001087,1327,2,4299.0
000000000000000000001088,4309,3,60.0
000000000000000000001089,2236,1,257.0
000000000000000000001089,1496,3,1699.0
00000000000000000000108a,3743,3,74.9
00000000000000000000108a,1586,2,1029.0
00000000000000000000108a,1092,3,179.9
00000000000000000000108b,2824,1,1899.0
00000000000000000000108c,555,3,159.0
00000000000000000000108c,2110,3,495.0
00000000000000000000108c,1587,2,1419.0
00000000000000000000108d,3135,1,1049.0
00000000000000000000108d,2813,2,4409.0
00000000000000000000108e,2918,3,979.0
00000000000000000000108e,1487,3,1789.0
00000000000000000000108e,36,1,379.0
00000000000000000000108e,4591,1,54.9
00000000000000000000108f,424,1,44.9
00000000000000000000108f,3902,2,69.0
00000000000000000000108f,5102,2,259.0
00000000000000000000108f,1717,1,1599.0
000000000000000000001090,2255,3,149.0
000000000000000000001090,702,2,2499.0
000000000000000000001090,2551,1,599.0
000000000000000000001091,3057,3,2299.0
000000000000000000001091,4969,3,99.0
000000000000000000001092,482,2,64.9
000000000000000000001093,1284,1,315.0
000000000000000000001094,4885,3,106.0
000000000000000000001095,618,2,157.9
000000000000000000001096,2874,2,889.0
000000000000000000001096,942,2,563.0
000000000000000000001096,3771,3,188.0
000000000000000000001097,465,1,189.9
000000000000000000001097,3555,3,1159.0
000000000000000000001098,2292,1,159.0
000000000000000000001098,998,2,2699.0
000000000000000000001098,1811,3,129.9
000000000000000000001098,197,3,3609.0
000000000000000000001099,4434,2,449.9
00000000000000000000109a,354,2,2999.0
00000000000000000000109b,5096,2,199.9
00000000000000000000109c,856,3,622.0
00000000000000000000109c,4426,1,205.0
00000000000000000000109c,1023,1,530.0
00000000000000000000109c,2360,2,399.0
00000000000000000000109d,2654,2,1599.0
00000000000000000000109d,377,1,3099.0
00000000000000000000109d,2124,1,89.95
00000000000000000000109e,1649,2,1239.0
00000000000000000000109e,4703,1,219.0
00000000000000000000109f,275,3,868.0
00000000000000000000109f,3618,3,299.0
0000000000000000000010a0,2949,2,209.9
0000000000000000000010a0,4366,2,134.91
0000000000000000000010a0,2578,3,1850.0
0000000000000000000010a1,1239,2,249.9
0000000000000000000010a1,3513,1,119.0
0000000000000000000010a2,2598,2,5499.0
0000000000000000000010a2,1775,2,899.0
0000000000000000000010a3,898,2,743.0
0000000000000000000010a3,3533,3,329.0
0000000000000000000010a3,2179,3,120.5
0000000000000000000010a4,3593,2,25.0
0000000000000000000010a4,4478,1,36.9
0000000000000000000010a4,120,2,2999.0
0000000000000000000010a4,2216,1,69.9
0000000000000000000010a5,3663,3,24.9
0000000000000000000010a5,3058,1,3599.0
0000000000000000000010a5,3227,2,459.9
0000000000000000000010a6,1807,1,649.0
0000000000000000000010a6,1303,2,302.9
0000000000000000000010a6,3848,2,61.9
0000000000000000000010a7,1265,3,499.0
0000000000000000000010a7,2042,2,429.0
0000000000000000000010a7,40,2,519.0
0000000000000000000010a7,221,3,1649.0
0000000000000000000010a8,1163,3,379.0
0000000000000000000010a9,4421,3,69.9
0000000000000000000010aa,1744,1,1999.0
0000000000000000000010aa,3337,3,539.9
0000000000000000000010aa,4963,1,89.0
0000000000000000000010ab,3324,1,2349.0
0000000000000000000010ab,2772,3,3999.0
0000000000000000000010ab,1549,3,1136.0
0000000000000000000010ac,3636,1,399.0
0000000000000000000010ac,3615,2,779.0
0000000000000000000010ac,227,1,3599.0
0000000000000000000010ac,4083,1,42.9
0000000000000000000010ad,2028,1,149.0
0000000000000000000010ad,3647,2,295.0
0000000000000000000010ad,258,3,3849.0
0000000000000000000010ae,2325,3,76.9
0000000000000000000010ae,1614,2,1699.0
0000000000000000000010ae,3175,1,238.9
0000000000000000000010af,3756,2,79.0
0000000000000000000010b0,2467,2,309.9
0000000000000000000010b0,51,2,399.0
0000000000000000000010b0,2663,3,1449.0
0000000000000000000010b1,2520,1,699.0
0000000000000000000010b1,550,2,20.0
0000000000000000000010b1,2246,3,279.0
0000000000000000000010b2,4951,2,86.9
0000000000000000000010b2,4122,1,19.9
0000000000000000000010b2,4101,2,49.9
0000000000000000000010b3,1118,3,799.0
0000000000000000000010b3,1679,1,1699.0
0000000000000000000010b4,4614,1,337.9
0000000000000000000010b5,56,3,279.0
0000000000000000000010b5,2372,2,719.0
0000000000000000000010b6,3957,2,70.0
0000000000000000000010b6,583,3,119.0
0000000000000000000010b7,2431,2,79.9
0000000000000000000010b8,3293,2,379.0
0000000000000000000010b8,2541,3,199.0
0000000000000000000010b8,3036,2,520.0
0000000000000000000010b9,3273,3,1399.0
0000000000000000000010b9,3052,2,1999.0
0000000000000000000010b9,3882,2,38.99
0000000000000000000010ba,1030,3,229.0
0000000000000000000010ba,69,3,459.0
0000000000000000000010bb,2700,1,1149.0
0000000000000000000010bb,2627,1,799.0
0000000000000000000010bc,4336,3,749.9
0000000000000000000010bc,1101,3,269.0
0000000000000000000010bd,1162,2,479.9
0000000000000000000010bd,1365,1,229.0
0000000000000000000010bd,41,3,499.0
0000000000000000000010be,4393,2,39.9
0000000000000000000010bf,3113,2,59.9
0000000000000000000010c0,2014,1,8.0
0000000000000000000010c0,1329,2,2589.0
0000000000000000000010c1,1959,1,499.0
0000000000000000000010c1,1981,1,329.0
0000000000000000000010c1,163,3,1349.0
0000000000000000000010c1,648,2,269.0
0000000000000000000010c2,4285,2,230.0
0000000000000000000010c3,855,1,659.0
0000000000000000000010c3,2815,2,4149.0
0000000000000000000010c4,4287,2,79.0
0000000000000000000010c4,1730,1,1279.0
0000000000000000000010c5,3738,3,30.0
0000000000000000000010c5,730,1,636.0
0000000000000000000010c6,2028,2,149.0
0000000000000000000010c6,1666,3,1199.0
0000000000000000000010c6,4446,3,129.9
0000000000000000000010c6,4712,3,35.0
0000000000000000000010c7,2679,3,1259.0
0000000000000000000010c7,3171,3,119.0
0000000000000000000010c7,377,3,3099.0
0000000000000000000010c7,1005,3,909.0
0000000000000000000010c8,3479,3,1199.0
0000000000000000000010c9,3223,2,131.9
0000000000000000000010c9,4397,1,299.9
0000000000000000000010ca,3749,3,25.0
0000000000000000000010ca,1567,3,729.0
0000000000000000000010ca,3557,3,331.9
0000000000000000000010ca,3944,1,64.9
0000000000000000000010cb,4971,2,69.0
0000000000000000000010cb,477,3,54.9
0000000000000000000010cb,5081,3,280.0
0000000000000000000010cc,3721,1,69.95
0000000000000000000010cc,1302,2,319.0
0000000000000000000010cc,827,3,459.0
0000000000000000000010cc,1054,1,775.0
0000000000000000000010cd,2497,3,1999.0
0000000000000000000010ce,3482,2,1199.0
0000000000000000000010cf,1276,2,69.9
0000000000000000000010d0,749,1,649.0
0000000000000000000010d0,2266,1,209.9
0000000000000000000010d1,2326,1,679.9
0000000000000000000010d1,537,1,20.99
0000000000000000000010d1,2242,1,257.0
0000000000000000000010d2,2294,2,154.9
0000000000000000000010d3,4223,3,230.3
0000000000000000000010d3,444,2,32.0
0000000000000000000010d3,4787,1,649.0
0000000000000000000010d3,4629,1,79.9
0000000000000000000010d4,5077,1,169.0
0000000000000000000010d5,1979,2,259.0
0000000000000000000010d5,1059,2,588.9
0000000000000000000010d6,3260,1,119.9
0000000000000000000010d7,2540,3,209.0
0000000000000000000010d8,3329,3,629.0
0000000000000000000010d8,3507,1,189.0
0000000000000000000010d8,867,3,2699.0
0000000000000000000010d8,2782,1,569.99
0000000000000000000010d9,3791,3,24.9
0000000000000000000010da,805,3,34000.0
0000000000000000000010da,1702,1,759.0
0000000000000000000010da,2087,3,129.9
0000000000000000000010da,1824,1,249.0
0000000000000000000010db,2708,2,1999.9
0000000000000000000010db,4131,2,107.8
0000000000000000000010db,1483,1,1789.0
0000000000000000000010db,2360,1,399.0
0000000000000000000010dc,4946,1,46.9
0000000000000000000010dc,356,2,2191.0
0000000000000000000010dd,1986,3,278.0
0000000000000000000010de,1481,3,1789.0
0000000000000000000010de,691,1,1499.0
0000000000000000000010de,734,1,919.0
0000000000000000000010de,3453,1,799.0
0000000000000000000010df,376,3,3099.0
0000000000000000000010df,32,2,599.0
0000000000000000000010e0,2377,2,169.99
0000000000000000000010e1,2072,1,145.0
0000000000000000000010e1,1208,3,204.0
0000000000000000000010e2,1231,2,369.0
0000000000000000000010e2,1353,2,70.9
0000000000000000000010e3,5139,3,3829.0
0000000000000000000010e4,872,3,590.0
0000000000000000000010e4,462,1,189.9
0000000000000000000010e5,356,1,2191.0
0000000000000000000010e6,3475,2,89.0
0000000000000000000010e6,3899,2,178.0
0000000000000000000010e7,2532,2,169.0
0000000000000000000010e8,1805,3,885.0
0000000000000000000010e8,1506,2,2619.0
0000000000000000000010e9,4329,2,101.99
0000000000000000000010e9,2336,2,289.0
0000000000000000000010e9,533,3,99.0
0000000000000000000010ea,2569,3,189.0
0000000000000000000010ea,557,2,149.0
0000000000000000000010eb,3168,3,159.0
0000000000000000000010eb,2941,3,219.9
0000000000000000000010ec,1874,3,449.0
0000000000000000000010ed,2229,3,209.0
0000000000000000000010ed,4226,1,78.9
0000000000000000000010ed,2100,1,90.0
0000000000000000000010ee,2176,2,290.5
0000000000000000000010ef,1069,2,139.9
0000000000000000000010ef,1883,2,139.0
0000000000000000000010f0,471,1,49.9
0000000000000000000010f1,1272,3,159.0
0000000000000000000010f1,1466,1,1549.0
0000000000000000000010f1,4837,1,143.0
0000000000000000000010f2,1559,3,829.0
0000000000000000000010f3,2504,1,49.9
0000000000000000000010f3,4652,3,169.0
0000000000000000000010f3,3229,2,39.0
0000000000000000000010f4,1624,3,749.0
0000000000000000000010f4,4944,2,99.9
0000000000000000000010f4,446,3,1799.0
0000000000000000000010f5,5110,1,289.0
0000000000000000000010f5,197,2,3609.0
0000000000000000000010f6,2529,3,165.0
0000000000000000000010f7,4630,1,169.0
0000000000000000000010f7,2534,3,26.9
0000000000000000000010f8,135,3,2659.0
0000000000000000000010f8,4337,1,749.9
0000000000000000000010f8,2679,2,1259.0
0000000000000000000010f8,2748,3,4799.0
0000000000000000000010f9,1199,1,169.9
0000000000000000000010fa,5178,3,5999.99
0000000000000000000010fa,2492,2,244.99
0000000000000000000010fb,450,2,165.0
0000000000000000000010fb,2216,1,69.9
0000000000000000000010fc,3527,1,29.99
0000000000000000000010fc,3410,1,145.0
0000000000000000000010fc,3259,2,399.0
0000000000000000000010fd,395,2,479.0
0000000000000000000010fe,4260,3,130.0
0000000000000000000010ff,2053,3,399.0
000000000000000000001100,5102,1,259.0
000000000000000000001100,2951,3,999.0
000000000000000000001101,2456,2,199.0
000000000000000000001102,4461,1,249.0
000000000000000000001102,2029,2,149.9
000000000000000000001102,227,3,3599.0
000000000000000000001103,1667,3,1050.0
000000000000000000001103,4047,1,84.0
000000000000000000001103,4046,3,269.0
000000000000000000001104,228,1,5890.0
000000000000000000001105,5138,1,299.9
000000000000000000001106,1986,2,278.0
000000000000000000001106,3236,1,499.9
000000000000000000001106,1777,3,899.0
000000000000000000001106,546,3,45.0
000000000000000000001107,4873,2,109.0
000000000000000000001108,2007,3,289.9
000000000000000000001108,801,2,759.0
000000000000000000001109,47,3,459.0
00000000000000000000110a,3082,2,859.0
00000000000000000000110a,2808,2,4929.0
00000000000000000000110a,1742,3,1629.0
00000000000000000000110a,1427,1,1598.9
00000000000000000000110b,596,2,99.99
00000000000000000000110c,5132,1,198.9
00000000000000000000110d,4367,1,200.0
00000000000000000000110d,1527,2,699.0
00000000000000000000110e,4468,3,130.0
00000000000000000000110f,1679,1,1699.0
000000000000000000001110,1759,3,74.9
000000000000000000001110,1458,1,1549.0
000000000000000000001110,2174,3,55.1
000000000000000000001111,3149,1,16.9
000000000000000000001111,1313,3,5999.0
000000000000000000001111,2957,1,989.0
000000000000000000001112,2838,1,3300.0
000000000000000000001112,2377,3,169.99
000000000000000000001113,218,3,2099.0
000000000000000000001113,832,1,999.0
000000000000000000001114,3837,3,129.0
000000000000000000001114,4400,1,299.9
000000000000000000001114,3371,1,1079.9
000000000000000000001114,1112,2,463.9
000000000000000000001115,3542,1,329.0
000000000000000000001115,3625,1,240.0
000000000000000000001115,1916,1,999.0
000000000000000000001116,190,2,4559.0
000000000000000000001117,2303,1,589.0
000000000000000000001117,609,3,569.0
000000000000000000001118,4111,1,15.0
000000000000000000001118,2621,3,1299.0
000000000000000000001119,4131,2,107.8
000000000000000000001119,2053,3,399.0
000000000000000000001119,3574,2,59.0
00000000000000000000111a,3683,1,129.0
00000000000000000000111a,3218,2,1249.0
00000000000000000000111a,2234,3,243.9
00000000000000000000111a,2410,1,78.0
00000000000000000000111b,3620,2,22.9
00000000000000000000111b,1369,1,1849.0
00000000000000000000111b,3724,3,70.0
00000000000000000000111b,4874,1,59.9
00000000000000000000111c,1069,1,139.9
00000000000000000000111c,90,1,409.0
00000000000000000000111c,2958,1,989.0
00000000000000000000111c,885,1,1149.0
00000000000000000000111d,598,3,409.9
00000000000000000000111d,5063,1,69.0
00000000000000000000111e,3843,3,449569.0
00000000000000000000111f,3776,2,109.0
00000000000000000000111f,402,3,479.0
00000000000000000000111f,3219,2,129.0
000000000000000000001120,1600,3,1529.0
000000000000000000001120,5168,1,62.91
000000000000000000001121,4950,2,85.0
000000000000000000001121,207,3,3279.0
000000000000000000001122,4270,1,184.0
000000000000000000001122,987,1,339.0
000000000000000000001122,4732,2,121.9
000000000000000000001122,512,2,1149.0
000000000000000000001123,584,2,133.0
000000000000000000001123,4788,1,649.0
000000000000000000001124,1256,1,89.9
000000000000000000001125,3824,1,169.0
000000000000000000001125,329,3,649.0
000000000000000000001125,1057,1,1099.0
000000000000000000001126,4136,1,40.0
000000000000000000001127,486,3,39.0
000000000000000000001127,5057,3,430.0
000000000000000000001127,2895,3,989.0
000000000000000000001128,1932,3,299.0
000000000000000000001128,2956,3,749.0
000000000000000000001129,1558,3,949.0
000000000000000000001129,1761,2,20.0
000000000000000000001129,5150,3,130.0
00000000000000000000112a,5017,1,109.9
00000000000000000000112b,2526,3,5549.9
00000000000000000000112b,3147,2,15.9
00000000000000000000112b,2345,2,115.9
00000000000000000000112c,3219,3,129.0
00000000000000000000112d,3411,1,190.0
00000000000000000000112d,3719,1,69.99
00000000000000000000112d,3320,2,1299.0
00000000000000000000112e,25,1,499.0
00000000000000000000112e,3199,1,112.9
00000000000000000000112e,5168,1,62.91
00000000000000000000112f,1092,1,179.9
000000000000000000001130,3405,1,4699.0
000000000000000000001131,1779,1,899.0
000000000000000000001132,961,3,199.0
000000000000000000001133,1207,1,325.91
000000000000000000001133,689,2,99.0
000000000000000000001133,635,2,155.0
000000000000000000001134,2367,1,249.0
000000000000000000001135,5124,2,450.0
000000000000000000001136,912,1,509.0
000000000000000000001137,3174,3,409.0
000000000000000000001137,2362,3,549.0
000000000000000000001137,1459,2,1549.0
000000000000000000001137,4806,1,135.14
000000000000000000001138,3070,2,3599.0
000000000000000000001138,4669,1,99.0
000000000000000000001138,969,1,6401.11
000000000000000000001139,617,2,49.89
000000000000000000001139,4334,3,119.9
000000000000000000001139,1805,1,885.0
000000000000000000001139,2278,3,339.0
00000000000000000000113a,2657,3,1499.0
00000000000000000000113b,3314,2,299.0
00000000000000000000113c,2528,2,349.9
00000000000000000000113c,1685,3,1399.0
00000000000000000000113c,389,2,1599.0
00000000000000000000113c,582,1,119.0
00000000000000000000113d,3094,2,660.0
00000000000000000000113d,4874,1,59.9
00000000000000000000113d,5134,3,209.9
00000000000000000000113e,524,3,119.0
00000000000000000000113e,4251,3,49.9
00000000000000000000113e,4023,3,23.9
00000000000000000000113f,2868,1,799.0
00000000000000000000113f,4763,1,95.0
000000000000000000001140,362,1,1029.0
000000000000000000001141,5088,3,650680.0
000000000000000000001142,925,1,750.0
000000000000000000001142,1415,3,179.0
000000000000000000001143,3047,1,299.0
000000000000000000001144,3709,1,137.5
000000000000000000001144,4140,1,24.8
000000000000000000001144,2141,1,149.0
000000000000000000001145,3214,1,14.9
000000000000000000001146,4369,3,103.9
000000000000000000001146,3467,2,99.0
000000000000000000001146,555,3,159.0
000000000000000000001147,4913,2,36.9
000000000000000000001147,2239,3,257.0
000000000000000000001147,3744,2,159.0
000000000000000000001148,4988,3,159.0
000000000000000000001148,4128,1,49.0
000000000000000000001148,1397,1,2199.0
000000000000000000001149,1712,2,949.0
000000000000000000001149,3195,2,399.0
00000000000000000000114a,1790,3,1499.0
00000000000000000000114b,1884,1,199.0
00000000000000000000114b,4668,2,99.0
00000000000000000000114b,457,2,112.9
00000000000000000000114c,5071,2,370.0
00000000000000000000114c,3139,3,169.9
00000000000000000000114d,3218,2,1249.0
00000000000000000000114d,141,2,1189.0
00000000000000000000114e,1062,1,929.0
00000000000000000000114e,3191,3,425.0
00000000000000000000114f,1071,2,310.0
00000000000000000000114f,2273,3,149.0
000000000000000000001150,2635,2,2799.0
000000000000000000001150,3321,1,1399.0
000000000000000000001151,4840,2,67.54
000000000000000000001151,2711,3,2999.9
000000000000000000001151,312,2,889.0
000000000000000000001152,1831,2,739.0
000000000000000000001152,3981,3,58.9
000000000000000000001153,1397,1,2199.0
000000000000000000001154,4855,1,95.9
000000000000000000001154,421,3,27.5
000000000000000000001155,4825,2,189.9
000000000000000000001155,1435,3,7909.0
000000000000000000001155,5089,3,480.0
000000000000000000001156,5114,2,259.0
000000000000000000001157,1165,1,139.0
000000000000000000001157,494,3,39.0
000000000000000000001158,735,3,630.0
000000000000000000001158,2806,3,2999.0
000000000000000000001159,3849,3,639.0
000000000000000000001159,2623,3,1099.0
000000000000000000001159,1814,2,1119.0
00000000000000000000115a,3073,1,120.9
00000000000000000000115a,2029,3,149.9
00000000000000000000115a,2734,2,3829.0
00000000000000000000115b,488,3,39.0
00000000000000000000115c,3340,1,3359.0
00000000000000000000115d,4271,3,98.0
00000000000000000000115d,1471,2,1464.0
00000000000000000000115e,4159,2,59.9
00000000000000000000115e,337,1,899.0
00000000000000000000115f,2009,1,529.0
000000000000000000001160,3062,2,2899.0
000000000000000000001160,2392,1,589.0
000000000000000000001161,1481,3,1789.0
000000000000000000001162,4533,1,49.9
000000000000000000001162,4427,3,49.9
000000000000000000001163,3978,2,39.0
000000000000000000001163,3385,2,649.9
000000000000000000001163,4086,1,42.9
000000000000000000001163,3750,2,28.0
000000000000000000001164,2711,3,2999.9
000000000000000000001165,2711,3,2999.9
000000000000000000001166,414,1,2705.0
000000000000000000001167,404,3,479.0
000000000000000000001168,674,1,849.0
000000000000000000001169,234,2,3599.0
00000000000000000000116a,3462,2,529.0
00000000000000000000116a,117,2,1189.0
00000000000000000000116a,3159,3,299.9
00000000000000000000116b,4154,2,75.38
00000000000000000000116c,4608,2,65.9
00000000000000000000116c,2005,3,925.0
00000000000000000000116c,2089,3,129.0
00000000000000000000116c,1113,2,2799.0
00000000000000000000116d,3916,2,109.9
00000000000000000000116d,1384,1,329.0
00000000000000000000116e,1690,2,1049.0
00000000000000000000116e,3719,1,69.99
00000000000000000000116f,4583,3,25.0
00000000000000000000116f,4937,3,38.39
00000000000000000000116f,694,3,879.0
00000000000000000000116f,4848,2,269.0
000000000000000000001170,551,2,16.0
000000000000000000001170,4784,2,219.0
000000000000000000001171,2634,1,2799.0
000000000000000000001171,1183,3,72.9
000000000000000000001172,1280,3,69.9
000000000000000000001173,77,3,420.0
000000000000000000001173,567,3,129.9
000000000000000000001174,2468,2,309.0
000000000000000000001175,1174,1,99.77
000000000000000000001175,2816,3,1999.0
000000000000000000001176,3781,3,89.0
000000000000000000001176,3962,1,349.0
000000000000000000001177,2034,1,369.0
000000000000000000001178,1045,2,534.9
000000000000000000001178,720,2,919.0
000000000000000000001179,1468,3,1549.0
00000000000000000000117a,3274,2,1649.0
00000000000000000000117a,4014,1,22.99
00000000000000000000117a,4114,2,209.9
00000000000000000000117b,576,1,109.0
00000000000000000000117b,2847,3,3199.0
00000000000000000000117b,2938,2,689.0
00000000000000000000117b,3835,2,63.9
00000000000000000000117c,4770,1,93.9
00000000000000000000117c,2471,3,599.0
00000000000000000000117d,116,3,1189.0
00000000000000000000117d,2799,2,4339.0
00000000000000000000117e,4809,2,78.9
00000000000000000000117f,4185,3,129.9
00000000000000000000117f,1218,2,459.0
00000000000000000000117f,3058,1,3599.0
00000000000000000000117f,3236,3,499.9
000000000000000000001180,3695,3,43.8
000000000000000000001180,2556,2,50.8
000000000000000000001180,4572,3,40.0
000000000000000000001180,3178,2,129.0
000000000000000000001181,1624,1,749.0
000000000000000000001181,699,1,499.0
000000000000000000001181,4683,2,145.0
000000000000000000001181,3481,1,1199.0
000000000000000000001182,1501,2,1799.0
000000000000000000001182,1479,3,1789.0
000000000000000000001183,1099,3,1299.0
000000000000000000001183,3955,3,70.0
000000000000000000001183,2307,1,309.9
000000000000000000001183,3321,1,1399.0
000000000000000000001184,4116,2,86.5
000000000000000000001185,2834,1,5299.9
000000000000000000001186,3386,1,749.9
000000000000000000001187,3062,3,2899.0
000000000000000000001187,3208,3,175.0
000000000000000000001188,2441,1,319.0
000000000000000000001189,152,1,1179.0
000000000000000000001189,1786,2,719.0
00000000000000000000118a,2662,1,1449.0
00000000000000000000118b,4562,3,53.91
00000000000000000000118c,3517,3,209.0
00000000000000000000118d,550,3,20.0
00000000000000000000118d,4606,3,89.0
00000000000000000000118d,2744,1,3199.0
00000000000000000000118d,1638,3,1299.0
00000000000000000000118e,4939,1,239.9
00000000000000000000118e,246,3,1998.0
00000000000000000000118f,4155,3,32.0
00000000000000000000118f,604,1,339.99
000000000000000000001190,84,1,469.0
000000000000000000001191,4926,1,59.0
000000000000000000001191,2279,1,289.0
000000000000000000001192,882,1,1195.0
000000000000000000001192,1646,3,1899.0
000000000000000000001193,2704,3,1149.0
000000000000000000001193,3397,3,159.0
000000000000000000001193,3700,2,10.9
000000000000000000001193,804,1,839.9
000000000000000000001194,4107,2,49.99
000000000000000000001195,2327,3,764.0
000000000000000000001196,4911,3,39.9
000000000000000000001197,605,3,280.0
000000000000000000001197,2688,2,4732.0
000000000000000000001197,990,2,1999.0
000000000000000000001197,2266,2,209.9
000000000000000000001198,2884,2,509.0
000000000000000000001198,3609,2,1199.0
000000000000000000001199,3169,3,36.0
000000000000000000001199,890,2,589.0
000000000000000000001199,4649,3,179.0
00000000000000000000119a,1074,3,1185.0
00000000000000000000119a,4610,2,76.0
00000000000000000000119a,2498,3,2899.0
00000000000000000000119b,2621,2,1299.0
00000000000000000000119b,3753,2,119.9
00000000000000000000119b,3935,1,59.9
00000000000000000000119c,2785,1,528.9
00000000000000000000119d,3011,3,58.0
00000000000000000000119d,4869,2,35.5
00000000000000000000119d,2840,3,3600.0
00000000000000000000119e,2987,1,2039.0
00000000000000000000119e,4843,2,349.0
00000000000000000000119f,3766,1,89.9
0000000000000000000011a0,4351,3,139.9
0000000000000000000011a0,4037,1,23.9
0000000000000000000011a1,1831,3,739.0
0000000000000000000011a2,4734,3,101.34
0000000000000000000011a3,143,3,1159.0
0000000000000000000011a3,1634,2,3499.9
0000000000000000000011a4,3957,1,70.0
0000000000000000000011a5,2671,2,4449.0
0000000000000000000011a6,3919,2,54.9
0000000000000000000011a6,279,2,899.0
0000000000000000000011a7,4891,1,349.0
0000000000000000000011a8,4364,3,108.9
0000000000000000000011a8,4057,3,59.9
0000000000000000000011a8,1975,1,249.0
0000000000000000000011a9,1318,2,89.0
0000000000000000000011aa,3438,2,1199.0
0000000000000000000011aa,1047,2,630.9
0000000000000000000011ab,4225,2,77.9
0000000000000000000011ab,424,1,44.9
0000000000000000000011ac,3825,1,189.0
0000000000000000000011ac,107,1,159.9
0000000000000000000011ad,4253,2,175.7
0000000000000000000011ad,4149,2,24.99
0000000000000000000011ae,2319,3,199.0
0000000000000000000011ae,1999,1,499.0
0000000000000000000011ae,3293,3,379.0
0000000000000000000011af,4706,3,65.0
0000000000000000000011b0,895,1,450.0
0000000000000000000011b1,1435,3,7909.0
0000000000000000000011b1,2937,1,999.9
0000000000000000000011b2,2895,3,989.0
0000000000000000000011b3,2316,1,289.0
0000000000000000000011b3,517,2,185.0
0000000000000000000011b4,1870,1,449.0
0000000000000000000011b5,3189,1,49.0
0000000000000000000011b5,3525,3,39.99
0000000000000000000011b5,298,3,949.0
0000000000000000000011b5,3173,3,169.0
0000000000000000000011b6,2538,3,199.0
0000000000000000000011b6,137,3,2659.0
0000000000000000000011b6,1741,2,1349.9
0000000000000000000011b7,819,3,1199.9
0000000000000000000011b8,5108,3,259.0
0000000000000000000011b8,3668,1,135.0
0000000000000000000011b9,3866,2,19.9
0000000000000000000011b9,1003,3,650.0
0000000000000000000011b9,2853,1,1299.0
0000000000000000000011ba,3850,3,196.0
0000000000000000000011bb,4042,1,23.9
0000000000000000000011bb,586,3,159.0
0000000000000000000011bb,4858,3,102.0
0000000000000000000011bc,1279,3,89.0
0000000000000000000011bd,2929,3,899.0
0000000000000000000011be,107,2,159.9
0000000000000000000011bf,4892,2,106.0
0000000000000000000011c0,3317,2,1849.0
0000000000000000000011c1,2533,2,179.0
0000000000000000000011c2,2435,1,114.9
0000000000000000000011c2,4246,2,69.9
0000000000000000000011c2,4357,1,103.9
0000000000000000000011c3,922,1,4599.0
0000000000000000000011c3,4265,1,168.0
0000000000000000000011c3,2993,2,1199.0
0000000000000000000011c3,854,3,609.0
0000000000000000000011c4,611,2,1138.9
0000000000000000000011c4,2620,2,1109.0
0000000000000000000011c4,3768,3,99.9
0000000000000000000011c5,4359,3,103.9
0000000000000000000011c5,76,3,345.0
0000000000000000000011c6,3555,2,1159.0
0000000000000000000011c7,423,3,24.5
0000000000000000000011c7,2037,3,148.9
0000000000000000000011c7,5125,2,380.0
0000000000000000000011c7,2452,2,259.0
0000000000000000000011c8,2001,3,279.0
0000000000000000000011c8,2463,2,309.0
0000000000000000000011c9,2763,3,869.0
0000000000000000000011ca,4387,1,125.93
0000000000000000000011ca,4456,3,195.0
0000000000000000000011cb,3093,3,1249.0
0000000000000000000011cb,902,3,745.0
0000000000000000000011cc,3096,2,1490.0
0000000000000000000011cc,4752,2,67.5
0000000000000000000011cc,3791,3,24.9
0000000000000000000011cc,2056,1,399.0
0000000000000000000011cd,4559,2,25.0
0000000000000000000011ce,1519,1,230.0
0000000000000000000011ce,3386,3,749.9
0000000000000000000011ce,4314,1,135.0
0000000000000000000011cf,740,3,649.0
0000000000000000000011cf,1440,3,530.0
0000000000000000000011cf,1827,1,249.0
0000000000000000000011cf,1143,2,469.0
0000000000000000000011d0,2954,2,249.9
0000000000000000000011d0,2250,1,169.9
0000000000000000000011d0,2800,3,3759.0
0000000000000000000011d0,3016,3,36.0
0000000000000000000011d1,30,1,599.0
0000000000000000000011d2,1299,2,320.0
0000000000000000000011d2,4138,1,139.0
0000000000000000000011d2,1235,2,99.0
0000000000000000000011d2,3532,3,329.0
0000000000000000000011d3,4479,2,44.95
0000000000000000000011d3,3116,2,550.0
0000000000000000000011d4,757,1,1099.99
0000000000000000000011d4,1595,3,1899.0
0000000000000000000011d5,4393,2,39.9
0000000000000000000011d5,2571,2,65.9
0000000000000000000011d6,4292,1,169.9
0000000000000000000011d6,4410,1,49.9
0000000000000000000011d7,4899,3,99.9
0000000000000000000011d8,640,2,130.0
0000000000000000000011d9,3843,1,449569.0
0000000000000000000011da,1700,3,849.0
0000000000000000000011db,4093,1,49.9
0000000000000000000011db,2305,3,679.0
0000000000000000000011db,4678,1,99.0
0000000000000000000011dc,284,1,898.0
0000000000000000000011dc,1874,3,449.0
0000000000000000000011dc,779,3,819.0
0000000000000000000011dd,1178,3,122.5
0000000000000000000011de,4370,3,103.9
0000000000000000000011de,2714,2,899.0
0000000000000000000011de,3717,1,28.9
0000000000000000000011df,4190,3,279.9
0000000000000000000011df,2558,2,369.0
0000000000000000000011e0,493,1,39.0
0000000000000000000011e0,1497,2,1699.0
0000000000000000000011e0,3191,2,425.0
0000000000000000000011e1,5114,1,259.0
0000000000000000000011e2,2273,2,149.0
0000000000000000000011e2,595,3,74.99
0000000000000000000011e2,196,2,2739.0
0000000000000000000011e2,3412,3,199.0
0000000000000000000011e3,1209,2,787.9
0000000000000000000011e3,624,1,63.9
0000000000000000000011e3,3528,1,329.0
0000000000000000000011e4,2839,3,3399.0
0000000000000000000011e4,2180,2,55.1
0000000000000000000011e5,126,1,2529.0
0000000000000000000011e5,3802,3,70.0
0000000000000000000011e6,250,1,3479.0
0000000000000000000011e6,3487,2,1949.0
0000000000000000000011e6,3554,3,529.0
0000000000000000000011e6,3642,2,170.0
0000000000000000000011e7,661,2,199.0
0000000000000000000011e7,2087,3,129.9
0000000000000000000011e8,4526,3,49.9
0000000000000000000011e9,1474,3,1480.0
0000000000000000000011ea,4805,3,69.0
0000000000000000000011eb,985,2,349.0
0000000000000000000011eb,1294,3,120.9
0000000000000000000011ec,3910,2,47.0
0000000000000000000011ec,1868,3,449.0
0000000000000000000011ec,1114,3,799.0
0000000000000000000011ed,1383,2,339.0
0000000000000000000011ee,1245,1,55.0
0000000000000000000011ef,1901,2,119.0
0000000000000000000011ef,3948,2,38.99
0000000000000000000011ef,3220,1,10.49
0000000000000000000011f0,4298,1,119.9
0000000000000000000011f0,157,1,1449.0
0000000000000000000011f0,1566,3,789.0
0000000000000000000011f1,2014,3,8.0
0000000000000000000011f1,1049,3,749.9
0000000000000000000011f2,2232,3,295.0
0000000000000000000011f2,4188,1,230.3
0000000000000000000011f2,4060,2,349.0
0000000000000000000011f3,3823,1,169.0
0000000000000000000011f3,4000,3,25.9
0000000000000000000011f3,1396,1,349.0
0000000000000000000011f3,859,2,399.0
0000000000000000000011f4,588,1,150.9
0000000000000000000011f4,3864,2,19.9
0000000000000000000011f5,2921,3,729.9
0000000000000000000011f5,3232,3,499.9
0000000000000000000011f5,4325,3,59.9
0000000000000000000011f6,3923,3,84.9
0000000000000000000011f6,2407,2,979.0
0000000000000000000011f6,2279,2,289.0
0000000000000000000011f7,476,2,85.0
0000000000000000000011f8,866,3,48310.0
0000000000000000000011f9,2913,3,999.0
0000000000000000000011f9,1088,3,85.0
0000000000000000000011fa,2991,2,2439.0
0000000000000000000011fa,959,1,1299.0
0000000000000000000011fb,3060,3,1390.0
0000000000000000000011fb,1085,2,699.0
0000000000000000000011fb,3528,3,329.0
0000000000000000000011fb,3431,1,1249.0
0000000000000000000011fc,570,2,81.9
0000000000000000000011fc,3768,1,99.9
0000000000000000000011fd,3158,2,171.6
0000000000000000000011fe,1804,3,1139.0
0000000000000000000011fe,94,2,499.0
0000000000000000000011fe,1714,1,1299.0
0000000000000000000011ff,4402,2,479.9
000000000000000000001200,2378,1,399.0
000000000000000000001200,248,2,1729.0
000000000000000000001200,762,3,2189.0
000000000000000000001201,2231,2,266.9
000000000000000000001201,4010,1,25.9
000000000000000000001201,1653,2,2149.0
000000000000000000001201,3683,3,129.0
000000000000000000001202,4942,2,34.9
000000000000000000001202,2540,2,209.0
000000000000000000001203,3154,1,53.0
000000000000000000001204,3852,1,32.9
000000000000000000001205,420,3,249.0
000000000000000000001206,2571,1,65.9
000000000000000000001206,3517,1,209.0
000000000000000000001206,5120,2,679.0
000000000000000000001206,2277,3,299.0
000000000000000000001207,4148,3,45.0
000000000000000000001207,3739,2,79.0
000000000000000000001208,3172,3,199.9
000000000000000000001208,2624,2,2700.0
000000000000000000001209,2161,3,100.3
00000000000000000000120a,905,2,1049.0
00000000000000000000120a,1192,2,279.0
00000000000000000000120b,1177,1,103.18
00000000000000000000120b,4808,1,78.9
00000000000000000000120c,1349,3,84.9
00000000000000000000120c,2116,3,42.0
00000000000000000000120d,2849,3,699.0
00000000000000000000120e,1859,3,409.0
00000000000000000000120e,506,2,79.9
00000000000000000000120f,4633,2,235.0
000000000000000000001210,2093,3,79.9
000000000000000000001210,2092,1,129.0
000000000000000000001210,4485,2,55.9
000000000000000000001211,3642,2,170.0
000000000000000000001212,3464,2,5199.0
000000000000000000001213,4787,3,649.0
000000000000000000001213,3368,3,779.0
000000000000000000001214,2503,1,599.0
000000000000000000001214,1261,3,249.0
000000000000000000001214,3715,2,198.0
000000000000000000001215,3071,1,54.8
000000000000000000001216,3342,2,969.0
000000000000000000001216,5170,2,175.0
000000000000000000001216,2636,3,2699.0
000000000000000000001217,1994,1,459.0
000000000000000000001217,3968,3,349.0
000000000000000000001217,549,2,50.0
000000000000000000001218,4835,2,549.0
000000000000000000001218,452,3,25.0
000000000000000000001219,17,2,419.0
000000000000000000001219,876,1,1200.0
000000000000000000001219,3896,3,105.9
00000000000000000000121a,483,1,74.9
00000000000000000000121b,3809,2,79.9
00000000000000000000121b,2885,1,789.0
00000000000000000000121b,1210,2,93.9
00000000000000000000121c,3523,1,49.99
00000000000000000000121d,3757,1,69.0
00000000000000000000121e,4488,3,55.9
00000000000000000000121f,1376,2,4099.0
000000000000000000001220,1902,3,128.0
000000000000000000001221,1034,1,749.9
000000000000000000001221,2749,2,3599.0
000000000000000000001221,3429,2,1099.0
000000000000000000001222,3571,1,140.9
000000000000000000001222,5082,2,820.0
000000000000000000001223,1514,2,2498.9
000000000000000000001224,1107,1,4999.0
000000000000000000001225,3568,2,140.9
000000000000000000001226,1465,3,1549.0
000000000000000000001226,2276,3,199.0
000000000000000000001226,1285,1,109.9
000000000000000000001227,1366,3,209.0
000000000000000000001228,556,1,179.0
000000000000000000001229,949,1,1599.0
00000000000000000000122a,2924,2,2945.0
00000000000000000000122b,92,3,399.0
00000000000000000000122c,1282,3,406.9
00000000000000000000122c,5103,2,259.0
00000000000000000000122c,3060,3,1390.0
00000000000000000000122c,296,2,639.0
00000000000000000000122d,4807,3,135.14
00000000000000000000122e,2605,2,2889.0
00000000000000000000122e,4599,3,13.9
00000000000000000000122f,1533,2,1399.0
000000000000000000001230,3660,3,74.9
000000000000000000001230,2976,1,1859.0
000000000000000000001230,619,2,148.9
000000000000000000001231,1415,2,179.0
000000000000000000001231,3722,2,90.0
000000000000000000001231,1622,2,789.0
000000000000000000001232,1307,1,302.9
000000000000000000001232,918,2,1490.9
000000000000000000001233,1219,3,135.0
000000000000000000001234,1045,1,534.9
000000000000000000001234,2144,3,139.0
000000000000000000001234,3684,3,99.0
000000000000000000001235,886,3,1449.0
000000000000000000001235,1375,3,409.0
000000000000000000001236,4552,1,99.9
000000000000000000001236,4925,2,139.0
000000000000000000001236,2057,2,349.0
000000000000000000001237,3292,2,749.0
000000000000000000001237,4222,3,299.0
000000000000000000001237,901,1,745.0
000000000000000000001238,4856,1,59.9
000000000000000000001238,4981,2,89.0
000000000000000000001239,132,1,2549.0
00000000000000000000123a,921,2,389.0
00000000000000000000123a,396,2,479.0
00000000000000000000123b,3540,1,329.0
00000000000000000000123b,4845,3,549.0
00000000000000000000123b,4836,1,599.0
00000000000000000000123c,3399,2,1099.0
00000000000000000000123c,4657,2,309.0
00000000000000000000123d,2381,2,180.0
00000000000000000000123d,3524,1,39.99
00000000000000000000123d,3671,3,15.5
00000000000000000000123d,3458,1,489.0
00000000000000000000123e,1558,1,949.0
00000000000000000000123e,3249,1,68.9
00000000000000000000123f,2159,3,39.0
00000000000000000000123f,4791,1,509.0
00000000000000000000123f,2630,1,2519.9
000000000000000000001240,2128,3,159.0
000000000000000000001241,983,2,1599.0
000000000000000000001241,3438,2,1199.0
000000000000000000001241,3201,3,67.0
000000000000000000001242,470,1,49.9
000000000000000000001242,2484,3,27.0
000000000000000000001243,2882,1,699.0
000000000000000000001244,1557,1,899.0
000000000000000000001244,1067,1,279.0
000000000000000000001244,1042,2,619.0
000000000000000000001245,3159,2,299.9
000000000000000000001245,2087,1,129.9
000000000000000000001245,771,1,1799.0
000000000000000000001245,1527,3,699.0
000000000000000000001246,2627,2,799.0
000000000000000000001246,4458,1,202.93
000000000000000000001247,2011,2,306.0
000000000000000000001248,2288,3,79.0
000000000000000000001248,1154,3,2389.9
000000000000000000001249,1409,1,149.0
00000000000000000000124a,4899,2,99.9
00000000000000000000124b,3395,3,109.0
00000000000000000000124c,1006,3,1329.0
00000000000000000000124c,4362,3,103.9
00000000000000000000124c,1687,3,899.0
00000000000000000000124c,5022,2,49.0
00000000000000000000124d,269,3,598.0
00000000000000000000124d,1319,1,159.0
00000000000000000000124d,1100,1,1799.0
00000000000000000000124e,4621,2,192.5
00000000000000000000124e,2427,1,489.0
00000000000000000000124f,1829,2,739.0
000000000000000000001250,5090,1,330.0
000000000000000000001250,600,3,149.0
000000000000000000001251,3533,3,329.0
000000000000000000001251,3498,3,1899.0
000000000000000000001251,3840,1,64.9
000000000000000000001252,1113,3,2799.0
000000000000000000001252,424,1,44.9
000000000000000000001253,2051,1,879.0
000000000000000000001254,4475,3,79.0
000000000000000000001254,3662,2,52.9
000000000000000000001254,3841,3,64.9
000000000000000000001255,2659,1,1499.0
000000000000000000001256,4035,2,23.9
000000000000000000001257,2778,1,3299.0
000000000000000000001257,393,1,849.0
000000000000000000001258,2310,3,99.9
000000000000000000001259,1887,3,199.0
00000000000000000000125a,2440,3,309.0
00000000000000000000125a,1445,3,1399.9
00000000000000000000125a,130,2,2549.0
00000000000000000000125b,2021,3,449.0
00000000000000000000125b,3019,2,800.0
00000000000000000000125b,4121,2,96.9
00000000000000000000125c,1456,2,1650.0
00000000000000000000125c,4311,1,135.0
00000000000000000000125d,666,2,1179.0
00000000000000000000125e,3647,3,295.0
00000000000000000000125e,3705,3,70.0
00000000000000000000125f,1764,1,899.0
00000000000000000000125f,3394,3,109.0
00000000000000000000125f,643,2,259.0
000000000000000000001260,530,1,59.0
000000000000000000001261,2722,3,1649.0
000000000000000000001261,5164,2,1399.0
000000000000000000001261,424,2,44.9
000000000000000000001261,716,1,799.0
000000000000000000001262,4780,2,211.19
000000000000000000001262,3106,2,59.0
000000000000000000001263,4672,3,179.0
000000000000000000001263,704,2,339.9
000000000000000000001264,4507,3,49.9
000000000000000000001265,3341,3,549.0
000000000000000000001266,2649,3,2160.0
000000000000000000001267,3257,1,1139.9
000000000000000000001267,3648,3,189.0
000000000000000000001268,2173,3,55.9
000000000000000000001269,1430,2,3100.0
00000000000000000000126a,3470,2,89.0
00000000000000000000126a,2864,3,899.0
00000000000000000000126a,1053,1,1099.0
00000000000000000000126a,5073,1,340.0
00000000000000000000126b,2719,1,1649.0
00000000000000000000126b,524,3,119.0
00000000000000000000126c,3540,2,329.0
00000000000000000000126d,1066,2,349.9
00000000000000000000126e,1695,3,709.0
00000000000000000000126f,2104,2,78.0
00000000000000000000126f,9,2,55.0
000000000000000000001270,3383,1,1299.0
000000000000000000001271,3231,3,499.9
000000000000000000001271,3220,2,10.49
000000000000000000001271,3378,3,1139.0
000000000000000000001272,1395,1,349.0
000000000000000000001272,2375,2,499.0
000000000000000000001273,2853,1,1299.0
000000000000000000001274,2969,2,539.9
000000000000000000001274,2670,3,4449.0
000000000000000000001274,4359,3,103.9
000000000000000000001275,4590,3,54.9
000000000000000000001275,767,1,2189.0
000000000000000000001276,3779,2,169.9
000000000000000000001277,3104,1,70.0
000000000000000000001278,1938,3,499.0
000000000000000000001278,880,2,699.0
000000000000000000001279,2095,3,299.0
000000000000000000001279,1827,1,249.0
00000000000000000000127a,3285,1,1099.0
00000000000000000000127b,968,1,50.0
00000000000000000000127c,455,3,149.0
00000000000000000000127c,2462,1,399.0
00000000000000000000127d,3903,1,88.9
00000000000000000000127d,5176,3,499.9
00000000000000000000127d,5170,2,175.0
00000000000000000000127e,4880,3,450.0
00000000000000000000127e,2597,3,5798.0
00000000000000000000127e,4758,2,159.0
00000000000000000000127f,4856,3,59.9
000000000000000000001280,4958,3,86.9
000000000000000000001280,3148,3,37.9
000000000000000000001281,3918,3,199.0
000000000000000000001281,78,1,799.0
000000000000000000001281,407,1,940.0
000000000000000000001281,1043,3,649.99
000000000000000000001282,3859,2,134.9
000000000000000000001282,2145,1,189.0
000000000000000000001283,2947,2,1499.0
000000000000000000001284,1416,3,429.0
000000000000000000001284,5124,2,450.0
000000000000000000001285,2987,3,2039.0
000000000000000000001285,2753,3,3699.0
000000000000000000001286,2648,2,2361.0
000000000000000000001286,4558,3,25.0
000000000000000000001287,1240,3,150.0
000000000000000000001287,1212,1,2769.0
000000000000000000001287,4481,3,39.95
000000000000000000001288,3595,3,344.0
000000000000000000001288,4319,2,79.0
000000000000000000001289,2461,1,29.9
000000000000000000001289,3969,2,349.0
00000000000000000000128a,2949,1,209.9
00000000000000000000128a,2630,2,2519.9
00000000000000000000128b,1007,3,2500.0
00000000000000000000128b,4511,3,49.9
00000000000000000000128b,2896,1,989.0
00000000000000000000128b,404,3,479.0
00000000000000000000128c,2773,3,570.0
00000000000000000000128c,4448,1,129.9
00000000000000000000128c,911,2,1299.0
00000000000000000000128d,3445,2,599.0
00000000000000000000128d,3986,2,55.0
00000000000000000000128d,4871,2,119.0
00000000000000000000128e,4490,1,55.9
00000000000000000000128e,3497,2,1799.0
00000000000000000000128e,3088,3,1638.0
00000000000000000000128f,3639,2,1999.0
000000000000000000001290,4729,1,624.0
000000000000000000001290,1212,3,2769.0
000000000000000000001290,1280,1,69.9
000000000000000000001290,3526,3,29.99
000000000000000000001291,4501,3,49.9
000000000000000000001292,945,2,799.0
000000000000000000001292,4918,3,39.9
000000000000000000001292,2374,1,679.0
000000000000000000001292,72,2,529.0
000000000000000000001293,4618,3,192.5
000000000000000000001293,3499,1,1899.0
000000000000000000001293,1343,2,180.0
000000000000000000001294,4687,3,149.0
000000000000000000001295,3597,2,59.9
000000000000000000001295,2442,3,359.0
000000000000000000001296,4319,3,79.0
000000000000000000001296,2868,2,799.0
000000000000000000001297,2968,1,315.0
000000000000000000001297,3709,3,137.5
000000000000000000001297,955,3,1499.0
000000000000000000001297,2005,3,925.0
000000000000000000001298,529,2,59.0
000000000000000000001298,3565,1,140.9
000000000000000000001298,1992,2,900.0
000000000000000000001298,4625,2,394.9
000000000000000000001299,651,1,211.19
000000000000000000001299,1161,3,390.68
00000000000000000000129a,5086,3,199.0
00000000000000000000129a,667,3,653.0
00000000000000000000129a,4492,2,55.9
00000000000000000000129b,1810,3,1250.0
00000000000000000000129b,1040,1,589.0
00000000000000000000129b,1536,3,1699.0
00000000000000000000129c,2873,3,180.0
00000000000000000000129d,2643,3,1309.0
00000000000000000000129e,1030,3,229.0
00000000000000000000129f,2024,2,849.0
00000000000000000000129f,454,2,1029.0
0000000000000000000012a0,3870,3,102.9
0000000000000000000012a0,2571,3,65.9
0000000000000000000012a1,984,2,359.0
0000000000000000000012a1,4870,1,110.0
0000000000000000000012a2,4131,1,107.8
0000000000000000000012a2,4523,3,49.9
0000000000000000000012a3,4817,2,149.0
0000000000000000000012a4,3153,3,149.9
0000000000000000000012a4,3375,2,599.0
0000000000000000000012a4,224,3,3949.0
0000000000000000000012a5,453,3,729.0
0000000000000000000012a5,2395,1,229.0
0000000000000000000012a5,2273,2,149.0
0000000000000000000012a5,2981,3,349.9
0000000000000000000012a6,142,3,1179.0
0000000000000000000012a6,3617,1,75.0
0000000000000000000012a7,4234,1,150.0
0000000000000000000012a8,2878,2,809.0
0000000000000000000012a8,3485,1,1899.0
0000000000000000000012a9,3624,3,829.0
0000000000000000000012a9,1349,2,84.9
0000000000000000000012a9,2278,3,339.0
0000000000000000000012aa,281,3,909.0
0000000000000000000012aa,4146,3,30.5
0000000000000000000012ab,19,1,399.0
0000000000000000000012ab,2987,3,2039.0
0000000000000000000012ac,5073,1,340.0
0000000000000000000012ac,3039,2,360.0
0000000000000000000012ad,3349,2,789.0
0000000000000000000012ad,4965,1,59.0
0000000000000000000012ad,3404,1,4049.0
0000000000000000000012ae,3686,1,10.9
0000000000000000000012af,1839,1,2599.0
0000000000000000000012af,3685,1,368.9
0000000000000000000012af,4663,2,189.0
0000000000000000000012af,4561,3,25.0
0000000000000000000012b0,21,3,499.0
0000000000000000000012b0,3491,1,1699.0
0000000000000000000012b1,3343,3,729.0
0000000000000000000012b2,4227,2,77.9
0000000000000000000012b2,1013,1,1265.0
0000000000000000000012b2,3469,1,89.0
0000000000000000000012b3,3890,3,54.9
0000000000000000000012b3,3939,2,59.9
0000000000000000000012b3,3043,2,70.0
0000000000000000000012b3,2867,1,799.0
0000000000000000000012b4,2609,3,2879.0
0000000000000000000012b4,3621,1,19.9
0000000000000000000012b4,3944,2,64.9
0000000000000000000012b5,4114,1,209.9
0000000000000000000012b5,4491,1,55.9
0000000000000000000012b6,1731,2,1889.0
0000000000000000000012b6,2807,3,2439.0
0000000000000000000012b7,175,1,3099.0
0000000000000000000012b8,3825,3,189.0
0000000000000000000012b9,113,3,529.0
0000000000000000000012b9,4285,1,230.0
0000000000000000000012ba,5159,2,829.0
0000000000000000000012ba,3133,1,149.9
0000000000000000000012bb,2919,1,1129.9
0000000000000000000012bb,369,1,469.0
0000000000000000000012bc,4537,3,49.9
0000000000000000000012bc,4811,2,78.9
0000000000000000000012bc,1129,1,379.0
0000000000000000000012bc,1066,2,349.9
0000000000000000000012bd,2522,3,39.9
0000000000000000000012be,1846,1,1159.0
0000000000000000000012be,3226,2,699.9
0000000000000000000012be,1730,2,1279.0
0000000000000000000012be,4608,2,65.9
0000000000000000000012bf,797,3,869.0
0000000000000000000012bf,3970,1,189.0
0000000000000000000012bf,315,1,1499.0
0000000000000000000012bf,4293,2,119.9
0000000000000000000012c0,5019,3,109.9
0000000000000000000012c1,333,3,739.0
0000000000000000000012c2,4507,3,49.9
0000000000000000000012c3,84,3,469.0
0000000000000000000012c4,3669,1,14.5
0000000000000000000012c4,1727,2,1249.0
0000000000000000000012c5,3329,1,629.0
0000000000000000000012c5,4369,1,103.9
0000000000000000000012c5,4596,1,54.9
0000000000000000000012c6,1480,3,1789.0
0000000000000000000012c7,3350,2,1299.0
0000000000000000000012c8,1795,1,129.9
0000000000000000000012c8,3455,2,949.0
0000000000000000000012c8,885,2,1149.0
0000000000000000000012c9,4785,3,723.35
0000000000000000000012c9,2906,3,989.0
0000000000000000000012c9,4082,3,42.9
0000000000000000000012ca,4621,3,192.5
0000000000000000000012cb,734,2,919.0
0000000000000000000012cb,2760,1,5789.0
0000000000000000000012cc,676,1,169.0
0000000000000000000012cc,2172,2,169.0
0000000000000000000012cc,2069,2,120.0
0000000000000000000012cc,3669,1,14.5
0000000000000000000012cd,2326,3,679.9
0000000000000000000012cd,2827,3,799.0
0000000000000000000012ce,2342,1,729.0
0000000000000000000012ce,3024,3,729.9
0000000000000000000012ce,2105,3,88.0
0000000000000000000012cf,3793,3,60.0
0000000000000000000012cf,4569,3,34.3
0000000000000000000012cf,365,2,589.0
0000000000000000000012cf,2084,2,39.7
0000000000000000000012d0,4868,2,35.5
0000000000000000000012d0,3213,3,269.9
0000000000000000000012d1,3981,2,58.9
0000000000000000000012d2,1396,2,349.0
0000000000000000000012d3,2798,2,3369.0
0000000000000000000012d4,724,2,1799.0
0000000000000000000012d4,1703,1,799.0
0000000000000000000012d4,4370,3,103.9
0000000000000000000012d5,1086,3,88.0
0000000000000000000012d6,4434,3,449.9
0000000000000000000012d7,109,1,459.0
0000000000000000000012d7,3594,1,599.0
0000000000000000000012d7,1281,2,93.9
0000000000000000000012d7,3857,1,49.9
0000000000000000000012d8,863,1,469.0
0000000000000000000012d8,2034,2,369.0
0000000000000000000012d9,3664,3,279.0
0000000000000000000012da,4168,2,299.9
0000000000000000000012da,1013,3,1265.0
0000000000000000000012da,4757,2,135.0
0000000000000000000012da,2400,3,289.0
0000000000000000000012db,2372,1,719.0
0000000000000000000012db,2200,1,289.0
0000000000000000000012db,4974,1,89.0
0000000000000000000012db,5002,2,230.0
0000000000000000000012dc,2136,1,130.0
0000000000000000000012dc,4945,3,99.0
0000000000000000000012dd,1715,1,1499.0
0000000000000000000012dd,1530,1,949.0
0000000000000000000012de,3963,1,349.0
0000000000000000000012de,3688,2,659.0
0000000000000000000012de,4890,1,29.0
0000000000000000000012df,1636,1,1689.0
0000000000000000000012e0,864,2,1240.0
0000000000000000000012e0,3261,2,299.0
0000000000000000000012e1,977,1,799.0
0000000000000000000012e1,4891,3,349.0
0000000000000000000012e2,590,3,199.0
0000000000000000000012e2,904,1,690.0
0000000000000000000012e2,2897,3,989.0
0000000000000000000012e2,2262,2,279.9
0000000000000000000012e3,2602,1,2599.0
0000000000000000000012e3,4750,3,109.67
0000000000000000000012e3,692,2,2439.0
0000000000000000000012e4,3114,2,36.9
0000000000000000000012e5,1431,3,2880.0
0000000000000000000012e5,1176,3,92.95
0000000000000000000012e5,2548,3,189.0
0000000000000000000012e5,4051,1,20.0
0000000000000000000012e6,1200,2,229.0
0000000000000000000012e6,3492,1,1799.0
0000000000000000000012e6,814,2,459.0
0000000000000000000012e6,2005,1,925.0
0000000000000000000012e7,5027,3,210.0
0000000000000000000012e7,4768,1,39.0
0000000000000000000012e7,4067,2,199.0
0000000000000000000012e8,5012,3,32.9
0000000000000000000012e8,3913,2,47.0
0000000000000000000012e9,407,3,940.0
0000000000000000000012e9,4370,1,103.9
0000000000000000000012e9,1757,2,74.9
0000000000000000000012e9,3431,3,1249.0
0000000000000000000012ea,1852,2,87.0
0000000000000000000012eb,2299,1,139.0
0000000000000000000012ec,427,2,109.9
0000000000000000000012ed,3952,3,369.0
0000000000000000000012ed,60,2,400.0
0000000000000000000012ed,1453,2,249.9
0000000000000000000012ee,4377,3,112.9
0000000000000000000012ee,4339,1,559.9
0000000000000000000012ef,1427,1,1598.9
0000000000000000000012ef,1251,1,217.9
0000000000000000000012ef,4883,1,1059.0
0000000000000000000012f0,919,2,1199.0
0000000000000000000012f1,3014,1,1599.99
0000000000000000000012f1,2390,3,609.0
0000000000000000000012f2,3724,1,70.0
0000000000000000000012f2,4474,1,39.0
0000000000000000000012f3,2209,2,99.0
0000000000000000000012f3,3511,2,165.0
0000000000000000000012f3,1776,3,899.0
0000000000000000000012f4,2995,3,2180.0
0000000000000000000012f4,140,1,2659.0
0000000000000000000012f4,2295,3,154.9
0000000000000000000012f4,2755,2,4029.0
0000000000000000000012f5,5056,1,420.0
0000000000000000000012f5,4761,2,109.0
0000000000000000000012f5,445,1,25.0
0000000000000000000012f5,1543,1,1489.0
0000000000000000000012f6,4099,1,25.9
0000000000000000000012f6,20,1,420.0
0000000000000000000012f6,2317,1,329.0
0000000000000000000012f6,1581,2,1409.0
0000000000000000000012f7,2560,2,31.9
0000000000000000000012f8,59,2,59.0
0000000000000000000012f9,1697,2,799.0
0000000000000000000012f9,633,3,149.0
0000000000000000000012fa,3106,1,59.0
0000000000000000000012fb,523,2,129.9
0000000000000000000012fc,3811,3,54.9
0000000000000000000012fd,4540,1,49.9
0000000000000000000012fe,3613,3,42.9
0000000000000000000012fe,1907,2,599.0
0000000000000000000012ff,3866,2,19.9
000000000000000000001300,1522,3,2298.0
000000000000000000001301,2675,3,4449.0
000000000000000000001302,3652,2,28.9
000000000000000000001303,701,2,1299.0
000000000000000000001304,2850,2,3999.0
000000000000000000001304,1338,1,219.4
000000000000000000001305,945,3,799.0
000000000000000000001305,3286,3,859.0
000000000000000000001306,929,2,649.0
000000000000000000001306,767,1,2189.0
000000000000000000001306,547,3,45.0
000000000000000000001307,2985,2,314.9
000000000000000000001308,3850,1,196.0
000000000000000000001308,2161,3,100.3
000000000000000000001309,2601,3,899.0
00000000000000000000130a,61,1,358.0
00000000000000000000130b,732,2,399.0
00000000000000000000130b,3781,1,89.0
00000000000000000000130b,237,1,3899.0
00000000000000000000130c,4361,1,108.9
00000000000000000000130c,1816,3,280.0
00000000000000000000130d,2003,2,599.0
00000000000000000000130e,252,1,1999.0
00000000000000000000130f,1064,2,1039.0
000000000000000000001310,1217,1,42.0
000000000000000000001310,2384,2,319.0
000000000000000000001310,616,2,199.0
000000000000000000001311,2077,2,42.0
000000000000000000001311,3876,3,129.9
000000000000000000001311,2598,2,5499.0
000000000000000000001312,1875,1,459.0
000000000000000000001313,650,2,389.0
000000000000000000001313,3463,2,499.0
000000000000000000001313,4188,1,230.3
000000000000000000001314,2769,3,2049.0
000000000000000000001315,530,2,59.0
000000000000000000001316,3549,2,529.0
000000000000000000001317,2360,1,399.0
000000000000000000001317,848,3,999.0
000000000000000000001318,2381,3,180.0
000000000000000000001318,3484,1,1949.0
000000000000000000001318,1984,2,287.0
000000000000000000001318,862,3,390.0
000000000000000000001319,2632,3,1259.0
000000000000000000001319,3710,2,93.0
00000000000000000000131a,2247,3,198.9
00000000000000000000131a,873,2,399.0
00000000000000000000131a,2644,2,2499.0
00000000000000000000131a,2280,2,648.9
00000000000000000000131b,4987,2,59.0
00000000000000000000131c,4113,1,39.0
00000000000000000000131c,2952,2,1089.0
00000000000000000000131d,2620,1,1109.0
00000000000000000000131d,400,3,479.0
00000000000000000000131d,2082,1,32.9
00000000000000000000131e,3260,3,119.9
00000000000000000000131f,175,2,3099.0
000000000000000000001320,4674,1,158.0
000000000000000000001321,4140,1,24.8
000000000000000000001322,1409,1,149.0
000000000000000000001322,2360,2,399.0
000000000000000000001323,3124,1,559.9
000000000000000000001324,4365,2,134.91
000000000000000000001324,442,3,29.9
000000000000000000001325,4773,3,74.9
000000000000000000001325,2722,1,1649.0
000000000000000000001326,667,1,653.0
000000000000000000001327,1755,2,949.0
000000000000000000001327,4253,1,175.7
000000000000000000001327,2819,2,4679.0
000000000000000000001328,2288,1,79.0
000000000000000000001329,4030,1,23.9
00000000000000000000132a,2536,1,189.9
00000000000000000000132a,1238,3,169.9
00000000000000000000132b,3028,3,115.0
00000000000000000000132c,413,3,2319.0
00000000000000000000132d,18,3,399.0
00000000000000000000132e,4980,1,89.0
00000000000000000000132e,4972,2,39.9
00000000000000000000132f,3718,1,66.0
00000000000000000000132f,1221,3,329.0
000000000000000000001330,1218,1,459.0
000000000000000000001331,1700,1,849.0
000000000000000000001332,2132,2,60.9
000000000000000000001333,849,1,1199.0
000000000000000000001333,1397,3,2199.0
000000000000000000001333,1730,1,1279.0
000000000000000000001334,2043,2,475.0
000000000000000000001334,4291,3,119.9
000000000000000000001335,4791,1,509.0
000000000000000000001336,3602,1,19.5
000000000000000000001336,4254,2,175.7
000000000000000000001337,4538,1,49.9
000000000000000000001337,1523,2,2299.0
000000000000000000001338,554,2,179.0
000000000000000000001339,4904,3,45.0
00000000000000000000133a,2280,3,648.9
00000000000000000000133b,1712,2,949.0
00000000000000000000133c,3001,2,520.0
00000000000000000000133d,1906,2,849.0
00000000000000000000133e,4521,1,49.9
00000000000000000000133e,829,3,899.0
00000000000000000000133e,1019,3,420.0
00000000000000000000133e,4188,1,230.3
00000000000000000000133f,1117,3,599799.0
000000000000000000001340,2791,3,2699.0
000000000000000000001340,4223,2,230.3
000000000000000000001340,3984,1,60.99
000000000000000000001341,1924,1,1399.0
000000000000000000001342,4043,3,23.9
000000000000000000001342,499,3,21.5
000000000000000000001343,566,3,129.9
000000000000000000001344,1805,1,885.0
000000000000000000001345,468,1,189.0
000000000000000000001346,1761,3,20.0
000000000000000000001346,3979,3,233.0
000000000000000000001346,4688,1,50.0
000000000000000000001347,120,3,2999.0
000000000000000000001347,2350,1,64.9
000000000000000000001347,3040,1,3599.0
000000000000000000001348,2446,2,249.0
000000000000000000001348,1041,2,389.0
000000000000000000001349,2632,2,1259.0
000000000000000000001349,497,1,89.0
000000000000000000001349,3479,3,1199.0
00000000000000000000134a,3614,3,5.2
00000000000000000000134b,281,3,909.0
00000000000000000000134b,5091,3,485.0
00000000000000000000134b,2832,3,3999.0
00000000000000000000134b,3906,1,89.5
00000000000000000000134c,4401,1,239.0
00000000000000000000134d,2155,2,49.4
00000000000000000000134d,2275,2,197.0
00000000000000000000134e,3664,1,279.0
00000000000000000000134e,2159,1,39.0
00000000000000000000134e,2412,2,83.9
00000000000000000000134f,3031,2,100.0
00000000000000000000134f,2670,1,4449.0
00000000000000000000134f,3440,3,89.0
00000000000000000000134f,3968,1,349.0
000000000000000000001350,4889,1,2499.0
000000000000000000001350,1989,1,245.0
000000000000000000001351,273,2,939.0
000000000000000000001352,592,2,99.0
000000000000000000001353,46,1,459.0
000000000000000000001353,402,1,479.0
000000000000000000001354,2940,2,879.9
000000000000000000001355,4387,1,125.93
000000000000000000001355,3611,2,1399.0
000000000000000000001355,2876,2,619.0
000000000000000000001356,2311,2,89.0
000000000000000000001357,4345,2,149.9
000000000000000000001357,324,3,499.0
000000000000000000001357,3855,1,49.9
000000000000000000001357,4936,1,35.9
000000000000000000001358,3147,3,15.9
000000000000000000001358,2891,3,989.0
000000000000000000001358,1450,2,299.9
000000000000000000001359,2526,1,5549.9
000000000000000000001359,1969,2,449.99
00000000000000000000135a,2104,2,78.0
00000000000000000000135a,583,3,119.0
00000000000000000000135a,5177,2,1299.9
00000000000000000000135b,832,3,999.0
00000000000000000000135b,5127,1,500.0
00000000000000000000135b,327,1,449.0
00000000000000000000135c,2968,2,315.0
00000000000000000000135d,4864,2,70.0
00000000000000000000135e,1475,3,1399.0
00000000000000000000135e,2059,3,299.0
00000000000000000000135e,2526,1,5549.9
00000000000000000000135e,689,1,99.0
00000000000000000000135f,1041,2,389.0
00000000000000000000135f,2228,3,160.0
00000000000000000000135f,2286,3,799.0
000000000000000000001360,757,3,1099.99
000000000000000000001360,2181,2,75.2
000000000000000000001360,2453,1,2399.9
000000000000000000001360,4344,1,149.9
000000000000000000001361,3320,1,1299.0
000000000000000000001362,4122,3,19.9
000000000000000000001362,4050,1,96.0
000000000000000000001363,3911,2,33.0
000000000000000000001363,3425,3,849.0
000000000000000000001364,1213,2,1539.0
000000000000000000001365,4410,2,49.9
000000000000000000001365,4683,2,145.0
000000000000000000001366,5003,1,99.99
000000000000000000001366,669,3,1699.0
000000000000000000001366,4820,1,1799.0
000000000000000000001367,5008,1,20.9
000000000000000000001368,2909,2,989.0
000000000000000000001368,3445,2,599.0
000000000000000000001369,1742,2,1629.0
000000000000000000001369,4844,1,149.0
000000000000000000001369,3406,3,4399.0
00000000000000000000136a,910,2,999.0
00000000000000000000136a,2226,2,150.0
00000000000000000000136a,279,1,899.0
00000000000000000000136a,2912,1,999.0
00000000000000000000136b,2311,2,89.0
00000000000000000000136c,2653,1,1599.0
00000000000000000000136d,2189,2,75.1
00000000000000000000136d,4503,3,49.9
00000000000000000000136d,2205,2,155.0
00000000000000000000136d,2925,3,289.9
00000000000000000000136e,2772,3,3999.0
00000000000000000000136f,4631,2,159.0
000000000000000000001370,3852,3,32.9
000000000000000000001370,1072,3,569.0
000000000000000000001371,4158,3,53.55
000000000000000000001372,1291,1,80.9
000000000000000000001372,3493,1,1799.0
000000000000000000001372,3303,2,1099.0
000000000000000000001373,3565,3,140.9
000000000000000000001373,2509,1,49.9
000000000000000000001373,2165,3,62.0
000000000000000000001374,2953,1,300.0
000000000000000000001375,1835,2,899.0
000000000000000000001375,3918,2,199.0
000000000000000000001376,2359,1,185.0
000000000000000000001376,4623,3,192.5
000000000000000000001377,3857,1,49.9
000000000000000000001378,2857,3,599.0
000000000000000000001378,3499,2,1899.0
000000000000000000001379,378,1,3099.0
00000000000000000000137a,4748,1,151.9
00000000000000000000137a,151,2,1179.0
00000000000000000000137a,1159,2,340.0
00000000000000000000137b,2284,1,659.0
00000000000000000000137b,5108,3,259.0
00000000000000000000137b,2306,1,519.0
00000000000000000000137c,5024,3,69.0
00000000000000000000137c,966,2,25.0
00000000000000000000137c,967,2,20.0
00000000000000000000137c,1430,2,3100.0
00000000000000000000137d,4912,2,39.9
00000000000000000000137d,774,2,919.0
00000000000000000000137e,226,1,3799.0
00000000000000000000137e,1545,3,1489.0
00000000000000000000137f,3153,3,149.9
00000000000000000000137f,3541,2,329.0
000000000000000000001380,4569,2,34.3
000000000000000000001380,1703,3,799.0
000000000000000000001380,3946,3,269449.0
000000000000000000001381,1986,2,278.0
000000000000000000001382,1996,1,558.0
000000000000000000001383,650,1,389.0
000000000000000000001383,3719,1,69.99
000000000000000000001383,4715,2,35.0
000000000000000000001384,3478,2,279.0
000000000000000000001385,4187,3,230.3
000000000000000000001385,2016,2,699.0
000000000000000000001386,1971,3,1599.0
000000000000000000001386,4180,3,159.0
000000000000000000001387,3574,3,59.0
000000000000000000001387,3625,2,240.0
000000000000000000001387,1358,2,84.9
000000000000000000001388,148,2,1179.0
000000000000000000001389,5083,2,580.0
00000000000000000000138a,609,1,569.0
00000000000000000000138a,4209,1,149.9
00000000000000000000138b,838,1,489.0
00000000000000000000138b,4644,1,49.9
00000000000000000000138c,1475,2,1399.0
00000000000000000000138c,3460,2,529.0
00000000000000000000138d,2604,3,4669.0
00000000000000000000138d,246,1,1998.0
00000000000000000000138d,647,2,329.9
00000000000000000000138e,4188,2,230.3
00000000000000000000138e,2476,2,28.9
00000000000000000000138e,3026,1,1200.0
00000000000000000000138f,538,2,249.0
00000000000000000000138f,3778,3,109.0
000000000000000000001390,4094,1,49.9
000000000000000000001390,1911,3,1419.0
000000000000000000001390,56,3,279.0
000000000000000000001390,1515,2,2329.0
000000000000000000001391,363,1,449.0
000000000000000000001391,684,3,169.9
000000000000000000001391,47,2,459.0
000000000000000000001392,1295,3,120.9
000000000000000000001392,1305,3,319.0
000000000000000000001393,3124,2,559.9
000000000000000000001394,2565,1,949.0
000000000000000000001395,3859,3,134.9
000000000000000000001395,684,3,169.9
000000000000000000001395,526,1,26.99
000000000000000000001396,2588,3,1747.0
000000000000000000001397,5138,1,299.9
000000000000000000001397,3330,1,1299.0
000000000000000000001398,4051,2,20.0
000000000000000000001398,3971,2,189.0
000000000000000000001398,4973,1,159.0
000000000000000000001399,2596,2,3599.0
00000000000000000000139a,2138,2,119.0
00000000000000000000139a,467,3,189.0
00000000000000000000139b,4031,1,23.9
00000000000000000000139b,2765,3,919.0
00000000000000000000139b,2113,3,68.0
00000000000000000000139c,4572,1,40.0
00000000000000000000139d,2706,2,2699.0
00000000000000000000139d,2901,1,819.0
00000000000000000000139e,2672,2,4449.0
00000000000000000000139e,383,3,3719.0
00000000000000000000139e,2152,2,89.0
00000000000000000000139f,2135,3,137.0
00000000000000000000139f,1188,2,165.0
0000000000000000000013a0,358,2,2449.0
0000000000000000000013a0,531,1,165.0
0000000000000000000013a1,2065,2,149.0
0000000000000000000013a1,5058,1,265.0
0000000000000000000013a2,954,1,999.0
0000000000000000000013a2,2416,1,329.0
0000000000000000000013a3,362,3,1029.0
0000000000000000000013a3,3516,1,209.0
0000000000000000000013a4,1849,3,849.0
0000000000000000000013a5,2564,1,49.0
0000000000000000000013a5,2061,2,21.0
0000000000000000000013a6,659,2,3189.0
0000000000000000000013a6,3746,1,22.9
0000000000000000000013a7,4536,2,49.9
0000000000000000000013a7,2052,2,759.0
0000000000000000000013a7,1467,2,1549.0
0000000000000000000013a7,4153,2,109.0
0000000000000000000013a8,375,2,3099.0
0000000000000000000013a8,3551,2,529.0
0000000000000000000013a9,1906,3,849.0
0000000000000000000013a9,2453,1,2399.9
0000000000000000000013aa,1298,2,80.0
0000000000000000000013ab,3464,2,5199.0
0000000000000000000013ac,838,3,489.0
0000000000000000000013ac,1398,1,669.0
0000000000000000000013ad,5145,3,1189.0
0000000000000000000013ad,3204,3,226.9
0000000000000000000013ae,1354,2,70.9
0000000000000000000013af,120,3,2999.0
0000000000000000000013af,4583,1,25.0
0000000000000000000013b0,1380,3,1599.0
0000000000000000000013b0,388,1,2599.0
0000000000000000000013b0,3263,2,469.0
0000000000000000000013b1,5102,1,259.0
0000000000000000000013b1,866,2,48310.0
0000000000000000000013b1,2606,2,2759.0
0000000000000000000013b2,4691,2,189.0
0000000000000000000013b3,1580,2,849.9
0000000000000000000013b3,3161,1,379.0
0000000000000000000013b3,446,2,1799.0
0000000000000000000013b3,1088,3,85.0
0000000000000000000013b4,2261,2,279.9
0000000000000000000013b5,2198,1,291.0
0000000000000000000013b6,4579,3,29.9
0000000000000000000013b6,4080,1,42.9
0000000000000000000013b6,794,3,799.0
0000000000000000000013b7,3581,2,200.0
0000000000000000000013b7,3191,3,425.0
0000000000000000000013b8,4617,1,192.5
0000000000000000000013b8,1896,2,569.0
0000000000000000000013b8,224,2,3949.0
0000000000000000000013b9,4372,3,103.9
0000000000000000000013ba,4631,3,159.0
0000000000000000000013bb,5003,1,99.99
0000000000000000000013bc,3850,1,196.0
0000000000000000000013bd,3486,1,1799.0
0000000000000000000013bd,2154,1,40.4
0000000000000000000013bd,3018,1,800.0
0000000000000000000013be,969,2,6401.11
0000000000000000000013be,5106,2,259.0
0000000000000000000013be,4469,2,79.0
0000000000000000000013bf,1475,2,1399.0
0000000000000000000013bf,3971,1,189.0
0000000000000000000013c0,2822,1,2169.0
0000000000000000000013c0,2579,1,195.0
0000000000000000000013c1,3030,1,100.0
0000000000000000000013c2,3586,3,165.0
0000000000000000000013c3,2961,1,719.0
0000000000000000000013c4,2190,1,55.9
0000000000000000000013c4,720,2,919.0
0000000000000000000013c4,4202,3,209.3
0000000000000000000013c5,5177,2,1299.9
0000000000000000000013c5,342,3,1099.0
0000000000000000000013c6,1744,2,1999.0
0000000000000000000013c6,1772,3,899.0
0000000000000000000013c6,1262,3,329.0
0000000000000000000013c6,3874,1,94.5
0000000000000000000013c7,1853,3,719.0
0000000000000000000013c8,1460,3,1549.0
0000000000000000000013c8,1669,1,979.0
0000000000000000000013c9,3596,2,55.0
0000000000000000000013c9,664,1,704.0
0000000000000000000013c9,1219,1,135.0
0000000000000000000013ca,2564,3,49.0
0000000000000000000013cb,2353,1,64.9
0000000000000000000013cc,2509,3,49.9
0000000000000000000013cd,3447,3,999.0
0000000000000000000013ce,892,2,669.0
0000000000000000000013cf,5058,3,265.0
0000000000000000000013cf,4511,2,49.9
0000000000000000000013d0,65,2,375.0
0000000000000000000013d1,4303,1,129.9
0000000000000000000013d1,5173,1,10.0
0000000000000000000013d2,1258,2,329.0
0000000000000000000013d3,4476,2,36.9
0000000000000000000013d3,3568,3,140.9
0000000000000000000013d3,3110,2,39.9
0000000000000000000013d4,1313,2,5999.0
0000000000000000000013d5,4125,1,64.9
0000000000000000000013d6,4545,3,49.9
0000000000000000000013d7,243,3,1760.0
0000000000000000000013d7,765,3,2189.0
0000000000000000000013d8,4290,3,119.9
0000000000000000000013d9,3392,2,109.0
0000000000000000000013d9,1542,2,1489.0
0000000000000000000013da,4461,1,249.0
0000000000000000000013da,4703,1,219.0
0000000000000000000013da,3173,2,169.0
0000000000000000000013db,4290,1,119.9
0000000000000000000013db,519,2,14.9
0000000000000000000013dc,2182,2,35.5
0000000000000000000013dd,4889,1,2499.0
0000000000000000000013dd,1100,3,1799.0
0000000000000000000013de,3628,1,299.0
0000000000000000000013de,69,3,459.0
0000000000000000000013de,1778,1,899.0
0000000000000000000013de,1011,3,3222.22
0000000000000000000013df,2833,2,1099.0
0000000000000000000013df,2118,3,45.0
0000000000000000000013df,2109,3,441.0
0000000000000000000013df,4348,1,89.95
0000000000000000000013e0,2089,2,129.0
0000000000000000000013e1,1110,1,129.0
0000000000000000000013e1,3170,1,349.9
0000000000000000000013e1,491,1,39.0
0000000000000000000013e1,1498,3,1669.9
0000000000000000000013e2,3400,2,640.0
0000000000000000000013e2,2439,3,389.0
0000000000000000000013e2,460,3,173.9
0000000000000000000013e3,4352,3,139.9
0000000000000000000013e3,4086,3,42.9
0000000000000000000013e4,2740,1,2999.0
0000000000000000000013e4,1976,2,259.0
0000000000000000000013e4,3595,3,344.0
0000000000000000000013e4,876,3,1200.0
0000000000000000000013e5,2622,2,1099.0
0000000000000000000013e6,638,2,130.0
0000000000000000000013e7,3177,2,69.9
0000000000000000000013e7,1127,2,304.9
0000000000000000000013e8,912,2,509.0
0000000000000000000013e9,5052,2,159.0
0000000000000000000013ea,3609,2,1199.0
0000000000000000000013ea,4267,1,104.99
0000000000000000000013ea,2247,1,198.9
0000000000000000000013ea,3285,2,1099.0
0000000000000000000013eb,5034,3,520.08
0000000000000000000013ec,2590,3,2361.0
0000000000000000000013ec,2815,2,4149.0
0000000000000000000013ed,4999,3,89.0
0000000000000000000013ed,1464,3,1549.0
0000000000000000000013ee,2223,2,300.0
0000000000000000000013ee,358,3,2449.0
0000000000000000000013ef,1341,2,99.9
0000000000000000000013f0,1939,1,262.0
0000000000000000000013f0,5048,1,299.0
0000000000000000000013f1,2934,3,999.0
0000000000000000000013f2,3378,2,1139.0
0000000000000000000013f3,4544,3,49.9
0000000000000000000013f3,425,2,1379.0
0000000000000000000013f4,4749,1,229.0
0000000000000000000013f4,1319,2,159.0
0000000000000000000013f4,3363,1,379.0
0000000000000000000013f5,1218,2,459.0
0000000000000000000013f5,3506,2,39.9
0000000000000000000013f5,3380,3,849.0
0000000000000000000013f6,298,1,949.0
0000000000000000000013f6,4642,1,289.0
0000000000000000000013f7,2531,3,199.0
0000000000000000000013f7,2784,1,528.9
0000000000000000000013f7,2548,1,189.0
0000000000000000000013f8,1068,3,289.0
0000000000000000000013f8,4022,3,23.9
0000000000000000000013f8,2443,1,379.0
0000000000000000000013f9,1070,3,139.9
0000000000000000000013f9,2785,3,528.9
0000000000000000000013f9,4505,2,49.9
0000000000000000000013fa,3373,2,1199.0
0000000000000000000013fb,3666,1,135.0
0000000000000000000013fc,4053,3,59.9
0000000000000000000013fc,764,2,2189.0
0000000000000000000013fc,1749,1,1099.0
0000000000000000000013fd,1210,2,93.9
0000000000000000000013fe,2512,1,349.9
0000000000000000000013fe,3391,2,109.0
0000000000000000000013fe,2773,3,570.0
0000000000000000000013ff,4017,3,23.9
000000000000000000001400,3064,3,800.0
000000000000000000001401,4084,2,42.9
000000000000000000001401,2813,3,4409.0
000000000000000000001402,1535,3,1199.0
000000000000000000001402,487,2,39.0
000000000000000000001402,2133,2,179.0
000000000000000000001402,572,1,81.9
000000000000000000001403,408,2,849.9
000000000000000000001403,811,3,329.0
000000000000000000001403,3272,1,1389.0
000000000000000000001404,4056,3,59.9
000000000000000000001404,3752,2,59.0
000000000000000000001405,2533,3,179.0
000000000000000000001405,2827,2,799.0
000000000000000000001406,441,2,25.5
000000000000000000001406,2417,1,399.0
000000000000000000001406,3871,2,55.0
000000000000000000001407,4178,1,899.0
000000000000000000001408,5144,1,4899.0
000000000000000000001408,611,1,1138.9
000000000000000000001409,1353,3,70.9
000000000000000000001409,4743,1,349.0
00000000000000000000140a,3471,3,185.0
00000000000000000000140a,2913,2,999.0
00000000000000000000140b,4851,1,49.0
00000000000000000000140c,2963,3,999.0
00000000000000000000140c,4332,2,264.95
00000000000000000000140d,959,3,1299.0
00000000000000000000140e,3829,3,139.0
00000000000000000000140f,1961,3,289.0
000000000000000000001410,2208,3,45.2
000000000000000000001410,2672,1,4449.0
000000000000000000001411,1340,1,219.4
000000000000000000001412,776,1,919.0
000000000000000000001412,4186,2,279.0
000000000000000000001413,3805,1,99.9
000000000000000000001413,3734,2,69.9
000000000000000000001414,164,3,1159.0
000000000000000000001414,3295,1,1249.0
000000000000000000001414,1067,1,279.0
000000000000000000001414,3153,2,149.9
000000000000000000001415,2742,2,4249.0
000000000000000000001416,4023,1,23.9
000000000000000000001417,4237,2,144.0
000000000000000000001417,4086,3,42.9
000000000000000000001418,1599,3,1199.0
000000000000000000001418,3186,1,44.9
000000000000000000001419,4803,3,80.0
000000000000000000001419,4468,2,130.0
000000000000000000001419,1840,2,899.0
00000000000000000000141a,1203,3,255.9
00000000000000000000141b,4943,3,54.9
00000000000000000000141c,4452,2,103.9
00000000000000000000141c,4048,3,112.9
00000000000000000000141c,810,2,869.99
00000000000000000000141d,1866,3,449.0
00000000000000000000141d,584,1,133.0
00000000000000000000141e,5049,2,169.0
00000000000000000000141e,3466,2,42.9
00000000000000000000141e,777,2,699.0
00000000000000000000141f,1406,2,1799.0
00000000000000000000141f,4086,2,42.9
00000000000000000000141f,4329,3,101.99
000000000000000000001420,3802,1,70.0
000000000000000000001420,463,2,189.9
000000000000000000001421,438,1,167.0
000000000000000000001421,3456,3,499.0
000000000000000000001421,1584,3,2159.0
000000000000000000001422,1706,3,799.0
000000000000000000001422,1398,3,669.0
000000000000000000001422,4558,3,25.0
000000000000000000001422,3832,1,85.0
000000000000000000001423,1467,3,1549.0
000000000000000000001423,3238,3,94.9
000000000000000000001423,4224,2,279.9
000000000000000000001424,2132,1,60.9
000000000000000000001425,4937,1,38.39
000000000000000000001426,2193,3,227.0
000000000000000000001426,943,3,329.0
000000000000000000001427,3149,3,16.9
000000000000000000001427,1441,2,540.0
000000000000000000001427,2153,1,130.5
000000000000000000001427,1659,3,1399.0
000000000000000000001428,610,2,609.0
000000000000000000001428,2907,1,989.0
000000000000000000001429,900,3,379.0
00000000000000000000142a,735,1,630.0
00000000000000000000142a,4353,1,129.9
00000000000000000000142a,3560,2,169.0
00000000000000000000142a,3711,2,125.0
00000000000000000000142b,633,2,149.0
00000000000000000000142b,5073,2,340.0
00000000000000000000142c,448,2,85.0
00000000000000000000142c,2215,1,79.0
00000000000000000000142c,1922,1,429.9
00000000000000000000142d,2492,2,244.99
00000000000000000000142d,3781,2,89.0
00000000000000000000142e,3752,1,59.0
00000000000000000000142f,481,2,10.0
000000000000000000001430,447,3,1799.0
000000000000000000001431,3976,3,74.4
000000000000000000001432,2740,1,2999.0
000000000000000000001432,1805,2,885.0
000000000000000000001432,3792,1,59.9
000000000000000000001432,1801,2,219.9
000000000000000000001433,3424,1,849.0
000000000000000000001434,461,2,174.9
000000000000000000001435,448,1,85.0
000000000000000000001436,971,1,669.0
000000000000000000001437,3529,1,329.0
000000000000000000001437,1661,3,798.0
000000000000000000001438,3173,2,169.0
000000000000000000001438,399,3,429.0
000000000000000000001438,4502,2,49.9
000000000000000000001438,3779,1,169.9
000000000000000000001439,4204,3,79.9
00000000000000000000143a,4614,3,337.9
00000000000000000000143a,4417,3,79.9
00000000000000000000143b,3209,2,9.99
00000000000000000000143b,4407,2,129.9
00000000000000000000143b,3530,3,329.0
00000000000000000000143b,1450,1,299.9
00000000000000000000143c,3607,2,40.0
00000000000000000000143c,531,2,165.0
00000000000000000000143d,1593,1,1659.0
00000000000000000000143e,2684,2,2299.0
00000000000000000000143f,1306,3,273.9
000000000000000000001440,976,2,1100.0
000000000000000000001440,1966,2,389.0
000000000000000000001440,3682,1,129.0
000000000000000000001440,654,3,159.0
000000000000000000001441,3062,2,2899.0
000000000000000000001441,4670,3,99.0
000000000000000000001442,5008,1,20.9
000000000000000000001443,4754,1,91.9
000000000000000000001444,2501,3,549.0
000000000000000000001444,2306,2,519.0
000000000000000000001445,4955,1,85.0
000000000000000000001446,5128,3,450.0
000000000000000000001446,596,1,99.99
000000000000000000001446,5098,2,299.0
000000000000000000001447,3490,3,1899.0
000000000000000000001447,410,1,1349.0
000000000000000000001447,3464,2,5199.0
000000000000000000001448,3185,2,29.0
000000000000000000001448,787,2,789.0
000000000000000000001448,843,3,449.9
000000000000000000001449,3841,3,64.9
000000000000000000001449,411,1,1098.0
00000000000000000000144a,96,2,450.0
00000000000000000000144b,2641,1,1409.0
00000000000000000000144b,3967,1,349.0
00000000000000000000144b,1448,1,3869.0
00000000000000000000144b,2334,1,189.9
00000000000000000000144c,757,3,1099.99
00000000000000000000144c,3665,3,149.5
00000000000000000000144c,2848,3,3999.0
00000000000000000000144d,3836,2,129.0
00000000000000000000144d,3436,3,1199.0
00000000000000000000144e,1736,1,939.0
00000000000000000000144e,1484,3,1789.0
00000000000000000000144e,2973,3,500.5
00000000000000000000144f,2150,3,179.0
000000000000000000001450,3879,3,48.5
000000000000000000001450,450,2,165.0
000000000000000000001451,5055,3,320.0
000000000000000000001452,1490,1,1688.0
000000000000000000001453,2777,2,2999.0
000000000000000000001453,3910,3,47.0
000000000000000000001454,4471,2,289.0
000000000000000000001455,115,1,529.0
000000000000000000001455,4131,3,107.8
000000000000000000001456,1226,2,249.0
000000000000000000001456,1806,1,649.0
000000000000000000001456,1206,2,220.0
000000000000000000001457,3954,2,39.0
000000000000000000001457,4720,2,93.9
000000000000000000001457,3543,1,349.0
000000000000000000001458,3444,3,449.0
000000000000000000001459,2498,3,2899.0
00000000000000000000145a,3106,1,59.0
00000000000000000000145b,3702,2,409.0
00000000000000000000145b,191,1,2775.0
00000000000000000000145c,3118,1,31.9
00000000000000000000145c,160,2,1699.0
00000000000000000000145c,4290,2,119.9
00000000000000000000145d,678,2,139.0
00000000000000000000145d,3349,1,789.0
00000000000000000000145d,3770,1,138.0
00000000000000000000145e,1762,2,899.0
00000000000000000000145e,2464,2,389.0
00000000000000000000145e,782,2,329.0
00000000000000000000145f,3453,3,799.0
00000000000000000000145f,1733,2,1668.0
000000000000000000001460,65,1,375.0
000000000000000000001460,4301,3,59.9
000000000000000000001461,4512,3,49.9
000000000000000000001461,617,1,49.89
000000000000000000001461,1441,3,540.0
000000000000000000001461,1230,3,219.0
000000000000000000001462,3988,2,112.9
000000000000000000001462,3187,2,49.9
000000000000000000001462,2211,1,290.5
000000000000000000001463,4438,3,149.9
000000000000000000001464,1078,3,399.0
000000000000000000001464,4818,3,711.85
000000000000000000001465,3081,1,679.0
000000000000000000001466,2155,1,49.4
000000000000000000001466,2785,1,528.9
000000000000000000001467,5050,2,320.0
000000000000000000001467,1155,1,49.8
000000000000000000001467,579,3,93.9
000000000000000000001468,3058,1,3599.0
000000000000000000001468,4059,1,58.9
000000000000000000001469,2729,3,2299.0
00000000000000000000146a,4762,3,444.0
00000000000000000000146a,3141,2,80.0
00000000000000000000146b,4772,3,69.0
00000000000000000000146b,14,3,529.0
00000000000000000000146c,4304,1,129.9
00000000000000000000146c,562,2,109.0
00000000000000000000146c,752,1,349.0
00000000000000000000146d,211,3,1489.0
00000000000000000000146d,2003,1,599.0
00000000000000000000146d,3392,3,109.0
00000000000000000000146e,2229,1,209.0
00000000000000000000146f,4050,2,96.0
000000000000000000001470,596,3,99.99
000000000000000000001470,4812,3,78.9
000000000000000000001470,622,1,189.0
000000000000000000001471,4844,2,149.0
000000000000000000001472,2142,1,179.0
000000000000000000001472,1447,3,1939.0
000000000000000000001473,3871,1,55.0
000000000000000000001473,2288,3,79.0
000000000000000000001473,3791,1,24.9
000000000000000000001474,3166,2,120.0
000000000000000000001475,1741,1,1349.9
000000000000000000001476,2003,1,599.0
000000000000000000001477,4367,1,200.0
000000000000000000001477,2601,1,899.0
000000000000000000001477,5006,2,39.0
000000000000000000001478,3716,1,190.0
000000000000000000001479,2820,1,7069.0
00000000000000000000147a,1482,1,1789.0
00000000000000000000147a,2654,1,1599.0
00000000000000000000147b,616,3,199.0
00000000000000000000147b,1764,2,899.0
00000000000000000000147c,746,1,580.0
00000000000000000000147c,4889,1,2499.0
00000000000000000000147c,2554,2,74.9
00000000000000000000147d,294,1,479.0
00000000000000000000147d,3813,2,79.0
00000000000000000000147d,4058,1,59.9
00000000000000000000147e,59,1,59.0
00000000000000000000147e,3555,1,1159.0
00000000000000000000147e,1677,1,1329.9
00000000000000000000147e,2875,2,729.0
00000000000000000000147f,559,1,169.0
000000000000000000001480,291,3,919.0
000000000000000000001480,2976,1,1859.0
000000000000000000001481,241,2,1760.0
000000000000000000001481,4848,2,269.0
000000000000000000001482,1,2,479.0
000000000000000000001483,3438,2,1199.0
000000000000000000001483,3399,1,1099.0
000000000000000000001484,4240,2,149.0
000000000000000000001484,2965,2,999.0
000000000000000000001485,96,1,450.0
000000000000000000001486,359,3,6499.0
000000000000000000001486,758,2,249.0
000000000000000000001487,146,1,1179.0
000000000000000000001488,2956,2,749.0
000000000000000000001488,4186,3,279.0
000000000000000000001488,2380,2,29.0
000000000000000000001489,1750,1,1239.0
00000000000000000000148a,4948,2,129.9
00000000000000000000148a,58,3,59.0
00000000000000000000148b,2815,1,4149.0
00000000000000000000148c,3781,1,89.0
00000000000000000000148c,3877,2,45.89
00000000000000000000148c,2903,2,979.99
00000000000000000000148d,4221,2,799.0
00000000000000000000148d,5139,1,3829.0
00000000000000000000148e,4572,1,40.0
00000000000000000000148e,4089,1,49.9
00000000000000000000148e,1349,1,84.9
00000000000000000000148f,245,1,3099.0
000000000000000000001490,2420,1,639.0
000000000000000000001491,4769,2,131.9
000000000000000000001492,3017,2,690.0
000000000000000000001493,152,3,1179.0
000000000000000000001493,3495,3,1799.0
000000000000000000001494,2084,3,39.7
000000000000000000001494,1108,2,749.0
000000000000000000001494,3679,1,9.9
000000000000000000001494,1139,2,399.9
000000000000000000001495,1307,2,302.9
000000000000000000001495,2139,1,38.0
000000000000000000001496,1236,2,169.9
000000000000000000001496,1623,1,789.0
000000000000000000001497,1421,2,949.0
000000000000000000001498,765,2,2189.0
000000000000000000001499,568,2,81.9
00000000000000000000149a,3680,3,89.0
00000000000000000000149a,5031,2,189.9
00000000000000000000149a,297,3,699.0
00000000000000000000149a,2876,1,619.0
00000000000000000000149b,5006,3,39.0
00000000000000000000149b,3327,1,429.0
00000000000000000000149b,5067,1,390.0
00000000000000000000149c,4793,2,599.0
00000000000000000000149d,499,2,21.5
00000000000000000000149e,3798,3,59.9
00000000000000000000149f,2892,3,989.0
00000000000000000000149f,475,3,43.0
0000000000000000000014a0,4699,3,109.0
0000000000000000000014a1,1398,2,669.0
0000000000000000000014a1,4216,1,179.0
0000000000000000000014a2,4332,3,264.95
0000000000000000000014a3,4437,2,399.9
0000000000000000000014a4,4611,2,77.0
0000000000000000000014a4,4335,1,639.9
0000000000000000000014a4,290,3,919.0
0000000000000000000014a5,2776,2,3299.0
0000000000000000000014a5,1596,2,1699.0
0000000000000000000014a5,124,1,4200.0
0000000000000000000014a6,4320,2,93.9
0000000000000000000014a7,4854,3,99.0
0000000000000000000014a7,1166,3,140.68
0000000000000000000014a7,534,1,20.0
0000000000000000000014a8,287,2,899.0
0000000000000000000014a8,4931,2,29.9
0000000000000000000014a9,3576,3,100.0
0000000000000000000014aa,3556,1,2499.0
0000000000000000000014aa,3857,3,49.9
0000000000000000000014ab,3053,2,2799.0
0000000000000000000014ab,3385,3,649.9
0000000000000000000014ab,4058,2,59.9
0000000000000000000014ac,3351,1,929.0
0000000000000000000014ad,4007,1,25.9
0000000000000000000014ad,352,3,1399.0
0000000000000000000014ad,1562,3,699.9
0000000000000000000014ad,5045,1,349.0
0000000000000000000014ae,2176,1,290.5
0000000000000000000014ae,516,1,59.0
0000000000000000000014ae,1914,2,649.0
0000000000000000000014ae,2525,2,79.9
0000000000000000000014af,3637,1,129.9
0000000000000000000014af,3152,3,149.0
0000000000000000000014af,4484,3,49.9
0000000000000000000014b0,3857,1,49.9
0000000000000000000014b0,61,3,358.0
0000000000000000000014b1,1762,1,899.0
0000000000000000000014b1,3789,3,69.9
0000000000000000000014b2,615,1,209.0
0000000000000000000014b3,1171,1,187.27
0000000000000000000014b3,3392,1,109.0
0000000000000000000014b3,1019,3,420.0
0000000000000000000014b4,1680,2,1589.9
0000000000000000000014b5,2557,2,3300.0
0000000000000000000014b5,992,2,819.0
0000000000000000000014b5,2299,2,139.0
0000000000000000000014b6,801,2,759.0
0000000000000000000014b7,155,1,1049.0
0000000000000000000014b8,1593,1,1659.0
0000000000000000000014b9,853,2,629.0
0000000000000000000014b9,3315,1,1899.0
0000000000000000000014b9,3060,3,1390.0
0000000000000000000014ba,4164,3,49.0
0000000000000000000014ba,5086,1,199.0
0000000000000000000014ba,310,2,899.0
0000000000000000000014bb,1397,1,2199.0
0000000000000000000014bb,3541,2,329.0
0000000000000000000014bc,3555,1,1159.0
0000000000000000000014bc,1652,2,1429.0
0000000000000000000014bd,1096,3,1099.0
0000000000000000000014bd,1243,3,429.9
0000000000000000000014be,1878,1,449.0
0000000000000000000014bf,918,3,1490.9
0000000000000000000014c0,3910,1,47.0
0000000000000000000014c1,1916,3,999.0
0000000000000000000014c2,4575,1,49.9
0000000000000000000014c2,846,2,685.56
0000000000000000000014c2,4574,2,45.9
0000000000000000000014c3,280,1,908.0
0000000000000000000014c3,1433,1,1399.0
0000000000000000000014c4,2547,1,289.99
0000000000000000000014c5,4186,2,279.0
0000000000000000000014c6,2056,1,399.0
0000000000000000000014c6,4348,2,89.95
0000000000000000000014c6,4169,3,329.0
0000000000000000000014c6,582,1,119.0
0000000000000000000014c7,4184,3,199.9
0000000000000000000014c8,4648,1,229.0
0000000000000000000014c9,1506,2,2619.0
0000000000000000000014c9,3671,2,15.5
0000000000000000000014c9,4235,3,150.0
0000000000000000000014c9,790,2,1049.0
0000000000000000000014ca,1218,1,459.0
0000000000000000000014ca,1991,1,1049.0
0000000000000000000014cb,701,2,1299.0
0000000000000000000014cc,426,3,69.0
0000000000000000000014cd,4025,1,23.9
0000000000000000000014ce,8,2,699.0
0000000000000000000014ce,2092,2,129.0
0000000000000000000014cf,1652,3,1429.0
0000000000000000000014cf,3440,2,89.0
0000000000000000000014cf,1050,2,799.0
0000000000000000000014cf,2335,3,65.0
0000000000000000000014d0,4557,3,52.9
0000000000000000000014d0,3488,1,2599.0
0000000000000000000014d1,3337,3,539.9
0000000000000000000014d1,208,2,3279.0
0000000000000000000014d2,1968,3,449.0
0000000000000000000014d2,3340,3,3359.0
0000000000000000000014d3,3383,3,1299.0
0000000000000000000014d4,1997,2,619.0
0000000000000000000014d4,2021,3,449.0
0000000000000000000014d5,1814,2,1119.0
0000000000000000000014d6,1132,3,359.9
0000000000000000000014d7,4203,3,239.2
0000000000000000000014d8,1558,2,949.0
0000000000000000000014d8,5075,1,119.0
0000000000000000000014d8,3092,2,549.0
0000000000000000000014d8,308,2,899.0
0000000000000000000014d9,510,1,29.9
0000000000000000000014d9,1274,2,69.9
0000000000000000000014da,587,1,150.9
0000000000000000000014da,3261,3,299.0
0000000000000000000014db,4826,1,170.5
0000000000000000000014db,2391,3,629.0
0000000000000000000014db,21,3,499.0
0000000000000000000014dc,3581,3,200.0
0000000000000000000014dc,5005,1,49.9
0000000000000000000014dd,3385,1,649.9
0000000000000000000014de,4116,1,86.5
0000000000000000000014de,1696,3,799.0
0000000000000000000014de,5118,1,259.0
0000000000000000000014df,4818,2,711.85
0000000000000000000014df,2384,1,319.0
0000000000000000000014df,1488,1,1789.0
0000000000000000000014e0,2469,3,309.0
0000000000000000000014e1,4059,2,58.9
0000000000000000000014e1,27,2,599.0
0000000000000000000014e2,5125,2,380.0
0000000000000000000014e3,3110,3,39.9
0000000000000000000014e3,954,1,999.0
0000000000000000000014e3,3343,3,729.0
0000000000000000000014e4,1348,2,74.9
0000000000000000000014e5,694,2,879.0
0000000000000000000014e6,3700,2,10.9
0000000000000000000014e6,2689,2,4732.0
0000000000000000000014e6,3754,2,59.9
0000000000000000000014e7,1480,2,1789.0
0000000000000000000014e7,3424,1,849.0
0000000000000000000014e7,176,1,3099.0
0000000000000000000014e8,4824,3,684.3
0000000000000000000014e8,3566,2,140.9
0000000000000000000014e9,2624,3,2700.0
0000000000000000000014e9,4240,1,149.0
0000000000000000000014ea,2506,2,131.9
0000000000000000000014ea,4313,1,64.9
0000000000000000000014ea,3645,1,188.0
0000000000000000000014ea,2131,3,249.0
0000000000000000000014eb,1350,3,91.9
0000000000000000000014eb,1296,3,120.9
0000000000000000000014ec,575,3,1549.0
0000000000000000000014ed,3601,3,8.9
0000000000000000000014ee,3174,3,409.0
0000000000000000000014ef,2855,2,849.0
0000000000000000000014ef,3660,3,74.9
0000000000000000000014ef,4317,1,179.4
0000000000000000000014ef,1623,3,789.0
0000000000000000000014f0,3269,2,2599.0
0000000000000000000014f1,4752,3,67.5
0000000000000000000014f2,4928,2,29.9
0000000000000000000014f3,3700,3,10.9
0000000000000000000014f4,2163,3,349.0
0000000000000000000014f5,1667,2,1050.0
0000000000000000000014f5,4587,3,59.9
0000000000000000000014f5,4329,2,101.99
0000000000000000000014f5,1133,2,3129.0
0000000000000000000014f6,2209,3,99.0
0000000000000000000014f7,67,3,375.0
0000000000000000000014f8,2434,2,28.0
0000000000000000000014f8,1002,3,629.0
0000000000000000000014f8,4418,1,69.9
0000000000000000000014f8,1961,3,289.0
0000000000000000000014f9,2134,1,135.0
0000000000000000000014f9,3822,2,199.0
0000000000000000000014f9,2285,1,599.0
0000000000000000000014fa,3375,1,599.0
0000000000000000000014fa,523,3,129.9
0000000000000000000014fb,450,2,165.0
0000000000000000000014fb,3739,1,79.0
0000000000000000000014fc,60,1,400.0
0000000000000000000014fd,3391,3,109.0
0000000000000000000014fe,3049,2,3599.0
0000000000000000000014fe,4383,2,239.95
0000000000000000000014ff,4717,3,36.0
000000000000000000001500,3226,3,699.9
000000000000000000001500,3702,2,409.0
000000000000000000001500,5014,3,119.9
000000000000000000001500,3917,2,78.5
000000000000000000001501,3304,1,1349.0
000000000000000000001502,3308,1,1379.0
000000000000000000001502,1905,3,128.0
000000000000000000001503,1167,3,199.0
000000000000000000001503,3360,3,999.0
000000000000000000001503,1064,3,1039.0
000000000000000000001503,2483,2,27.0
000000000000000000001504,2268,2,139.0
000000000000000000001504,4646,1,360.0
000000000000000000001504,3986,2,55.0
000000000000000000001505,4614,1,337.9
000000000000000000001505,2757,1,4259.0
000000000000000000001505,2354,1,64.9
000000000000000000001506,625,3,89.0
000000000000000000001506,1447,3,1939.0
000000000000000000001507,194,3,4169.0
000000000000000000001508,2367,3,249.0
000000000000000000001509,653,3,219.0
00000000000000000000150a,2462,1,399.0
00000000000000000000150b,2680,3,2999.0
00000000000000000000150b,4211,2,139.3
00000000000000000000150c,764,3,2189.0
00000000000000000000150c,1430,3,3100.0
00000000000000000000150c,3936,3,59.9
00000000000000000000150c,3679,1,9.9
00000000000000000000150d,5043,1,399.0
00000000000000000000150d,2546,3,149.0
00000000000000000000150d,1268,2,833.86
00000000000000000000150d,164,2,1159.0
00000000000000000000150e,1436,3,309.0
00000000000000000000150e,4713,2,35.0
00000000000000000000150f,2515,1,17.0
000000000000000000001510,3342,1,969.0
000000000000000000001510,3020,1,800.0
000000000000000000001511,521,1,12.0
000000000000000000001512,3370,2,499.0
000000000000000000001513,4932,3,29.9
000000000000000000001514,2459,3,60.0
000000000000000000001515,2809,1,3629.0
000000000000000000001515,5158,3,94.99
000000000000000000001515,3521,3,142.0
000000000000000000001516,4188,1,230.3
000000000000000000001516,694,3,879.0
000000000000000000001517,2108,1,549.0
000000000000000000001518,4389,1,189.9
000000000000000000001519,3422,1,22.9
000000000000000000001519,2879,1,799.0
000000000000000000001519,640,2,130.0
00000000000000000000151a,2858,3,250.0
00000000000000000000151b,1901,3,119.0
00000000000000000000151b,974,2,989.0
00000000000000000000151b,2586,2,1747.0
00000000000000000000151c,1047,3,630.9
00000000000000000000151d,1351,1,84.9
00000000000000000000151d,1727,3,1249.0
00000000000000000000151e,124,3,4200.0
00000000000000000000151e,2804,1,3369.0
00000000000000000000151f,1714,3,1299.0
00000000000000000000151f,1526,3,701.0
000000000000000000001520,3013,3,66.0
000000000000000000001520,2837,2,3399.0
000000000000000000001521,2828,3,8999.0
000000000000000000001522,4935,2,35.9
000000000000000000001522,4756,1,91.5
000000000000000000001523,2896,3,989.0
000000000000000000001523,3645,2,188.0
000000000000000000001524,4636,2,189.0
000000000000000000001524,2787,1,99.0
000000000000000000001525,100,3,539.0
000000000000000000001525,584,3,133.0
000000000000000000001526,4282,3,77.4
000000000000000000001526,2396,3,299.0
000000000000000000001526,3312,3,299.0
000000000000000000001527,2617,3,3499.0
000000000000000000001528,3666,2,135.0
000000000000000000001528,815,2,799.0
000000000000000000001528,4377,3,112.9
000000000000000000001528,4159,2,59.9
000000000000000000001529,284,2,898.0
000000000000000000001529,3979,3,233.0
00000000000000000000152a,3791,1,24.9
00000000000000000000152a,2356,3,35.9
00000000000000000000152a,1706,2,799.0
00000000000000000000152a,4760,2,165.0
00000000000000000000152b,340,2,1298.0
00000000000000000000152b,1221,3,329.0
00000000000000000000152c,1930,3,339.0
00000000000000000000152c,830,2,1199.0
00000000000000000000152d,1482,1,1789.0
00000000000000000000152e,590,3,199.0
00000000000000000000152e,3235,3,949.0
00000000000000000000152f,3444,2,449.0
00000000000000000000152f,2250,1,169.9
000000000000000000001530,2799,2,4339.0
000000000000000000001531,1580,1,849.9
000000000000000000001532,743,2,799.0
000000000000000000001533,3140,2,159.9
000000000000000000001534,2432,1,74.9
000000000000000000001535,1071,2,310.0
000000000000000000001536,3120,1,659.9
000000000000000000001537,3713,3,120.0
000000000000000000001537,4329,3,101.99
000000000000000000001538,1319,3,159.0
000000000000000000001539,858,1,670.0
000000000000000000001539,779,3,819.0
000000000000000000001539,3737,2,85.0
00000000000000000000153a,4419,2,79.9
00000000000000000000153a,5160,2,95.0
00000000000000000000153a,3035,2,1099.9
00000000000000000000153b,3778,3,109.0
00000000000000000000153c,4942,3,34.9
00000000000000000000153c,681,3,249.0
00000000000000000000153c,170,3,1749.0
00000000000000000000153d,4424,2,59.9
00000000000000000000153d,3295,1,1249.0
00000000000000000000153e,1586,1,1029.0
00000000000000000000153e,2168,2,59.1
00000000000000000000153e,1737,3,999.0
00000000000000000000153f,1261,2,249.0
000000000000000000001540,5047,2,475.0
000000000000000000001541,1143,2,469.0
000000000000000000001542,2859,3,520.9
000000000000000000001543,2034,3,369.0
000000000000000000001543,240,2,1760.0
000000000000000000001543,4458,3,202.93
000000000000000000001543,434,3,79.0
000000000000000000001544,648,2,269.0
000000000000000000001544,880,3,699.0
000000000000000000001544,1363,1,209.0
000000000000000000001545,3805,1,99.9
000000000000000000001545,3963,1,349.0
000000000000000000001545,1040,2,589.0
000000000000000000001545,760,1,2899.0
000000000000000000001546,3719,1,69.99
000000000000000000001546,3405,2,4699.0
000000000000000000001546,3514,1,119.0
000000000000000000001547,3700,1,10.9
000000000000000000001547,939,2,625.0
000000000000000000001547,596,1,99.99
000000000000000000001548,2517,1,339.0
000000000000000000001549,3504,2,8.9
000000000000000000001549,4500,1,49.9
000000000000000000001549,4664,3,118.0
00000000000000000000154a,3112,3,89.9
00000000000000000000154a,4411,3,69.9
00000000000000000000154b,4691,1,189.0
00000000000000000000154b,3064,2,800.0
00000000000000000000154c,2042,2,429.0
00000000000000000000154c,3936,3,59.9
00000000000000000000154c,247,3,1938.0
00000000000000000000154c,818,1,399.0
00000000000000000000154d,629,3,199.0
00000000000000000000154d,2877,1,665.5
00000000000000000000154e,475,3,43.0
00000000000000000000154f,750,3,3300.0
00000000000000000000154f,2961,3,719.0
000000000000000000001550,4138,2,139.0
000000000000000000001551,142,1,1179.0
000000000000000000001551,3559,3,29.99
000000000000000000001552,1582,1,1499.0
000000000000000000001553,1766,1,899.0
000000000000000000001553,2155,2,49.4
000000000000000000001554,4279,2,250.0
000000000000000000001554,4086,3,42.9
000000000000000000001555,2415,1,359.0
000000000000000000001555,2135,3,137.0
000000000000000000001556,2378,1,399.0
000000000000000000001556,1978,3,299.0
000000000000000000001557,4328,1,139.0
000000000000000000001558,2750,2,3599.0
000000000000000000001558,854,3,609.0
000000000000000000001559,4311,1,135.0
00000000000000000000155a,1534,2,1469.0
00000000000000000000155b,3223,1,131.9
00000000000000000000155b,3297,2,259.0
00000000000000000000155b,1827,1,249.0
00000000000000000000155b,2179,3,120.5
00000000000000000000155c,1492,2,1688.0
00000000000000000000155c,1058,2,839.0
00000000000000000000155d,1459,2,1549.0
00000000000000000000155d,546,2,45.0
00000000000000000000155e,2434,2,28.0
00000000000000000000155e,2685,3,6069.0
00000000000000000000155f,2904,2,1089.9
00000000000000000000155f,3602,3,19.5
000000000000000000001560,4381,3,239.95
000000000000000000001560,3766,2,89.9
000000000000000000001561,381,3,2999.0
000000000000000000001561,4059,1,58.9
000000000000000000001562,2969,3,539.9
000000000000000000001562,1039,1,749.0
000000000000000000001562,2351,2,64.9
000000000000000000001562,4433,1,499.9
000000000000000000001563,3473,3,89.0
000000000000000000001564,4741,3,93.9
000000000000000000001565,4655,1,209.0
000000000000000000001565,652,3,211.19
000000000000000000001565,5156,3,139.9
000000000000000000001566,4588,3,54.9
000000000000000000001567,3625,2,240.0
000000000000000000001568,1595,1,1899.0
000000000000000000001568,4929,3,29.9
000000000000000000001568,37,2,519.0
000000000000000000001568,4839,2,444.0
000000000000000000001569,17,3,419.0
000000000000000000001569,1576,3,1199.0
000000000000000000001569,236,1,2185.0
000000000000000000001569,4407,1,129.9
00000000000000000000156a,3188,3,999.0
00000000000000000000156a,2669,3,1349.0
00000000000000000000156b,2638,2,1409.0
00000000000000000000156b,1039,3,749.0
00000000000000000000156c,1950,2,259.0
00000000000000000000156c,4507,1,49.9
00000000000000000000156c,3153,2,149.9
00000000000000000000156c,2624,1,2700.0
00000000000000000000156d,985,3,349.0
00000000000000000000156e,2722,1,1649.0
00000000000000000000156f,5158,1,94.99
00000000000000000000156f,1313,1,5999.0
00000000000000000000156f,5138,1,299.9
000000000000000000001570,3475,3,89.0
000000000000000000001571,3208,1,175.0
000000000000000000001571,1371,2,185.0
000000000000000000001572,4599,3,13.9
000000000000000000001572,488,1,39.0
000000000000000000001572,3649,2,189.0
000000000000000000001572,22,3,599.0
000000000000000000001573,1268,3,833.86
000000000000000000001574,1373,3,265.0
000000000000000000001575,2207,2,44.9
000000000000000000001575,5045,2,349.0
000000000000000000001576,2945,2,979.0
000000000000000000001576,2976,2,1859.0
000000000000000000001576,4297,1,89.9
000000000000000000001576,4131,3,107.8
000000000000000000001577,799,3,869.0
000000000000000000001577,3561,3,169.0
000000000000000000001577,669,1,1699.0
000000000000000000001578,1226,3,249.0
000000000000000000001579,4995,2,19.9
000000000000000000001579,2439,3,389.0
000000000000000000001579,529,2,59.0
000000000000000000001579,3512,3,119.0
00000000000000000000157a,4162,2,52.0
00000000000000000000157a,5040,2,93.9
00000000000000000000157a,786,2,1600.0
00000000000000000000157b,1325,2,5199.0
00000000000000000000157b,4206,2,461.3
00000000000000000000157c,352,3,1399.0
00000000000000000000157c,362,1,1029.0
00000000000000000000157d,4425,1,79.9
00000000000000000000157e,4567,2,34.3
00000000000000000000157e,185,1,1739.0
00000000000000000000157e,2913,1,999.0
00000000000000000000157f,1204,1,89.0
00000000000000000000157f,5054,2,159.0
000000000000000000001580,3455,3,949.0
000000000000000000001580,4098,3,25.9
000000000000000000001580,201,3,3259.0
000000000000000000001581,4605,1,85.0
000000000000000000001582,2404,2,1098.0
000000000000000000001582,5085,3,699.0
000000000000000000001582,2339,1,329.0
000000000000000000001583,3221,1,119.0
000000000000000000001583,3674,2,1459.0
000000000000000000001584,3876,2,129.9
000000000000000000001584,3970,3,189.0
000000000000000000001584,1306,2,273.9
000000000000000000001585,4354,1,329.95
000000000000000000001585,1742,3,1629.0
000000000000000000001585,2731,3,2609.9
000000000000000000001585,3601,3,8.9
000000000000000000001586,3421,1,999.0
000000000000000000001587,2164,1,49.5
000000000000000000001587,1103,3,339.0
000000000000000000001588,2821,1,4799.0
000000000000000000001588,3742,1,69.0
000000000000000000001589,3934,2,55.9
000000000000000000001589,3098,3,1390.0
000000000000000000001589,2820,2,7069.0
000000000000000000001589,3681,2,1699.0
00000000000000000000158a,2950,2,879.0
00000000000000000000158a,201,2,3259.0
00000000000000000000158a,3492,3,1799.0
00000000000000000000158b,1837,1,999.0
00000000000000000000158b,369,1,469.0
00000000000000000000158c,2043,1,475.0
00000000000000000000158d,5134,3,209.9
00000000000000000000158e,2551,1,599.0
00000000000000000000158e,3047,2,299.0
00000000000000000000158f,4943,2,54.9
000000000000000000001590,989,1,959.0
000000000000000000001591,2289,1,349.0
000000000000000000001592,1244,2,349.9
000000000000000000001593,664,1,704.0
000000000000000000001593,4259,3,113.94
000000000000000000001593,48,3,459.0
000000000000000000001594,2163,3,349.0
000000000000000000001595,3593,2,25.0
000000000000000000001595,814,1,459.0
000000000000000000001596,1684,3,1469.0
000000000000000000001596,2505,3,320.0
000000000000000000001596,3932,3,199.0
000000000000000000001596,3199,3,112.9
000000000000000000001597,4313,2,64.9
000000000000000000001597,3937,2,59.9
000000000000000000001597,3764,3,88.0
000000000000000000001598,5066,2,370.0
000000000000000000001599,298,1,949.0
000000000000000000001599,227,3,3599.0
000000000000000000001599,2632,1,1259.0
00000000000000000000159a,1147,3,99.9
00000000000000000000159b,4406,2,129.9
00000000000000000000159b,3620,3,22.9
00000000000000000000159c,742,1,1800.0
00000000000000000000159c,1861,2,419.0
00000000000000000000159d,1981,3,329.0
00000000000000000000159d,2856,2,1599.0
00000000000000000000159e,1413,1,199.0
00000000000000000000159f,2616,2,3999.0
0000000000000000000015a0,3812,2,57.9
0000000000000000000015a0,2212,1,334.99
0000000000000000000015a0,1702,2,759.0
0000000000000000000015a1,449,1,165.0
0000000000000000000015a1,1261,1,249.0
0000000000000000000015a2,609,2,569.0
0000000000000000000015a2,365,1,589.0
0000000000000000000015a3,1701,2,829.0
0000000000000000000015a4,1705,2,819.0
0000000000000000000015a4,2013,1,14.5
0000000000000000000015a4,3004,3,500.0
0000000000000000000015a4,3262,2,469.0
0000000000000000000015a5,1402,2,199.0
0000000000000000000015a6,1866,2,449.0
0000000000000000000015a7,4157,1,35.99
0000000000000000000015a7,2998,2,520.0
0000000000000000000015a8,421,3,27.5
0000000000000000000015a9,3856,1,49.9
0000000000000000000015aa,1943,1,229.0
0000000000000000000015aa,373,1,1569.0
0000000000000000000015aa,3323,1,1599.0
0000000000000000000015ab,1108,1,749.0
0000000000000000000015ab,3878,2,59.9
0000000000000000000015ab,2981,1,349.9
0000000000000000000015ab,1353,3,70.9
0000000000000000000015ac,2999,2,550.0
0000000000000000000015ad,1261,2,249.0
0000000000000000000015ad,4560,1,25.0
0000000000000000000015ae,347,2,1099.0
0000000000000000000015ae,359,3,6499.0
0000000000000000000015af,28,2,599.0
0000000000000000000015af,3776,3,109.0
0000000000000000000015af,5110,2,289.0
0000000000000000000015af,1031,1,2140.0
0000000000000000000015b0,3034,2,450.0
0000000000000000000015b0,215,2,949.0
0000000000000000000015b0,841,1,2579.0
0000000000000000000015b1,5014,3,119.9
0000000000000000000015b1,319,2,469.0
0000000000000000000015b2,1091,1,1089.9
0000000000000000000015b2,1342,2,239.0
0000000000000000000015b2,1655,1,1089.0
0000000000000000000015b3,4704,1,319.0
0000000000000000000015b3,861,2,1199.0
0000000000000000000015b4,1984,2,287.0
0000000000000000000015b5,1205,3,150.0
0000000000000000000015b5,405,2,789.0
0000000000000000000015b5,1262,1,329.0
0000000000000000000015b6,989,1,959.0
0000000000000000000015b6,2209,3,99.0
0000000000000000000015b7,2141,3,149.0
0000000000000000000015b8,1078,3,399.0
0000000000000000000015b9,4945,3,99.0
0000000000000000000015b9,1404,3,649.0
0000000000000000000015ba,4001,1,24.89
0000000000000000000015ba,4647,3,259.0
0000000000000000000015bb,3119,1,399.9
0000000000000000000015bc,4256,2,99.0
0000000000000000000015bd,4403,2,479.9
0000000000000000000015bd,4884,3,107.0
0000000000000000000015bd,3722,2,90.0
0000000000000000000015be,3809,1,79.9
0000000000000000000015bf,1056,2,849.0
0000000000000000000015c0,1343,1,180.0
0000000000000000000015c0,3453,2,799.0
0000000000000000000015c1,2388,3,559.0
0000000000000000000015c1,2632,3,1259.0
0000000000000000000015c2,1494,3,1629.0
0000000000000000000015c3,4867,1,35.5
0000000000000000000015c3,1311,1,89.0
0000000000000000000015c4,678,3,139.0
0000000000000000000015c4,1613,2,1599.0
0000000000000000000015c5,3976,3,74.4
0000000000000000000015c6,786,1,1600.0
0000000000000000000015c6,2277,1,299.0
0000000000000000000015c6,2452,2,259.0
0000000000000000000015c7,3029,2,115.0
0000000000000000000015c8,1858,3,459.0
0000000000000000000015c9,5027,1,210.0
0000000000000000000015c9,1550,3,1029.0
0000000000000000000015ca,4529,3,49.9
0000000000000000000015ca,1920,3,420.0
0000000000000000000015ca,1698,2,799.0
0000000000000000000015cb,4993,1,139.0
0000000000000000000015cb,178,1,1699.0
0000000000000000000015cb,2789,3,2399.0
0000000000000000000015cc,485,3,39.0
0000000000000000000015cc,4168,1,299.9
0000000000000000000015cd,1566,2,789.0
0000000000000000000015cd,115,1,529.0
0000000000000000000015cd,47,3,459.0
0000000000000000000015ce,4121,3,96.9
0000000000000000000015ce,2442,2,359.0
0000000000000000000015ce,3227,2,459.9
0000000000000000000015cf,2045,3,475.0
0000000000000000000015d0,3122,1,39.0
0000000000000000000015d0,4681,3,75.0
0000000000000000000015d1,2728,3,2189.9
0000000000000000000015d1,1067,3,279.0
0000000000000000000015d1,3023,3,729.9
0000000000000000000015d2,3015,1,800.0
0000000000000000000015d2,2909,3,989.0
0000000000000000000015d2,3363,2,379.0
0000000000000000000015d3,4157,3,35.99
0000000000000000000015d3,215,3,949.0
0000000000000000000015d4,3964,1,349.0
0000000000000000000015d4,291,1,919.0
0000000000000000000015d5,1277,2,109.9
0000000000000000000015d5,193,2,3129.0
0000000000000000000015d5,3524,3,39.99
0000000000000000000015d6,1808,2,649.0
0000000000000000000015d7,2829,3,3699.0
0000000000000000000015d7,1224,2,105.5
0000000000000000000015d8,3370,1,499.0
0000000000000000000015d8,4371,3,103.9
0000000000000000000015d9,640,3,130.0
0000000000000000000015da,3640,2,929.0
0000000000000000000015db,1338,3,219.4
0000000000000000000015dc,246,3,1998.0
0000000000000000000015dc,3770,1,138.0
0000000000000000000015dc,4295,3,104.99
0000000000000000000015dc,650,1,389.0
0000000000000000000015dd,76,2,345.0
0000000000000000000015dd,3047,3,299.0
0000000000000000000015de,4804,1,93.9
0000000000000000000015de,162,2,1799.0
0000000000000000000015df,1576,3,1199.0
0000000000000000000015df,585,2,184.0
0000000000000000000015e0,134,2,2659.0
0000000000000000000015e0,3394,1,109.0
0000000000000000000015e1,2249,3,169.9
0000000000000000000015e2,1778,3,899.0
0000000000000000000015e2,723,3,824.0
0000000000000000000015e2,2986,3,2169.0
0000000000000000000015e3,3645,2,188.0
0000000000000000000015e3,2931,1,749.0
0000000000000000000015e3,949,2,1599.0
0000000000000000000015e4,2877,1,665.5
0000000000000000000015e5,533,1,99.0
0000000000000000000015e5,2808,3,4929.0
0000000000000000000015e6,3559,1,29.99
0000000000000000000015e7,5050,1,320.0
0000000000000000000015e7,1580,1,849.9
0000000000000000000015e7,2157,2,259.2
0000000000000000000015e8,4088,2,49.9
0000000000000000000015e8,1531,2,1399.0
0000000000000000000015e9,610,1,609.0
0000000000000000000015e9,1532,1,1399.0
0000000000000000000015ea,1449,2,1945.9
0000000000000000000015eb,3511,2,165.0
0000000000000000000015eb,4858,1,102.0
0000000000000000000015eb,1052,1,795.0
0000000000000000000015ec,5023,1,39.9
0000000000000000000015ec,4712,3,35.0
0000000000000000000015ec,1947,1,259.0
0000000000000000000015ed,4875,3,79.0
0000000000000000000015ee,907,3,1749.0
0000000000000000000015ee,4811,3,78.9
0000000000000000000015ee,1112,2,463.9
0000000000000000000015ee,1514,2,2498.9
0000000000000000000015ef,2916,3,999.0
0000000000000000000015ef,2169,1,99.9
0000000000000000000015f0,1424,1,609.0
0000000000000000000015f0,3926,3,65.9
0000000000000000000015f1,2282,1,219.0
0000000000000000000015f1,4495,1,59.0
0000000000000000000015f1,513,2,49.0
0000000000000000000015f2,3837,2,129.0
0000000000000000000015f2,1216,1,209.0
0000000000000000000015f3,3158,2,171.6
0000000000000000000015f4,1104,1,1074.9
0000000000000000000015f4,2060,3,569.0
0000000000000000000015f5,796,2,1119.0
0000000000000000000015f6,3157,3,59.0
0000000000000000000015f6,688,1,99.0
0000000000000000000015f6,3174,1,409.0
0000000000000000000015f7,2666,2,1349.0
0000000000000000000015f7,960,3,199.0
0000000000000000000015f7,1151,2,99.9
0000000000000000000015f8,3468,3,99.0
0000000000000000000015f8,905,2,1049.0
0000000000000000000015f8,717,1,799.0
0000000000000000000015f8,164,3,1159.0
0000000000000000000015f9,3961,1,269.0
0000000000000000000015fa,1694,3,799.0
0000000000000000000015fa,1791,3,1379.0
0000000000000000000015fa,4778,2,168.94
0000000000000000000015fb,2789,1,2399.0
0000000000000000000015fb,2902,3,361.9
0000000000000000000015fc,437,1,167.0
0000000000000000000015fc,4493,1,55.9
0000000000000000000015fd,293,2,419.0
0000000000000000000015fd,2880,2,799.0
0000000000000000000015fd,3038,2,560.0
0000000000000000000015fe,2141,1,149.0
0000000000000000000015fe,1731,2,1889.0
0000000000000000000015fe,3423,1,799.0
0000000000000000000015ff,347,2,1099.0
0000000000000000000015ff,3607,1,40.0
000000000000000000001600,4396,2,349.9
000000000000000000001600,1725,2,1249.0
000000000000000000001601,2287,3,79.9
000000000000000000001601,4617,1,192.5
000000000000000000001602,333,2,739.0
000000000000000000001603,862,2,390.0
000000000000000000001603,2724,3,931.0
000000000000000000001603,3652,3,28.9
000000000000000000001604,2030,1,349.0
000000000000000000001604,4579,1,29.9
000000000000000000001604,3225,3,1919.9
000000000000000000001605,2950,2,879.0
000000000000000000001605,3242,2,7199.0
000000000000000000001606,2035,2,149.0
000000000000000000001606,2120,1,60.0
000000000000000000001606,4046,3,269.0
000000000000000000001607,4471,1,289.0
000000000000000000001608,18,1,399.0
000000000000000000001609,1961,1,289.0
000000000000000000001609,2107,2,35.0
00000000000000000000160a,4262,3,109159.0
00000000000000000000160b,152,2,1179.0
00000000000000000000160c,1830,3,739.0
00000000000000000000160d,3557,3,331.9
00000000000000000000160d,1158,1,374.71
00000000000000000000160d,1026,2,680.0
00000000000000000000160e,2201,3,226.0
00000000000000000000160f,1476,3,1519.0
000000000000000000001610,746,3,580.0
000000000000000000001610,4346,2,139.9
000000000000000000001611,5119,1,259.0
000000000000000000001611,4720,3,93.9
000000000000000000001611,1780,3,899.0
000000000000000000001612,4361,3,108.9
000000000000000000001612,350,2,3999.0
000000000000000000001612,1444,3,400.0
000000000000000000001612,1912,2,229.0
000000000000000000001613,1840,3,899.0
000000000000000000001614,508,2,79.0
000000000000000000001614,4196,2,199.0
000000000000000000001615,1771,3,899.0
000000000000000000001615,858,3,670.0
000000000000000000001616,2339,3,329.0
000000000000000000001617,1661,2,798.0
000000000000000000001618,1308,2,68.8
000000000000000000001618,913,2,1249.0
000000000000000000001618,3494,3,1899.0
000000000000000000001619,3098,2,1390.0
00000000000000000000161a,2544,3,179.0
00000000000000000000161a,1061,2,919.0
00000000000000000000161b,2701,2,1149.0
00000000000000000000161c,5129,3,500.0
00000000000000000000161c,2759,1,6899.0
00000000000000000000161c,146,3,1179.0
00000000000000000000161d,3089,1,1638.0
00000000000000000000161d,3196,3,62.0
00000000000000000000161d,4938,1,18.7
00000000000000000000161e,3314,2,299.0
00000000000000000000161f,2823,2,1399.0
00000000000000000000161f,1650,1,1249.0
00000000000000000000161f,182,2,1699.0
000000000000000000001620,4317,2,179.4
000000000000000000001620,4065,1,69.0
000000000000000000001620,4231,1,31.92
000000000000000000001621,1956,1,339.0
000000000000000000001621,2271,3,199.0
000000000000000000001621,2612,3,3900.0
000000000000000000001621,578,1,84.9
000000000000000000001622,4162,2,52.0
000000000000000000001622,1710,3,849.0
000000000000000000001622,1633,3,1299.0
000000000000000000001623,2868,1,799.0
000000000000000000001624,1639,3,1199.0
000000000000000000001625,3505,2,490.0
000000000000000000001625,3664,2,279.0
000000000000000000001626,5180,3,1949.0
000000000000000000001626,3144,1,19.9
000000000000000000001627,557,2,149.0
000000000000000000001627,2205,2,155.0
000000000000000000001627,1481,1,1789.0
000000000000000000001627,2075,2,88.0
000000000000000000001628,2589,2,2361.0
000000000000000000001629,2167,3,67.2
000000000000000000001629,1984,2,287.0
000000000000000000001629,3413,1,129.0
000000000000000000001629,2472,2,389.0
00000000000000000000162a,493,1,39.0
00000000000000000000162a,3169,2,36.0
00000000000000000000162b,4879,1,50.0
00000000000000000000162b,3096,3,1490.0
00000000000000000000162b,2512,1,349.9
00000000000000000000162c,1657,3,1198.0
00000000000000000000162c,2704,3,1149.0
00000000000000000000162d,4562,2,53.91
00000000000000000000162d,3882,2,38.99
00000000000000000000162e,3860,1,36.0
00000000000000000000162e,995,1,1501.0
00000000000000000000162e,2320,2,89.9
00000000000000000000162e,2823,2,1399.0
00000000000000000000162f,2917,2,979.0
00000000000000000000162f,3536,1,329.0
000000000000000000001630,3722,2,90.0
000000000000000000001631,2499,3,699.0
000000000000000000001632,3678,2,1999.0
000000000000000000001633,1389,3,3399.0
000000000000000000001633,1485,1,1789.0
000000000000000000001634,4055,3,59.9
000000000000000000001634,3259,3,399.0
000000000000000000001634,2934,3,999.0
000000000000000000001635,4606,3,89.0
000000000000000000001636,3656,1,239.0
000000000000000000001637,4256,2,99.0
000000000000000000001637,3693,3,59.9
000000000000000000001637,515,3,59.0
000000000000000000001638,1077,3,199.9
000000000000000000001639,2546,1,149.0
000000000000000000001639,2215,2,79.0
00000000000000000000163a,4388,3,119.9
00000000000000000000163a,61,2,358.0
00000000000000000000163a,2471,3,599.0
00000000000000000000163b,384,3,3699.0
00000000000000000000163b,4418,2,69.9
00000000000000000000163c,2518,2,249.0
00000000000000000000163c,3598,1,85.9
00000000000000000000163d,4400,2,299.9
00000000000000000000163d,697,1,79.0
00000000000000000000163d,2797,2,4539.0
00000000000000000000163e,1922,1,429.9
00000000000000000000163e,4322,1,55.0
00000000000000000000163e,4058,2,59.9
00000000000000000000163f,962,2,199.0
00000000000000000000163f,3259,2,399.0
000000000000000000001640,3254,3,999.0
000000000000000000001640,5058,3,265.0
000000000000000000001640,4470,3,279.0
000000000000000000001641,623,3,189.0
000000000000000000001642,4048,2,112.9
000000000000000000001643,3735,1,89.0
000000000000000000001644,2944,3,400.0
000000000000000000001644,3771,1,188.0
000000000000000000001645,1240,1,150.0
000000000000000000001645,4896,3,469.99
000000000000000000001645,4119,1,111.9
000000000000000000001645,452,2,25.0
000000000000000000001646,1054,2,775.0
000000000000000000001647,2578,3,1850.0
000000000000000000001648,4635,2,195.0
000000000000000000001649,214,2,949.0
000000000000000000001649,3562,2,52.0
00000000000000000000164a,3205,2,8.69
00000000000000000000164b,2642,1,1309.0
00000000000000000000164c,726,1,399.0
00000000000000000000164c,271,2,729.0
00000000000000000000164c,822,2,654.44
00000000000000000000164d,4746,3,529.0
00000000000000000000164e,1905,3,128.0
00000000000000000000164e,781,2,299.0
00000000000000000000164f,1608,1,1599.0
000000000000000000001650,3039,2,360.0
000000000000000000001651,4224,2,279.9
000000000000000000001651,1888,3,199.0
000000000000000000001652,2556,1,50.8
000000000000000000001652,2535,1,59.0
000000000000000000001652,4748,3,151.9
000000000000000000001652,4160,2,199.0
000000000000000000001653,1581,3,1409.0
000000000000000000001653,4625,1,394.9
000000000000000000001653,1144,2,3999.0
000000000000000000001654,5047,3,475.0
000000000000000000001655,2152,1,89.0
000000000000000000001656,3960,1,51.9
000000000000000000001656,4436,1,89.9
000000000000000000001657,774,1,919.0
000000000000000000001657,1134,3,89.9
000000000000000000001657,152,1,1179.0
000000000000000000001658,336,1,1114.0
000000000000000000001658,859,3,399.0
000000000000000000001658,3024,3,729.9
000000000000000000001659,645,3,85.0
000000000000000000001659,3561,3,169.0
000000000000000000001659,4578,2,79.9
000000000000000000001659,499,3,21.5
00000000000000000000165a,2677,3,1799.0
00000000000000000000165b,1644,1,1089.0
00000000000000000000165c,2931,2,749.0
00000000000000000000165c,4044,1,80.0
00000000000000000000165d,2723,3,1649.0
00000000000000000000165e,3883,3,75.0
00000000000000000000165f,545,2,29.9
00000000000000000000165f,1925,2,1069.0
000000000000000000001660,3020,3,800.0
000000000000000000001661,224,1,3949.0
000000000000000000001661,611,1,1138.9
000000000000000000001661,3446,1,1099.0
000000000000000000001661,4259,2,113.94
000000000000000000001662,3154,2,53.0
000000000000000000001663,4979,1,39.9
000000000000000000001663,4038,1,23.9
000000000000000000001664,2743,1,4139.0
000000000000000000001665,2818,2,4279.0
000000000000000000001666,4601,1,65.0
000000000000000000001666,4420,2,49.9
000000000000000000001667,2708,2,1999.9
000000000000000000001667,2644,1,2499.0
000000000000000000001668,2728,3,2189.9
000000000000000000001669,4635,1,195.0
00000000000000000000166a,4745,3,529.0
00000000000000000000166a,603,2,1359.0
00000000000000000000166b,2952,1,1089.0
00000000000000000000166b,1272,3,159.0
00000000000000000000166c,351,3,1799.0
00000000000000000000166c,2140,1,229.0
00000000000000000000166d,4351,1,139.9
00000000000000000000166d,4809,2,78.9
00000000000000000000166e,1638,3,1299.0
00000000000000000000166e,4987,3,59.0
00000000000000000000166f,677,1,139.0
000000000000000000001670,2506,2,131.9
000000000000000000001670,4255,1,84.9
000000000000000000001671,1548,2,669.0
000000000000000000001672,117,3,1189.0
000000000000000000001672,2617,1,3499.0
000000000000000000001672,470,1,49.9
000000000000000000001672,589,3,199.0
000000000000000000001673,2263,3,209.9
000000000000000000001674,2055,1,499.0
000000000000000000001674,4148,1,45.0
000000000000000000001675,2040,3,428.0
000000000000000000001676,2204,1,469.0
000000000000000000001677,502,1,29.0
000000000000000000001677,514,3,240.0
000000000000000000001678,4066,2,39.9
000000000000000000001679,1291,2,80.9
000000000000000000001679,2053,3,399.0
000000000000000000001679,310,2,899.0
000000000000000000001679,4907,1,39.9
00000000000000000000167a,3383,3,1299.0
00000000000000000000167b,527,1,24.0
00000000000000000000167c,4749,2,229.0
00000000000000000000167c,3126,2,280.0
00000000000000000000167d,4493,3,55.9
00000000000000000000167e,2404,1,1098.0
00000000000000000000167f,3987,2,109.9
000000000000000000001680,4681,2,75.0
000000000000000000001680,112,3,529.0
000000000000000000001681,563,2,1037.0
000000000000000000001682,703,3,78.0
000000000000000000001682,216,3,949.0
000000000000000000001683,3054,3,2299.0
000000000000000000001683,4776,2,119.0
000000000000000000001683,652,3,211.19
000000000000000000001683,2866,3,699.0
000000000000000000001684,4521,2,49.9
000000000000000000001685,2098,3,74.9
000000000000000000001685,2022,2,359.0
000000000000000000001686,2167,3,67.2
000000000000000000001687,1328,1,1399.0
000000000000000000001688,3146,3,16.9
000000000000000000001688,2576,2,3800.0
000000000000000000001688,872,1,590.0
000000000000000000001688,1999,1,499.0
000000000000000000001689,2001,2,279.0
000000000000000000001689,875,1,699.0
000000000000000000001689,2384,3,319.0
000000000000000000001689,2973,2,500.5
00000000000000000000168a,1800,1,749.0
00000000000000000000168a,129,1,2529.0
00000000000000000000168a,125,1,2549.0
00000000000000000000168b,2035,2,149.0
00000000000000000000168c,3042,3,679.9
00000000000000000000168c,2752,1,5149.0
00000000000000000000168c,5056,2,420.0
00000000000000000000168c,1132,2,359.9
00000000000000000000168d,3273,3,1399.0
00000000000000000000168d,5104,2,259.0
00000000000000000000168e,2880,3,799.0
00000000000000000000168e,3301,3,3499.0
00000000000000000000168f,3669,3,14.5
000000000000000000001690,3664,3,279.0
000000000000000000001691,3629,2,139.9
000000000000000000001691,928,2,663.9
000000000000000000001691,869,2,639.0
000000000000000000001691,5046,1,125.0
000000000000000000001692,542,1,30.0
000000000000000000001693,1167,3,199.0
000000000000000000001693,1054,3,775.0
000000000000000000001693,3026,1,1200.0
000000000000000000001694,2495,1,259.0
000000000000000000001695,3327,3,429.0
000000000000000000001695,5091,2,485.0
000000000000000000001696,3996,1,25.9
000000000000000000001696,938,3,625.0
000000000000000000001697,965,3,22.9
000000000000000000001697,3032,2,115.0
000000000000000000001697,4048,1,112.9
000000000000000000001698,3023,3,729.9
000000000000000000001699,1457,2,1549.0
000000000000000000001699,2477,3,399.0
00000000000000000000169a,3654,2,29.9
00000000000000000000169a,567,3,129.9
00000000000000000000169a,2304,3,589.0
00000000000000000000169b,3765,3,99.9
00000000000000000000169c,5179,2,679.0
00000000000000000000169c,2514,1,169.9
00000000000000000000169d,1393,2,649.0
00000000000000000000169d,2263,1,209.9
00000000000000000000169e,2348,3,240.0
00000000000000000000169e,2536,2,189.9
00000000000000000000169e,4414,1,79.9
00000000000000000000169e,3255,1,999.0
00000000000000000000169f,3609,2,1199.0
00000000000000000000169f,1805,2,885.0
00000000000000000000169f,2424,2,609.0
0000000000000000000016a0,1028,2,218.0
0000000000000000000016a1,4260,2,130.0
0000000000000000000016a1,857,2,1370.0
0000000000000000000016a2,2272,2,139.0
0000000000000000000016a2,5144,3,4899.0
0000000000000000000016a2,2883,2,1789.0
0000000000000000000016a3,500,2,22.0
0000000000000000000016a3,3901,3,21.9
0000000000000000000016a4,220,1,2099.0
0000000000000000000016a4,162,1,1799.0
0000000000000000000016a4,584,2,133.0
0000000000000000000016a4,3973,1,74.4
0000000000000000000016a5,1503,3,949.0
0000000000000000000016a6,3005,2,520.0
0000000000000000000016a7,857,2,1370.0
0000000000000000000016a7,4081,3,42.9
0000000000000000000016a7,3844,3,480.0
0000000000000000000016a8,1276,3,69.9
0000000000000000000016a9,194,1,4169.0
0000000000000000000016a9,1515,2,2329.0
0000000000000000000016a9,1042,1,619.0
0000000000000000000016aa,3081,1,679.0
0000000000000000000016aa,2790,3,2399.0
0000000000000000000016ab,3436,3,1199.0
0000000000000000000016ab,386,2,7999.0
0000000000000000000016ac,1955,1,379.0
0000000000000000000016ad,486,2,39.0
0000000000000000000016ad,3068,3,3599.0
0000000000000000000016ad,9,2,55.0
0000000000000000000016ae,2751,3,4629.0
0000000000000000000016ae,4432,2,499.9
0000000000000000000016af,2166,1,90.0
0000000000000000000016af,592,3,99.0
0000000000000000000016b0,4668,2,99.0
0000000000000000000016b1,1528,1,700.0
0000000000000000000016b2,4935,2,35.9
0000000000000000000016b3,4285,2,230.0
0000000000000000000016b4,1460,1,1549.0
0000000000000000000016b5,371,2,799.0
0000000000000000000016b6,4895,3,90.0
0000000000000000000016b6,2724,3,931.0
0000000000000000000016b7,3257,1,1139.9
0000000000000000000016b7,271,2,729.0
0000000000000000000016b8,4341,1,84.95
0000000000000000000016b8,3689,3,1199.0
0000000000000000000016b9,272,3,1009.0
0000000000000000000016b9,2868,3,799.0
0000000000000000000016b9,1411,1,799.0
0000000000000000000016ba,3814,2,109.0
0000000000000000000016bb,1984,3,287.0
0000000000000000000016bc,3357,2,629.0
0000000000000000000016bc,284,1,898.0
0000000000000000000016bd,3002,2,520.0
0000000000000000000016bd,2662,1,1449.0
0000000000000000000016bd,5170,2,175.0
0000000000000000000016be,990,2,1999.0
0000000000000000000016bf,3114,1,36.9
0000000000000000000016c0,677,3,139.0
0000000000000000000016c1,272,3,1009.0
0000000000000000000016c1,1368,3,1699.0
0000000000000000000016c2,3388,1,1299.0
0000000000000000000016c3,2200,2,289.0
0000000000000000000016c4,2927,3,1009.0
0000000000000000000016c4,708,3,269.0
0000000000000000000016c4,697,1,79.0
0000000000000000000016c5,1525,3,1899.0
0000000000000000000016c6,4168,1,299.9
0000000000000000000016c6,2759,2,6899.0
0000000000000000000016c6,935,3,899.0
0000000000000000000016c7,4890,2,29.0
0000000000000000000016c8,2853,1,1299.0
0000000000000000000016c9,3198,2,65.0
0000000000000000000016c9,710,3,681.9
0000000000000000000016c9,4014,2,22.99
0000000000000000000016c9,3320,1,1299.0
0000000000000000000016ca,4264,2,168.0
0000000000000000000016ca,1930,1,339.0
0000000000000000000016ca,3572,2,140.9
0000000000000000000016cb,1647,3,1959.0
0000000000000000000016cc,921,1,389.0
0000000000000000000016cc,2881,2,799.0
0000000000000000000016cc,4722,2,69.0
0000000000000000000016cd,3944,2,64.9
0000000000000000000016cd,4824,1,684.3
0000000000000000000016cd,3025,1,1200.0
0000000000000000000016cd,3417,1,115.0
0000000000000000000016ce,1653,3,2149.0
0000000000000000000016cf,4591,1,54.9
0000000000000000000016cf,293,1,419.0
0000000000000000000016d0,3869,2,19.9
0000000000000000000016d1,5169,3,190.0
0000000000000000000016d1,1179,2,599.9
0000000000000000000016d2,1293,2,120.9
0000000000000000000016d3,2020,3,299.0
0000000000000000000016d3,3238,1,94.9
0000000000000000000016d3,4704,1,319.0
0000000000000000000016d4,5055,2,320.0
0000000000000000000016d5,4106,1,36.0
0000000000000000000016d5,209,3,2890.0
0000000000000000000016d5,4830,3,474.0
0000000000000000000016d5,4147,3,41.9
0000000000000000000016d6,1450,2,299.9
0000000000000000000016d7,2945,3,979.0
0000000000000000000016d8,3968,1,349.0
0000000000000000000016d8,1471,1,1464.0
0000000000000000000016d9,790,2,1049.0
0000000000000000000016da,3626,2,160.0
0000000000000000000016da,2078,1,36.9
0000000000000000000016db,4479,1,44.95
0000000000000000000016db,3269,2,2599.0
0000000000000000000016dc,3484,2,1949.0
0000000000000000000016dd,2652,2,1599.0
0000000000000000000016dd,1221,2,329.0
0000000000000000000016dd,4711,3,219.99
0000000000000000000016de,1739,3,1699.0
0000000000000000000016de,1103,1,339.0
0000000000000000000016df,4402,2,479.9
0000000000000000000016df,2156,2,140.2
0000000000000000000016df,3274,1,1649.0
0000000000000000000016e0,519,2,14.9
0000000000000000000016e1,5069,3,370.0
0000000000000000000016e2,3326,3,699.0
0000000000000000000016e2,504,1,99.0
0000000000000000000016e3,2847,1,3199.0
0000000000000000000016e3,854,2,609.0
0000000000000000000016e3,2371,3,609.0
0000000000000000000016e4,2432,1,74.9
0000000000000000000016e4,4974,2,89.0
0000000000000000000016e4,849,1,1199.0
0000000000000000000016e4,3426,1,1099.0
0000000000000000000016e5,1189,1,165.0
0000000000000000000016e6,4837,3,143.0
0000000000000000000016e6,3929,1,139.99
0000000000000000000016e6,1572,3,799.0
0000000000000000000016e7,1672,1,1589.0
0000000000000000000016e8,4428,1,119.99
0000000000000000000016e8,1937,3,220.0
0000000000000000000016e8,4584,3,54.9
0000000000000000000016e8,2679,1,1259.0
0000000000000000000016e9,2643,1,1309.0
0000000000000000000016ea,2415,1,359.0
0000000000000000000016ea,1845,3,1859.0
0000000000000000000016ea,537,3,20.99
0000000000000000000016ea,3601,3,8.9
0000000000000000000016eb,2140,1,229.0
0000000000000000000016eb,3656,3,239.0
0000000000000000000016eb,5147,2,124.0
0000000000000000000016ec,1363,2,209.0
0000000000000000000016ec,2652,2,1599.0
0000000000000000000016ec,2480,3,35.0
0000000000000000000016ec,883,3,320.0
0000000000000000000016ed,1090,2,490.0
0000000000000000000016ed,4667,3,141.9
0000000000000000000016ed,4849,3,69.9
0000000000000000000016ed,2087,1,129.9
0000000000000000000016ee,4561,2,25.0
0000000000000000000016ef,4213,2,151.2
0000000000000000000016ef,699,3,499.0
0000000000000000000016f0,2478,2,469.0
0000000000000000000016f1,3553,2,529.0
0000000000000000000016f1,910,3,999.0
0000000000000000000016f1,1828,2,139.9
0000000000000000000016f1,3394,2,109.0
0000000000000000000016f2,1856,2,759.0
0000000000000000000016f3,641,1,269.0
0000000000000000000016f4,3071,1,54.8
0000000000000000000016f4,1961,1,289.0
0000000000000000000016f4,640,2,130.0
0000000000000000000016f5,3178,2,129.0
0000000000000000000016f5,5094,1,520.0
0000000000000000000016f6,4544,2,49.9
0000000000000000000016f7,3636,3,399.0
0000000000000000000016f7,4522,2,49.9
0000000000000000000016f8,2118,1,45.0
0000000000000000000016f8,117,3,1189.0
0000000000000000000016f9,2744,1,3199.0
0000000000000000000016f9,2673,2,4449.0
0000000000000000000016fa,2228,1,160.0
0000000000000000000016fa,401,3,479.0
0000000000000000000016fb,3605,2,1129.0
0000000000000000000016fc,2915,3,999.0
0000000000000000000016fd,461,3,174.9
0000000000000000000016fd,1787,2,1039.0
0000000000000000000016fe,1722,1,1789.0
0000000000000000000016ff,2529,3,165.0
0000000000000000000016ff,1661,3,798.0
0000000000000000000016ff,2941,3,219.9
000000000000000000001700,3819,1,99.0
000000000000000000001700,3353,3,579.0
000000000000000000001701,2737,3,3829.0
000000000000000000001702,3320,1,1299.0
000000000000000000001703,3582,3,200.0
000000000000000000001703,3039,2,360.0
000000000000000000001703,1739,2,1699.0
000000000000000000001703,2806,1,2999.0
000000000000000000001704,4272,2,98.0
000000000000000000001704,5041,3,93.9
000000000000000000001705,501,3,125.0
000000000000000000001706,5144,2,4899.0
000000000000000000001707,698,2,79.0
000000000000000000001707,2558,1,369.0
000000000000000000001707,4637,1,155.0
000000000000000000001707,973,2,299.9
000000000000000000001708,3790,1,50.9
000000000000000000001708,3190,2,619.9
000000000000000000001709,2534,1,26.9
00000000000000000000170a,3812,1,57.9
00000000000000000000170a,162,2,1799.0
00000000000000000000170b,3710,3,93.0
00000000000000000000170c,4,3,459.0
00000000000000000000170d,2318,2,199.0
00000000000000000000170d,190,1,4559.0
00000000000000000000170e,343,2,1099.0
00000000000000000000170f,1242,1,93.9
000000000000000000001710,36,3,379.0
000000000000000000001710,1470,3,1464.0
000000000000000000001711,3652,3,28.9
000000000000000000001711,1446,3,1199.9
000000000000000000001712,4129,1,59.5
000000000000000000001713,2400,2,289.0
000000000000000000001714,1727,1,1249.0
000000000000000000001715,3395,3,109.0
000000000000000000001715,2807,1,2439.0
000000000000000000001715,543,1,20.0
000000000000000000001716,731,1,799.0
000000000000000000001717,2155,1,49.4
000000000000000000001717,4765,1,849.0
000000000000000000001718,973,1,299.9
000000000000000000001718,3976,1,74.4
000000000000000000001718,3966,2,349.0
000000000000000000001718,5123,3,450.0
000000000000000000001719,3719,1,69.99
000000000000000000001719,910,3,999.0
000000000000000000001719,4482,3,39.95
000000000000000000001719,1245,1,55.0
00000000000000000000171a,4662,1,189.0
00000000000000000000171a,1352,1,84.9
00000000000000000000171b,696,3,88.9
00000000000000000000171c,1930,3,339.0
00000000000000000000171d,1151,2,99.9
00000000000000000000171d,2916,1,999.0
00000000000000000000171d,3685,2,368.9
00000000000000000000171d,4982,2,89.0
00000000000000000000171e,1551,2,1039.0
00000000000000000000171e,2857,2,599.0
00000000000000000000171f,1332,3,369.0
00000000000000000000171f,2509,1,49.9
00000000000000000000171f,137,1,2659.0
000000000000000000001720,3891,3,59.9
000000000000000000001721,194,3,4169.0
000000000000000000001722,3083,1,949.0
000000000000000000001722,5044,3,399.0
000000000000000000001723,3939,1,59.9
000000000000000000001724,2622,3,1099.0
000000000000000000001724,1773,1,899.0
000000000000000000001724,2421,1,619.0
000000000000000000001724,4426,3,205.0
000000000000000000001725,1929,3,339.0
000000000000000000001725,4566,2,34.3
000000000000000000001725,2968,3,315.0
000000000000000000001726,2984,3,1299.0
000000000000000000001726,2541,2,199.0
000000000000000000001726,2481,2,95.0
000000000000000000001726,2525,3,79.9
000000000000000000001727,4501,1,49.9
000000000000000000001727,3820,3,105.0
000000000000000000001727,115,1,529.0
000000000000000000001728,448,2,85.0
000000000000000000001728,1098,2,439.0
000000000000000000001729,610,1,609.0
00000000000000000000172a,428,1,122.9
00000000000000000000172b,4895,2,90.0
00000000000000000000172b,3719,2,69.99
00000000000000000000172b,1412,2,169.0
00000000000000000000172b,4878,2,56.0
00000000000000000000172c,457,2,112.9
00000000000000000000172d,190,1,4559.0
00000000000000000000172e,5104,1,259.0
00000000000000000000172e,5007,1,60.0
00000000000000000000172e,1428,2,1800.0
00000000000000000000172f,4728,3,109.0
000000000000000000001730,2871,3,250.0
000000000000000000001730,3259,1,399.0
000000000000000000001730,1308,3,68.8
000000000000000000001730,524,3,119.0
000000000000000000001731,2433,1,29.9
000000000000000000001732,1606,3,1089.0
000000000000000000001732,3702,3,409.0
000000000000000000001733,2900,2,9999.9
000000000000000000001733,4452,2,103.9
000000000000000000001733,3510,2,349.0
000000000000000000001734,37,1,519.0
000000000000000000001734,2635,3,2799.0
000000000000000000001735,4761,2,109.0
000000000000000000001735,3388,2,1299.0
000000000000000000001736,2715,3,999.0
000000000000000000001736,3382,2,999.0
000000000000000000001737,4093,3,49.9
000000000000000000001737,5058,3,265.0
000000000000000000001737,2926,1,419.0
000000000000000000001737,380,2,3199.0
000000000000000000001738,1504,3,2619.0
000000000000000000001739,2706,3,2699.0
000000000000000000001739,1,1,479.0
000000000000000000001739,5159,1,829.0
00000000000000000000173a,1837,3,999.0
00000000000000000000173b,3132,1,79.9
00000000000000000000173c,2406,2,979.0
00000000000000000000173c,4191,3,132.3
00000000000000000000173c,3802,2,70.0
00000000000000000000173d,2260,1,329.9
00000000000000000000173d,3029,3,115.0
00000000000000000000173d,4591,3,54.9
00000000000000000000173d,4902,2,100.0
00000000000000000000173e,2403,3,549.0
00000000000000000000173e,4674,3,158.0
00000000000000000000173f,2847,2,3199.0
00000000000000000000173f,1826,3,249.0
000000000000000000001740,2636,1,2699.0
000000000000000000001740,649,3,139.0
000000000000000000001740,1063,3,54899.0
000000000000000000001741,3748,1,28.0
000000000000000000001741,2044,1,269.9
000000000000000000001741,519,2,14.9
000000000000000000001742,4999,1,89.0
000000000000000000001742,789,2,849.0
000000000000000000001743,3191,3,425.0
000000000000000000001743,836,3,799.0
000000000000000000001744,2967,2,1089.0
000000000000000000001744,5055,3,320.0
000000000000000000001744,4021,1,23.9
000000000000000000001745,1377,3,1699.0
000000000000000000001745,730,2,636.0
000000000000000000001745,135,1,2659.0
000000000000000000001746,1532,2,1399.0
000000000000000000001746,4468,2,130.0
000000000000000000001746,5138,2,299.9
000000000000000000001747,286,3,909.0
000000000000000000001748,4701,2,599.0
000000000000000000001748,1680,2,1589.9
000000000000000000001749,4746,3,529.0
000000000000000000001749,3106,2,59.0
000000000000000000001749,243,1,1760.0
00000000000000000000174a,824,2,560.0
00000000000000000000174a,1408,3,999.0
00000000000000000000174a,4440,1,399.9
00000000000000000000174b,2986,1,2169.0
00000000000000000000174b,4409,2,89.9
00000000000000000000174c,3407,2,109.0
00000000000000000000174c,4908,2,39.9
00000000000000000000174c,905,3,1049.0
00000000000000000000174d,4291,2,119.9
00000000000000000000174d,1459,1,1549.0
00000000000000000000174d,4075,1,119.9
00000000000000000000174e,223,2,3149.0
00000000000000000000174e,5112,2,289.0
00000000000000000000174f,3845,1,25.9
000000000000000000001750,3467,1,99.0
000000000000000000001751,697,3,79.0
000000000000000000001751,1989,3,245.0
000000000000000000001752,4226,1,78.9
000000000000000000001753,1889,1,145.9
000000000000000000001754,769,2,2455.0
000000000000000000001755,3812,1,57.9
000000000000000000001756,4178,2,899.0
000000000000000000001757,1573,3,899.99
000000000000000000001757,1411,1,799.0
000000000000000000001757,1415,3,179.0
000000000000000000001758,1960,1,269.0
000000000000000000001758,2606,3,2759.0
000000000000000000001759,2093,2,79.9
000000000000000000001759,4802,2,80.0
00000000000000000000175a,2792,3,2699.0
00000000000000000000175a,5097,1,89.9
00000000000000000000175b,1091,2,1089.9
00000000000000000000175c,1829,1,739.0
00000000000000000000175c,5135,2,429.99
00000000000000000000175c,784,2,1999.0
00000000000000000000175d,3875,2,123.99
00000000000000000000175d,4702,3,279.0
00000000000000000000175d,1398,3,669.0
00000000000000000000175e,1906,3,849.0
00000000000000000000175e,3347,1,579.0
00000000000000000000175f,5024,2,69.0
00000000000000000000175f,3986,3,55.0
00000000000000000000175f,5049,2,169.0
000000000000000000001760,72,1,529.0
000000000000000000001760,439,3,29.9
000000000000000000001760,3417,1,115.0
000000000000000000001760,1345,1,79.9
000000000000000000001761,2768,2,2289.0
000000000000000000001761,1746,1,1589.0
000000000000000000001762,2726,1,1440.0
000000000000000000001762,360,1,6699.0
000000000000000000001762,823,2,2699.0
000000000000000000001763,4833,1,799.0
000000000000000000001764,4797,2,539.0
000000000000000000001764,4862,2,3834.68
000000000000000000001765,2882,2,699.0
000000000000000000001765,2415,1,359.0
000000000000000000001766,2512,2,349.9
000000000000000000001766,1029,2,533.33
000000000000000000001766,883,2,320.0
000000000000000000001767,2668,2,1349.0
000000000000000000001767,827,2,459.0
000000000000000000001767,2323,2,139.9
000000000000000000001768,2396,3,299.0
000000000000000000001769,4376,2,114.99
000000000000000000001769,3227,2,459.9
000000000000000000001769,2442,1,359.0
00000000000000000000176a,674,2,849.0
00000000000000000000176b,3579,3,100.0
00000000000000000000176c,1759,2,74.9
00000000000000000000176d,2966,1,989.0
00000000000000000000176d,2060,2,569.0
00000000000000000000176d,1242,1,93.9
00000000000000000000176e,4318,1,75.0
00000000000000000000176e,1725,1,1249.0
00000000000000000000176e,2254,2,159.0
00000000000000000000176f,357,3,3999.0
00000000000000000000176f,3642,2,170.0
00000000000000000000176f,2438,2,199.0
00000000000000000000176f,564,1,299.0
000000000000000000001770,1923,3,1899.0
000000000000000000001771,3736,1,45.0
000000000000000000001771,1719,1,1109.0
000000000000000000001771,1853,1,719.0
000000000000000000001771,3055,3,999.0
000000000000000000001772,4474,1,39.0
000000000000000000001773,2304,1,589.0
000000000000000000001773,3028,3,115.0
000000000000000000001774,4739,3,65.0
000000000000000000001774,4227,1,77.9
000000000000000000001774,765,1,2189.0
000000000000000000001775,4590,1,54.9
000000000000000000001776,4819,3,1099.0
000000000000000000001777,2325,3,76.9
000000000000000000001778,104,2,419.0
000000000000000000001779,1216,2,209.0
00000000000000000000177a,5021,1,24.9
00000000000000000000177a,664,1,704.0
00000000000000000000177a,3765,2,99.9
00000000000000000000177b,4080,2,42.9
00000000000000000000177b,1399,2,4999.0
00000000000000000000177c,974,2,989.0
00000000000000000000177c,1109,2,599.0
00000000000000000000177c,685,3,179.9
00000000000000000000177c,1369,3,1849.0
00000000000000000000177d,2485,1,34.9
00000000000000000000177e,1334,2,75.0
00000000000000000000177e,2302,3,249.0
00000000000000000000177f,5149,2,131.9
00000000000000000000177f,632,1,149.0
000000000000000000001780,4152,2,93.9
000000000000000000001780,4721,1,99.0
000000000000000000001781,396,2,479.0
000000000000000000001781,432,2,79.0
000000000000000000001781,3051,1,1199.0
000000000000000000001782,1036,1,709.0
000000000000000000001782,1821,2,1589.0
000000000000000000001783,159,3,2149.0
000000000000000000001783,1767,2,899.0
000000000000000000001783,3162,2,399.0
000000000000000000001783,3367,2,779.0
000000000000000000001784,3695,3,43.8
000000000000000000001784,747,3,649.0
000000000000000000001785,1859,1,409.0
000000000000000000001785,389,1,1599.0
000000000000000000001785,1445,3,1399.9
000000000000000000001786,3888,1,209.0
000000000000000000001786,1099,1,1299.0
000000000000000000001786,2706,3,2699.0
000000000000000000001786,928,3,663.9
000000000000000000001787,3119,1,399.9
000000000000000000001788,4563,3,63.48
000000000000000000001788,1429,2,3120.0
000000000000000000001789,3223,2,131.9
00000000000000000000178a,630,2,149.0
00000000000000000000178b,439,1,29.9
00000000000000000000178b,1691,2,1049.0
00000000000000000000178b,3153,3,149.9
00000000000000000000178b,2772,2,3999.0
00000000000000000000178c,3702,3,409.0
00000000000000000000178c,3146,1,16.9
00000000000000000000178d,3607,1,40.0
00000000000000000000178d,4818,2,711.85
00000000000000000000178e,2411,2,78.0
00000000000000000000178e,1399,3,4999.0
00000000000000000000178e,355,2,3099.0
00000000000000000000178f,431,2,79.0
00000000000000000000178f,3076,1,86.9
000000000000000000001790,1549,2,1136.0
000000000000000000001791,3508,1,239.99
000000000000000000001792,1517,1,399.0
000000000000000000001792,754,3,899.0
000000000000000000001793,766,2,2189.0
000000000000000000001794,499,2,21.5
000000000000000000001794,4299,3,249.95
000000000000000000001795,3025,3,1200.0
000000000000000000001795,2886,1,309.9
000000000000000000001795,4118,2,84.8
000000000000000000001796,3678,3,1999.0
000000000000000000001796,4706,2,65.0
000000000000000000001796,4630,2,169.0
000000000000000000001797,474,1,120.0
000000000000000000001797,2485,2,34.9
000000000000000000001798,4053,3,59.9
000000000000000000001799,3532,1,329.0
000000000000000000001799,3943,2,79.5
00000000000000000000179a,3311,2,899.0
00000000000000000000179b,881,3,399.0
00000000000000000000179c,582,3,119.0
00000000000000000000179c,4610,3,76.0
00000000000000000000179d,70,3,799.0
00000000000000000000179e,3160,1,519.0
00000000000000000000179e,1561,3,828.0
00000000000000000000179e,2607,2,1799.0
00000000000000000000179f,2013,2,14.5
0000000000000000000017a0,3338,2,2399.0
0000000000000000000017a1,2368,1,329.0
0000000000000000000017a1,582,2,119.0
0000000000000000000017a1,470,2,49.9
0000000000000000000017a2,4296,3,99.96
0000000000000000000017a3,278,1,898.0
0000000000000000000017a3,2036,3,649.0
0000000000000000000017a3,3970,2,189.0
0000000000000000000017a4,3812,2,57.9
0000000000000000000017a5,4679,3,168.0
0000000000000000000017a5,1174,1,99.77
0000000000000000000017a5,3666,2,135.0
0000000000000000000017a5,2827,2,799.0
0000000000000000000017a6,3626,2,160.0
0000000000000000000017a6,3856,1,49.9
0000000000000000000017a7,3035,3,1099.9
0000000000000000000017a8,3096,1,1490.0
0000000000000000000017a8,769,3,2455.0
0000000000000000000017a9,511,1,125.9
0000000000000000000017aa,1387,1,2429.0
0000000000000000000017aa,3243,3,15.5
0000000000000000000017aa,4585,1,64.9
0000000000000000000017ab,4474,3,39.0
0000000000000000000017ab,559,1,169.0
0000000000000000000017ab,3104,2,70.0
0000000000000000000017ac,4245,1,175.7
0000000000000000000017ac,3907,1,45.0
0000000000000000000017ad,3487,1,1949.0
0000000000000000000017ae,3123,2,24.9
0000000000000000000017af,3164,2,100.0
0000000000000000000017af,996,2,2225.0
0000000000000000000017b0,1278,2,89.0
0000000000000000000017b0,2677,3,1799.0
0000000000000000000017b0,2075,2,88.0
0000000000000000000017b1,1284,2,315.0
0000000000000000000017b1,686,2,155.9
0000000000000000000017b1,4246,3,69.9
0000000000000000000017b1,1163,3,379.0
0000000000000000000017b2,1398,2,669.0
0000000000000000000017b3,3071,1,54.8
0000000000000000000017b4,4078,3,42.9
0000000000000000000017b4,1024,1,279.0
0000000000000000000017b5,1068,1,289.0
0000000000000000000017b5,118,1,1189.0
0000000000000000000017b6,4244,1,287.2
0000000000000000000017b7,5038,3,93.9
0000000000000000000017b7,507,2,103.9
0000000000000000000017b7,360,1,6699.0
0000000000000000000017b7,2452,1,259.0
0000000000000000000017b8,3580,2,200.0
0000000000000000000017b8,1431,1,2880.0
0000000000000000000017b8,4651,3,105.0
0000000000000000000017b9,2555,3,74.9
0000000000000000000017b9,4997,1,39.9
0000000000000000000017b9,4901,2,189.9
0000000000000000000017b9,575,3,1549.0
0000000000000000000017ba,2106,2,199.0
0000000000000000000017bb,3784,3,50.9
0000000000000000000017bc,1619,2,1699.0
0000000000000000000017bd,3804,1,154.0
0000000000000000000017bd,1762,1,899.0
0000000000000000000017be,4377,3,112.9
0000000000000000000017bf,2373,2,713.9
0000000000000000000017bf,3510,3,349.0
0000000000000000000017bf,2502,2,719.0
0000000000000000000017c0,821,2,1259.0
0000000000000000000017c1,1649,3,1239.0
0000000000000000000017c2,2504,2,49.9
0000000000000000000017c2,2728,2,2189.9
0000000000000000000017c2,2005,2,925.0
0000000000000000000017c2,1789,3,1499.0
0000000000000000000017c3,3403,2,690.0
0000000000000000000017c3,2989,3,2309.0
0000000000000000000017c4,1812,1,169.9
0000000000000000000017c4,5037,1,93.9
0000000000000000000017c4,4483,1,49.9
0000000000000000000017c4,6,3,449.9
0000000000000000000017c5,3744,2,159.0
0000000000000000000017c5,3948,1,38.99
0000000000000000000017c5,66,1,375.0
0000000000000000000017c5,814,1,459.0
0000000000000000000017c6,1736,1,939.0
0000000000000000000017c6,567,3,129.9
0000000000000000000017c6,2898,2,989.0
0000000000000000000017c7,3318,3,2349.0
0000000000000000000017c7,2768,1,2289.0
0000000000000000000017c7,320,2,499.0
0000000000000000000017c8,3598,3,85.9
0000000000000000000017c9,4945,3,99.0
0000000000000000000017ca,124,1,4200.0
0000000000000000000017cb,2752,3,5149.0
0000000000000000000017cb,3253,2,1799.0
0000000000000000000017cc,4311,1,135.0
0000000000000000000017cd,3418,1,129.0
0000000000000000000017cd,1855,2,499.0
0000000000000000000017cd,823,1,2699.0
0000000000000000000017ce,3898,2,369.0
0000000000000000000017ce,643,1,259.0
0000000000000000000017cf,1809,1,2199.0
0000000000000000000017d0,2305,3,679.0
0000000000000000000017d0,1629,1,1299.0
0000000000000000000017d0,4147,3,41.9
0000000000000000000017d1,1101,2,269.0
0000000000000000000017d1,4426,2,205.0
0000000000000000000017d1,4875,1,79.0
0000000000000000000017d2,4784,2,219.0
0000000000000000000017d2,2399,2,499.0
0000000000000000000017d3,2734,2,3829.0
0000000000000000000017d3,4974,3,89.0
0000000000000000000017d4,2418,1,399.0
0000000000000000000017d5,2460,3,989.0
0000000000000000000017d6,2636,2,2699.0
0000000000000000000017d6,2292,1,159.0
0000000000000000000017d7,5079,2,300.0
0000000000000000000017d7,4477,2,36.9
0000000000000000000017d8,1761,2,20.0
0000000000000000000017d8,1941,1,239.0
0000000000000000000017d8,4641,3,92.9
0000000000000000000017d9,2878,3,809.0
0000000000000000000017d9,1601,2,1299.0
0000000000000000000017da,3723,3,70.0
0000000000000000000017da,3994,3,25.9
0000000000000000000017db,4010,1,25.9
0000000000000000000017dc,2876,1,619.0
0000000000000000000017dd,2409,3,149.0
0000000000000000000017dd,4614,1,337.9
0000000000000000000017de,4532,2,49.9
0000000000000000000017df,4986,1,69.0
0000000000000000000017e0,463,2,189.9
0000000000000000000017e1,1303,3,302.9
0000000000000000000017e2,1656,1,1198.0
0000000000000000000017e3,4501,3,49.9
0000000000000000000017e3,3447,3,999.0
0000000000000000000017e4,3868,2,19.9
0000000000000000000017e4,3944,1,64.9
0000000000000000000017e5,4833,2,799.0
0000000000000000000017e6,4857,1,139.0
0000000000000000000017e7,3243,3,15.5
0000000000000000000017e8,4685,1,149.0
0000000000000000000017e9,4440,2,399.9
0000000000000000000017ea,339,2,1899.0
0000000000000000000017eb,3350,1,1299.0
0000000000000000000017eb,2047,3,799.0
0000000000000000000017eb,1391,2,479.0
0000000000000000000017ec,729,2,636.0
0000000000000000000017ec,3503,2,129.0
0000000000000000000017ed,1970,2,449.99
0000000000000000000017ed,5081,1,280.0
0000000000000000000017ed,4224,3,279.9
0000000000000000000017ee,1629,1,1299.0
0000000000000000000017ef,3842,3,89.9
0000000000000000000017ef,2384,2,319.0
0000000000000000000017ef,993,2,838.0
0000000000000000000017f0,796,1,1119.0
0000000000000000000017f0,3289,1,419.0
0000000000000000000017f1,1613,2,1599.0
0000000000000000000017f1,326,3,399.9
0000000000000000000017f1,2724,2,931.0
0000000000000000000017f2,479,2,12.0
0000000000000000000017f2,1531,1,1399.0
0000000000000000000017f3,4716,2,36.0
0000000000000000000017f3,2926,3,419.0
0000000000000000000017f3,158,1,1799.0
0000000000000000000017f3,4224,2,279.9
0000000000000000000017f4,1714,1,1299.0
0000000000000000000017f5,2128,1,159.0
0000000000000000000017f5,526,3,26.99
0000000000000000000017f6,4264,3,168.0
0000000000000000000017f6,2323,1,139.9
0000000000000000000017f7,551,3,16.0
0000000000000000000017f8,5179,1,679.0
0000000000000000000017f9,1189,1,165.0
0000000000000000000017f9,3906,3,89.5
0000000000000000000017fa,867,2,2699.0
0000000000000000000017fa,5001,3,19.0
0000000000000000000017fa,4377,1,112.9
0000000000000000000017fb,3813,3,79.0
0000000000000000000017fb,2966,1,989.0
0000000000000000000017fb,3741,1,100.0
0000000000000000000017fb,3449,3,979.0
0000000000000000000017fc,1034,2,749.9
0000000000000000000017fc,3371,3,1079.9
0000000000000000000017fc,1075,1,619.0
0000000000000000000017fd,3308,2,1379.0
0000000000000000000017fd,3576,3,100.0
0000000000000000000017fe,5033,2,199.0
0000000000000000000017ff,4006,3,25.9
000000000000000000001800,2024,2,849.0
000000000000000000001801,2626,3,919.0
000000000000000000001801,3583,2,165.0
000000000000000000001801,3473,1,89.0
000000000000000000001802,2702,2,1149.0
000000000000000000001803,1600,1,1529.0
000000000000000000001803,2354,2,64.9
000000000000000000001803,996,1,2225.0
000000000000000000001804,4856,2,59.9
000000000000000000001805,2423,2,589.0
000000000000000000001806,4002,1,259.0
000000000000000000001807,2671,2,4449.0
000000000000000000001807,4179,2,899.0
000000000000000000001807,4451,2,103.9
000000000000000000001808,2789,2,2399.0
000000000000000000001808,544,3,19.9
000000000000000000001808,1704,2,819.0
000000000000000000001809,5077,2,169.0
000000000000000000001809,4610,3,76.0
00000000000000000000180a,4031,1,23.9
00000000000000000000180a,641,2,269.0
00000000000000000000180b,2040,1,428.0
00000000000000000000180b,2160,2,29.0
00000000000000000000180b,715,2,799.0
00000000000000000000180c,3133,2,149.9
00000000000000000000180c,3004,1,500.0
00000000000000000000180d,1936,1,465.0
00000000000000000000180d,4972,1,39.9
00000000000000000000180e,778,1,739.0
00000000000000000000180f,3844,1,480.0
000000000000000000001810,1785,3,729.0
000000000000000000001810,2256,1,279.9
000000000000000000001810,289,2,959.0
000000000000000000001810,5098,3,299.0
000000000000000000001811,3979,1,233.0
000000000000000000001811,1623,1,789.0
000000000000000000001811,1108,3,749.0
000000000000000000001811,435,1,79.0
000000000000000000001812,4109,2,69.9
000000000000000000001813,4195,2,219.0
000000000000000000001813,2495,3,259.0
000000000000000000001814,4760,1,165.0
000000000000000000001814,3909,1,29.9
000000000000000000001815,3414,1,129.0
000000000000000000001815,550,2,20.0
000000000000000000001815,5015,3,119.9
000000000000000000001816,790,3,1049.0
000000000000000000001816,170,3,1749.0
000000000000000000001816,4415,3,69.9
000000000000000000001817,3216,3,449.0
000000000000000000001817,4262,3,109159.0
000000000000000000001817,3487,3,1949.0
000000000000000000001817,4441,3,399.9
000000000000000000001818,2712,2,2499.0
000000000000000000001818,496,1,89.99
000000000000000000001818,1871,2,449.0
000000000000000000001818,408,1,849.9
000000000000000000001819,3064,2,800.0
000000000000000000001819,780,1,696.0
000000000000000000001819,1827,3,249.0
000000000000000000001819,1770,2,899.0
00000000000000000000181a,579,3,93.9
00000000000000000000181a,249,2,2649.0
00000000000000000000181b,4839,2,444.0
00000000000000000000181b,3915,2,32.99
00000000000000000000181b,441,1,25.5
00000000000000000000181c,4652,2,169.0
00000000000000000000181d,5170,2,175.0
00000000000000000000181e,988,3,359.0
00000000000000000000181e,2822,1,2169.0
00000000000000000000181e,1617,3,1699.0
00000000000000000000181e,4196,2,199.0
00000000000000000000181f,2972,1,1300.0
00000000000000000000181f,2008,1,429.9
00000000000000000000181f,544,1,19.9
000000000000000000001820,242,1,1760.0
000000000000000000001821,2061,1,21.0
000000000000000000001821,1502,2,449.9
000000000000000000001822,2395,3,229.0
000000000000000000001823,3224,2,112.9
000000000000000000001823,1331,2,2719.0
000000000000000000001823,614,3,179.0
000000000000000000001824,4995,1,19.9
000000000000000000001824,1456,1,1650.0
000000000000000000001824,808,2,1699.0
000000000000000000001825,2791,1,2699.0
000000000000000000001826,3456,1,499.0
000000000000000000001826,1933,1,248.9
000000000000000000001827,658,2,93.9
000000000000000000001827,5099,3,259.0
000000000000000000001828,3944,1,64.9
000000000000000000001829,4353,1,129.9
000000000000000000001829,3552,1,529.0
000000000000000000001829,4157,2,35.99
000000000000000000001829,3571,3,140.9
00000000000000000000182a,540,3,20.0
00000000000000000000182b,4036,1,23.9
00000000000000000000182b,3111,3,39.9
00000000000000000000182b,3919,2,54.9
00000000000000000000182c,3473,3,89.0
00000000000000000000182c,1318,2,89.0
00000000000000000000182d,1,3,479.0
00000000000000000000182d,88,2,469.0
00000000000000000000182d,1798,3,779.0
00000000000000000000182d,4968,3,59.9
00000000000000000000182e,2790,2,2399.0
00000000000000000000182e,4621,3,192.5
00000000000000000000182f,2491,3,229.0
00000000000000000000182f,4924,3,99.0
000000000000000000001830,4763,1,95.0
000000000000000000001831,1696,2,799.0
000000000000000000001831,3854,2,49.9
000000000000000000001832,2351,3,64.9
000000000000000000001832,2685,3,6069.0
000000000000000000001832,3966,2,349.0
000000000000000000001833,3429,1,1099.0
000000000000000000001833,2359,3,185.0
000000000000000000001833,1681,1,979.0
000000000000000000001834,2120,1,60.0
000000000000000000001835,3060,3,1390.0
000000000000000000001835,25,2,499.0
000000000000000000001836,2347,3,139.0
000000000000000000001837,2075,2,88.0
000000000000000000001837,4025,1,23.9
000000000000000000001837,3592,1,33.9
000000000000000000001838,576,1,109.0
000000000000000000001839,3511,1,165.0
000000000000000000001839,2236,3,257.0
00000000000000000000183a,4941,3,69.9
00000000000000000000183a,2004,3,829.0
00000000000000000000183b,1605,2,1499.0
00000000000000000000183b,4318,2,75.0
00000000000000000000183c,4337,2,749.9
00000000000000000000183c,1226,3,249.0
00000000000000000000183d,840,3,2889.0
00000000000000000000183d,3104,1,70.0
00000000000000000000183d,2856,1,1599.0
00000000000000000000183d,1479,2,1789.0
00000000000000000000183e,4019,3,23.9
00000000000000000000183e,1908,3,739.0
00000000000000000000183f,4231,2,31.92
000000000000000000001840,2371,3,609.0
000000000000000000001840,1446,2,1199.9
000000000000000000001840,4869,1,35.5
000000000000000000001840,5053,3,159.0
000000000000000000001841,3555,3,1159.0
000000000000000000001841,1517,1,399.0
000000000000000000001842,4410,3,49.9
000000000000000000001842,3386,3,749.9
000000000000000000001842,3631,1,159.9
000000000000000000001843,372,2,799.0
000000000000000000001843,2940,2,879.9
000000000000000000001843,4721,3,99.0
000000000000000000001843,3587,3,165.0
000000000000000000001844,2299,3,139.0
000000000000000000001844,352,2,1399.0
000000000000000000001845,1980,3,299.99
000000000000000000001845,1241,3,149.9
000000000000000000001845,2291,2,149.0
000000000000000000001846,4962,1,69.0
000000000000000000001847,4754,2,91.9
000000000000000000001848,3827,2,79.0
000000000000000000001849,4288,1,79.0
000000000000000000001849,2645,2,2999.0
000000000000000000001849,283,1,899.0
00000000000000000000184a,2908,1,989.0
00000000000000000000184a,4299,1,249.95
00000000000000000000184b,4657,3,309.0
00000000000000000000184b,1320,2,159.0
00000000000000000000184c,531,2,165.0
00000000000000000000184c,2190,3,55.9
00000000000000000000184c,5050,2,320.0
00000000000000000000184c,236,3,2185.0
00000000000000000000184d,2352,2,64.9
00000000000000000000184e,504,2,99.0
00000000000000000000184f,1225,1,249.0
00000000000000000000184f,1317,3,199.0
000000000000000000001850,2653,1,1599.0
000000000000000000001850,1983,1,286.0
000000000000000000001850,1942,1,269.99
000000000000000000001851,3902,2,69.0
000000000000000000001851,3437,3,1099.0
000000000000000000001851,5010,2,319.0
000000000000000000001852,887,1,1099.0
000000000000000000001852,2066,3,110.0
000000000000000000001852,2936,2,779.0
000000000000000000001853,577,1,169.9
000000000000000000001853,1270,2,200.0
000000000000000000001854,2998,1,520.0
000000000000000000001854,4340,3,299.95
000000000000000000001854,2838,3,3300.0
000000000000000000001854,4657,1,309.0
000000000000000000001855,2775,1,2999.0
000000000000000000001855,1497,1,1699.0
000000000000000000001855,1738,2,1399.99
000000000000000000001855,1487,3,1789.0
000000000000000000001856,4685,3,149.0
000000000000000000001857,1709,1,799.0
000000000000000000001857,425,3,1379.0
000000000000000000001858,2861,3,699.0
000000000000000000001858,3567,2,140.9
000000000000000000001859,918,1,1490.9
000000000000000000001859,522,3,79.0
00000000000000000000185a,524,1,119.0
00000000000000000000185a,3715,1,198.0
00000000000000000000185b,2257,2,609.9
00000000000000000000185c,4755,2,93.9
00000000000000000000185c,4630,1,169.0
00000000000000000000185d,463,1,189.9
00000000000000000000185d,2955,1,374.9
00000000000000000000185e,1555,3,8900.0
00000000000000000000185e,876,1,1200.0
00000000000000000000185f,4328,3,139.0
000000000000000000001860,2227,1,190.0
000000000000000000001860,2232,3,295.0
000000000000000000001861,2522,2,39.9
000000000000000000001862,3054,3,2299.0
000000000000000000001862,2077,2,42.0
000000000000000000001863,225,3,3499.0
000000000000000000001864,2530,3,34.5
000000000000000000001864,2230,2,499.0
000000000000000000001865,1812,2,169.9
000000000000000000001865,2741,2,2959.0
000000000000000000001865,432,3,79.0
000000000000000000001866,2859,3,520.9
000000000000000000001867,3508,2,239.99
000000000000000000001867,2702,3,1149.0
000000000000000000001868,2037,1,148.9
000000000000000000001868,4782,3,929.44
000000000000000000001869,342,1,1099.0
000000000000000000001869,1563,1,729.0
000000000000000000001869,2668,3,1349.0
00000000000000000000186a,150,1,1149.0
00000000000000000000186a,4854,1,99.0
00000000000000000000186a,1022,2,399.0
00000000000000000000186b,1867,1,449.0
00000000000000000000186c,3413,3,129.0
00000000000000000000186d,1796,1,129.9
00000000000000000000186e,3031,3,100.0
00000000000000000000186e,1332,1,369.0
00000000000000000000186e,2048,1,379.0
00000000000000000000186e,4021,2,23.9
00000000000000000000186f,2165,2,62.0
00000000000000000000186f,1257,2,329.0
000000000000000000001870,4354,3,329.95
000000000000000000001870,280,3,908.0
000000000000000000001871,4557,3,52.9
000000000000000000001871,4717,1,36.0
000000000000000000001871,2865,3,689.0
000000000000000000001872,2573,3,144.99
000000000000000000001872,2209,3,99.0
000000000000000000001872,1810,2,1250.0
000000000000000000001872,4453,2,108.9
000000000000000000001873,2243,3,257.0
000000000000000000001873,5073,1,340.0
000000000000000000001874,936,2,819.0
000000000000000000001875,906,2,1849.0
000000000000000000001876,1160,2,339.5
000000000000000000001876,3241,2,12.9
000000000000000000001877,1925,1,1069.0
000000000000000000001877,3269,2,2599.0
000000000000000000001878,2886,3,309.9
000000000000000000001878,5065,1,370.0
000000000000000000001879,4597,1,44.95
00000000000000000000187a,2538,3,199.0
00000000000000000000187a,5030,1,57.0
00000000000000000000187b,1915,1,999.0
00000000000000000000187b,3309,3,1549.0
00000000000000000000187c,2956,1,749.0
00000000000000000000187d,896,1,450.0
00000000000000000000187d,3640,1,929.0
00000000000000000000187e,4733,2,126.69
00000000000000000000187e,1569,1,999.0
00000000000000000000187f,3116,3,550.0
00000000000000000000187f,624,3,63.9
000000000000000000001880,4476,2,36.9
000000000000000000001881,985,3,349.0
000000000000000000001881,1766,3,899.0
000000000000000000001882,3666,2,135.0
000000000000000000001883,4708,2,65.0
000000000000000000001883,5149,1,131.9
000000000000000000001884,456,1,1089.0
000000000000000000001884,3153,3,149.9
000000000000000000001885,4146,1,30.5
000000000000000000001886,1033,2,599.99
000000000000000000001886,2371,1,609.0
000000000000000000001886,856,3,622.0
000000000000000000001887,3490,1,1899.0
000000000000000000001888,961,2,199.0
000000000000000000001889,165,2,1159.0
000000000000000000001889,790,3,1049.0
000000000000000000001889,2945,1,979.0
00000000000000000000188a,2873,2,180.0
00000000000000000000188a,3884,2,39.9
00000000000000000000188a,1867,3,449.0
00000000000000000000188a,1539,2,3109.0
00000000000000000000188b,4152,1,93.9
00000000000000000000188b,564,3,299.0
00000000000000000000188c,2451,1,249.0
00000000000000000000188c,2825,2,2169.0
00000000000000000000188d,1552,3,1528.0
00000000000000000000188e,3229,2,39.0
00000000000000000000188f,4264,3,168.0
000000000000000000001890,3838,3,60.9
000000000000000000001891,3733,2,69.9
000000000000000000001891,144,3,1159.0
000000000000000000001892,57,2,169.99
000000000000000000001893,5036,3,93.9
000000000000000000001893,390,1,6999.0
000000000000000000001894,3094,1,660.0
000000000000000000001895,4066,1,39.9
000000000000000000001896,1198,2,199.9
000000000000000000001896,3161,3,379.0
000000000000000000001896,368,1,399.0
000000000000000000001897,2999,2,550.0
000000000000000000001898,4615,2,337.9
000000000000000000001898,3836,2,129.0
000000000000000000001898,1556,1,11000.0
000000000000000000001899,1189,1,165.0
000000000000000000001899,3448,3,1499.0
00000000000000000000189a,3756,2,79.0
00000000000000000000189a,1281,2,93.9
00000000000000000000189b,3169,2,36.0
00000000000000000000189c,3558,2,239.0
00000000000000000000189c,3008,3,690.0
00000000000000000000189c,3440,1,89.0
00000000000000000000189d,1420,2,359.0
00000000000000000000189d,3507,1,189.0
00000000000000000000189d,334,3,729.0
00000000000000000000189d,346,3,1099.0
00000000000000000000189e,3789,3,69.9
00000000000000000000189f,2463,1,309.0
00000000000000000000189f,3009,1,520.0
00000000000000000000189f,4607,2,89.0
00000000000000000000189f,4631,1,159.0
0000000000000000000018a0,5101,2,259.0
0000000000000000000018a0,3648,2,189.0
0000000000000000000018a1,5063,2,69.0
0000000000000000000018a1,2729,1,2299.0
0000000000000000000018a2,478,3,10.0
0000000000000000000018a2,1722,1,1789.0
0000000000000000000018a2,658,1,93.9
0000000000000000000018a3,1723,1,1499.0
0000000000000000000018a3,2145,1,189.0
0000000000000000000018a4,2717,2,1999.0
0000000000000000000018a5,4263,3,168.0
0000000000000000000018a5,1641,3,1969.99
0000000000000000000018a6,1576,2,1199.0
0000000000000000000018a7,4016,1,36.0
0000000000000000000018a8,3544,3,329.0
0000000000000000000018a8,4363,3,108.9
0000000000000000000018a8,4703,1,219.0
0000000000000000000018a8,4630,3,169.0
0000000000000000000018a9,864,3,1240.0
0000000000000000000018a9,141,1,1189.0
0000000000000000000018aa,841,3,2579.0
0000000000000000000018ab,3421,3,999.0
0000000000000000000018ac,809,2,799.9
0000000000000000000018ac,2145,1,189.0
0000000000000000000018ac,1037,3,1019.0
0000000000000000000018ac,1346,1,71.9
0000000000000000000018ad,1663,2,1038.0
0000000000000000000018ae,3218,2,1249.0
0000000000000000000018ae,4002,2,259.0
0000000000000000000018ae,4453,3,108.9
0000000000000000000018af,2892,1,989.0
0000000000000000000018af,4961,1,86.9
0000000000000000000018b0,3222,2,119.0
0000000000000000000018b0,1558,2,949.0
0000000000000000000018b0,2767,2,3999.0
0000000000000000000018b1,4610,1,76.0
0000000000000000000018b1,1543,2,1489.0
0000000000000000000018b1,710,2,681.9
0000000000000000000018b2,2403,2,549.0
0000000000000000000018b3,3581,2,200.0
0000000000000000000018b3,1325,1,5199.0
0000000000000000000018b3,5161,1,499.0
0000000000000000000018b4,5100,3,259.0
0000000000000000000018b5,3057,2,2299.0
0000000000000000000018b5,102,3,389.9
0000000000000000000018b6,4971,1,69.0
0000000000000000000018b6,4639,3,90.0
0000000000000000000018b7,5142,3,32.9
0000000000000000000018b7,4655,3,209.0
0000000000000000000018b7,2379,2,149.0
0000000000000000000018b8,72,1,529.0
0000000000000000000018b8,296,2,639.0
0000000000000000000018b9,3248,2,44.9
0000000000000000000018b9,1784,1,729.0
0000000000000000000018ba,4859,3,69.9
0000000000000000000018bb,4419,3,79.9
0000000000000000000018bc,3319,2,3349.0
0000000000000000000018bd,1694,3,799.0
0000000000000000000018bd,5027,2,210.0
0000000000000000000018bd,3298,3,499.0
0000000000000000000018be,4058,1,59.9
0000000000000000000018bf,4697,1,175.0
0000000000000000000018bf,3395,3,109.0
0000000000000000000018c0,4996,3,78.9
0000000000000000000018c0,3698,1,10.9
0000000000000000000018c1,1543,2,1489.0
0000000000000000000018c1,818,2,399.0
0000000000000000000018c1,2145,1,189.0
0000000000000000000018c1,4648,3,229.0
0000000000000000000018c2,3476,3,799.0
0000000000000000000018c2,1139,1,399.9
0000000000000000000018c3,392,3,849.0
0000000000000000000018c3,4705,3,55.0
0000000000000000000018c4,2474,1,25.0
0000000000000000000018c4,851,2,941.8
0000000000000000000018c4,2391,1,629.0
0000000000000000000018c5,3926,2,65.9
0000000000000000000018c5,5155,3,141.9
0000000000000000000018c6,2087,1,129.9
0000000000000000000018c6,592,2,99.0
0000000000000000000018c6,1497,2,1699.0
0000000000000000000018c7,1461,2,1549.0
0000000000000000000018c7,2338,1,329.0
0000000000000000000018c8,215,3,949.0
0000000000000000000018c9,1944,3,259.0
0000000000000000000018ca,2765,1,919.0
0000000000000000000018ca,5127,2,500.0
0000000000000000000018cb,802,3,929.0
0000000000000000000018cc,2128,1,159.0
0000000000000000000018cd,66,3,375.0
0000000000000000000018ce,2023,1,699.0
0000000000000000000018ce,2933,3,999.0
0000000000000000000018cf,3604,1,511.18
0000000000000000000018d0,3883,3,75.0
0000000000000000000018d0,14,2,529.0
0000000000000000000018d1,4509,1,49.9
0000000000000000000018d1,3775,2,79.0
0000000000000000000018d1,1476,1,1519.0
0000000000000000000018d1,3013,2,66.0
0000000000000000000018d2,61,1,358.0
0000000000000000000018d3,3406,1,4399.0
0000000000000000000018d3,2226,1,150.0
0000000000000000000018d3,3646,1,65.0
0000000000000000000018d3,2060,1,569.0
0000000000000000000018d4,2382,3,36.9
0000000000000000000018d5,1618,2,1699.0
0000000000000000000018d5,712,2,512.0
0000000000000000000018d6,2550,1,189.0
0000000000000000000018d6,4657,2,309.0
0000000000000000000018d6,963,2,199.0
0000000000000000000018d6,2022,3,359.0
0000000000000000000018d7,1698,2,799.0
0000000000000000000018d7,3285,2,1099.0
0000000000000000000018d8,1506,3,2619.0
0000000000000000000018d9,2530,3,34.5
0000000000000000000018d9,4191,2,132.3
0000000000000000000018da,2095,3,299.0
0000000000000000000018db,1813,1,639.0
0000000000000000000018db,2839,1,3399.0
0000000000000000000018dc,3549,2,529.0
0000000000000000000018dd,336,1,1114.0
0000000000000000000018de,3708,1,29.9
0000000000000000000018de,2737,2,3829.0
0000000000000000000018de,120,1,2999.0
0000000000000000000018df,2071,1,105.0
0000000000000000000018df,838,3,489.0
0000000000000000000018e0,3387,2,1999.0
0000000000000000000018e1,3328,1,499.0
0000000000000000000018e1,2143,2,169.0
0000000000000000000018e1,2567,2,999.0
0000000000000000000018e1,2334,2,189.9
0000000000000000000018e2,2505,2,320.0
0000000000000000000018e2,3194,3,54.0
0000000000000000000018e3,40,1,519.0
0000000000000000000018e3,730,1,636.0
0000000000000000000018e3,1905,1,128.0
0000000000000000000018e4,776,3,919.0
0000000000000000000018e4,3705,2,70.0
0000000000000000000018e4,10,3,529.0
0000000000000000000018e4,1401,2,399.0
0000000000000000000018e5,771,3,1799.0
0000000000000000000018e6,3407,2,109.0
0000000000000000000018e6,341,3,999.0
0000000000000000000018e6,1711,2,1049.0
0000000000000000000018e6,4463,3,129.0
0000000000000000000018e7,4111,2,15.0
0000000000000000000018e7,3756,3,79.0
0000000000000000000018e7,4640,2,95.0
0000000000000000000018e8,3134,1,29.9
0000000000000000000018e8,573,3,287.99
0000000000000000000018e8,3020,1,800.0
0000000000000000000018e8,5039,1,93.9
0000000000000000000018e9,4483,3,49.9
0000000000000000000018ea,1824,2,249.0
0000000000000000000018eb,404,1,479.0
0000000000000000000018ec,4327,2,159.0
0000000000000000000018ec,5123,3,450.0
0000000000000000000018ec,2971,1,799.0
0000000000000000000018ec,4697,3,175.0
0000000000000000000018ed,1206,1,220.0
0000000000000000000018ed,1614,1,1699.0
0000000000000000000018ee,5057,1,430.0
0000000000000000000018ee,2944,1,400.0
0000000000000000000018ef,3847,3,215.0
0000000000000000000018ef,1996,3,558.0
0000000000000000000018f0,3585,3,165.0
0000000000000000000018f1,1494,2,1629.0
0000000000000000000018f1,1067,2,279.0
0000000000000000000018f1,4860,2,93.9
0000000000000000000018f2,3765,2,99.9
0000000000000000000018f3,530,2,59.0
0000000000000000000018f4,5034,3,520.08
0000000000000000000018f4,5131,3,450.0
0000000000000000000018f4,1011,3,3222.22
0000000000000000000018f5,1708,1,799.0
0000000000000000000018f6,2373,3,713.9
0000000000000000000018f6,690,3,99.0
0000000000000000000018f7,2042,1,429.0
0000000000000000000018f7,1598,3,1299.0
0000000000000000000018f8,2784,2,528.9
0000000000000000000018f8,433,2,79.0
0000000000000000000018f9,4575,3,49.9
0000000000000000000018fa,914,3,878.0
0000000000000000000018fa,3354,2,899.0
0000000000000000000018fa,709,3,681.9
0000000000000000000018fb,477,3,54.9
0000000000000000000018fc,3505,3,490.0
0000000000000000000018fc,1906,1,849.0
0000000000000000000018fc,1088,1,85.0
0000000000000000000018fc,1971,2,1599.0
0000000000000000000018fd,1990,2,499.0
0000000000000000000018fe,1001,1,504.0
0000000000000000000018fe,2674,2,4449.0
0000000000000000000018ff,3536,1,329.0
000000000000000000001900,2278,2,339.0
000000000000000000001900,3554,3,529.0
000000000000000000001901,5078,1,169.0
000000000000000000001901,481,1,10.0
000000000000000000001902,2793,1,2399.0
000000000000000000001902,990,3,1999.0
000000000000000000001903,3146,1,16.9
000000000000000000001904,4851,3,49.0
000000000000000000001904,3254,1,999.0
000000000000000000001905,1152,2,99.9
000000000000000000001905,1986,2,278.0
000000000000000000001906,1171,2,187.27
000000000000000000001907,4545,2,49.9
000000000000000000001907,4555,3,64.0
000000000000000000001907,2250,3,169.9
000000000000000000001908,4357,2,103.9
000000000000000000001908,1881,3,70.0
000000000000000000001908,2517,2,339.0
000000000000000000001909,14,3,529.0
000000000000000000001909,5138,1,299.9
00000000000000000000190a,645,3,85.0
00000000000000000000190b,2465,2,40.0
00000000000000000000190b,1918,2,1649.9
00000000000000000000190b,172,2,1185.0
00000000000000000000190c,2685,3,6069.0
00000000000000000000190d,750,2,3300.0
00000000000000000000190d,4840,3,67.54
00000000000000000000190d,3700,3,10.9
00000000000000000000190e,852,3,509.0
00000000000000000000190f,3632,2,119.9
000000000000000000001910,3293,3,379.0
000000000000000000001911,1110,3,129.0
000000000000000000001911,254,3,2049.0
000000000000000000001912,4380,3,249.95
000000000000000000001912,3189,2,49.0
000000000000000000001913,3031,2,100.0
000000000000000000001914,1823,3,169.0
000000000000000000001915,4776,1,119.0
000000000000000000001916,2413,2,83.9
000000000000000000001916,898,3,743.0
000000000000000000001917,458,3,44.5
000000000000000000001918,3588,1,165.0
000000000000000000001919,2833,2,1099.0
000000000000000000001919,4208,3,649.9
00000000000000000000191a,3000,1,500.0
00000000000000000000191a,3741,1,100.0
00000000000000000000191b,2280,2,648.9
00000000000000000000191b,827,2,459.0
00000000000000000000191b,3510,2,349.0
00000000000000000000191c,974,1,989.0
00000000000000000000191c,1150,1,99.9
00000000000000000000191c,320,3,499.0
00000000000000000000191c,4049,3,48.0
00000000000000000000191d,3009,3,520.0
00000000000000000000191e,2778,1,3299.0
00000000000000000000191f,4976,3,55.0
000000000000000000001920,4129,3,59.5
000000000000000000001920,3532,3,329.0
000000000000000000001921,1673,1,1449.0
000000000000000000001921,2296,3,159.0
000000000000000000001921,1189,3,165.0
000000000000000000001922,1015,3,1059.0
000000000000000000001923,1780,3,899.0
000000000000000000001923,79,1,409.0
000000000000000000001924,2534,3,26.9
000000000000000000001925,2491,1,229.0
000000000000000000001926,3688,1,659.0
000000000000000000001926,4492,3,55.9
000000000000000000001926,4002,3,259.0
000000000000000000001927,3777,3,55.9
000000000000000000001928,558,3,169.0
000000000000000000001928,4874,1,59.9
000000000000000000001929,4431,2,135.92
000000000000000000001929,1538,1,906.0
00000000000000000000192a,3186,1,44.9
00000000000000000000192a,3647,2,295.0
00000000000000000000192a,3892,3,79.9
00000000000000000000192b,1474,1,1480.0
00000000000000000000192b,3152,2,149.0
00000000000000000000192b,5102,2,259.0
00000000000000000000192c,721,1,1300.0
00000000000000000000192c,2170,3,60.5
00000000000000000000192d,3870,1,102.9
00000000000000000000192d,291,3,919.0
00000000000000000000192d,2963,2,999.0
00000000000000000000192e,4377,1,112.9
00000000000000000000192f,3158,3,171.6
00000000000000000000192f,3621,3,19.9
000000000000000000001930,4727,1,99.0
000000000000000000001931,1379,1,1799.0
000000000000000000001932,1736,3,939.0
000000000000000000001932,4523,3,49.9
000000000000000000001932,1430,1,3100.0
000000000000000000001933,4366,2,134.91
000000000000000000001934,1516,2,2449.0
000000000000000000001934,1767,1,899.0
000000000000000000001934,3364,1,809.0
000000000000000000001934,1332,1,369.0
000000000000000000001935,2539,2,199.0
000000000000000000001935,3251,1,210.0
000000000000000000001935,4097,1,29.99
000000000000000000001936,4865,3,65.0
000000000000000000001936,2637,2,1889.0
000000000000000000001936,2425,3,509.0
000000000000000000001937,3869,3,19.9
000000000000000000001938,4104,2,107.0
000000000000000000001938,2285,2,599.0
000000000000000000001939,325,1,599.0
00000000000000000000193a,3260,1,119.9
00000000000000000000193b,4315,1,135.0
00000000000000000000193c,197,1,3609.0
00000000000000000000193d,3132,2,79.9
00000000000000000000193d,1952,3,259.0
00000000000000000000193d,339,2,1899.0
00000000000000000000193e,931,2,609.0
00000000000000000000193f,180,2,1699.0
000000000000000000001940,237,1,3899.0
000000000000000000001940,3739,3,79.0
000000000000000000001940,1514,1,2498.9
000000000000000000001941,1154,1,2389.9
000000000000000000001942,3899,2,178.0
000000000000000000001942,5009,2,139.9
000000000000000000001943,2405,3,369.0
000000000000000000001944,4509,2,49.9
000000000000000000001944,289,2,959.0
000000000000000000001945,4339,3,559.9
000000000000000000001945,2776,2,3299.0
000000000000000000001945,3597,2,59.9
000000000000000000001946,1127,2,304.9
000000000000000000001947,5054,1,159.0
000000000000000000001947,4584,2,54.9
000000000000000000001947,2976,2,1859.0
000000000000000000001948,709,3,681.9
000000000000000000001949,4586,2,59.9
00000000000000000000194a,4786,1,976.35
00000000000000000000194a,3652,1,28.9
00000000000000000000194a,634,1,155.0
00000000000000000000194b,4658,1,149.0
00000000000000000000194b,3426,2,1099.0
00000000000000000000194c,2317,1,329.0
00000000000000000000194c,1432,2,2399.0
00000000000000000000194d,2426,1,489.0
00000000000000000000194d,3305,1,1399.0
00000000000000000000194e,4353,3,129.9
00000000000000000000194f,522,2,79.0
000000000000000000001950,5045,3,349.0
000000000000000000001951,3500,1,1799.0
000000000000000000001951,2580,3,195.0
000000000000000000001952,2867,1,799.0
000000000000000000001952,4643,3,69.9
000000000000000000001953,1352,1,84.9
000000000000000000001954,3065,2,800.0
000000000000000000001954,2744,3,3199.0
000000000000000000001954,1264,2,119.99
000000000000000000001954,4925,3,139.0
000000000000000000001955,4449,1,119.9
000000000000000000001956,677,3,139.0
000000000000000000001956,1756,1,470.0
000000000000000000001956,662,1,109.0
000000000000000000001957,4372,2,103.9
000000000000000000001958,3981,1,58.9
000000000000000000001959,4968,1,59.9
00000000000000000000195a,1975,2,249.0
00000000000000000000195a,3407,3,109.0
00000000000000000000195b,4203,3,239.2
00000000000000000000195c,4732,2,121.9
00000000000000000000195d,877,3,429.0
00000000000000000000195e,4999,3,89.0
00000000000000000000195f,3110,1,39.9
00000000000000000000195f,3271,3,1119.0
000000000000000000001960,3488,2,2599.0
000000000000000000001961,4836,2,599.0
000000000000000000001961,4534,2,49.9
000000000000000000001961,4094,2,49.9
000000000000000000001961,1454,2,236.9
000000000000000000001962,1146,3,99.9
000000000000000000001962,352,1,1399.0
000000000000000000001963,755,1,719.0
000000000000000000001963,656,1,69.9
000000000000000000001964,4160,2,199.0
000000000000000000001964,2900,3,9999.9
000000000000000000001964,642,2,319.0
000000000000000000001964,1723,1,1499.0
000000000000000000001965,1884,2,199.0
000000000000000000001966,3046,3,349.9
000000000000000000001966,634,1,155.0
000000000000000000001967,1982,2,259.0
000000000000000000001968,3832,2,85.0
000000000000000000001969,507,1,103.9
00000000000000000000196a,1989,2,245.0
00000000000000000000196a,3659,1,29.9
00000000000000000000196a,3561,1,169.0
00000000000000000000196b,2275,3,197.0
00000000000000000000196b,2796,3,3239.0
00000000000000000000196c,655,3,159.0
00000000000000000000196c,1223,3,105.5
00000000000000000000196c,2915,3,999.0
00000000000000000000196c,2996,3,520.0
00000000000000000000196d,979,1,798.0
00000000000000000000196d,2190,1,55.9
00000000000000000000196e,480,2,12.0
00000000000000000000196e,3746,3,22.9
00000000000000000000196f,2459,2,60.0
00000000000000000000196f,2078,3,36.9
00000000000000000000196f,2815,2,4149.0
000000000000000000001970,903,2,769.0
000000000000000000001971,1728,1,1389.0
000000000000000000001971,960,2,199.0
000000000000000000001971,340,1,1298.0
000000000000000000001972,4685,3,149.0
000000000000000000001972,2292,2,159.0
000000000000000000001972,3502,2,1799.0
000000000000000000001973,2837,3,3399.0
000000000000000000001974,1536,3,1699.0
000000000000000000001975,4964,2,41.9
000000000000000000001975,1267,2,50.9
000000000000000000001976,1331,1,2719.0
000000000000000000001976,4230,2,29.52
000000000000000000001976,4484,1,49.9
000000000000000000001977,4044,2,80.0
000000000000000000001977,343,3,1099.0
000000000000000000001978,5167,2,44.01
000000000000000000001978,959,3,1299.0
000000000000000000001978,4614,3,337.9
000000000000000000001979,1176,1,92.95
00000000000000000000197a,4168,3,299.9
00000000000000000000197a,3864,1,19.9
00000000000000000000197a,44,1,385.0
00000000000000000000197b,1076,3,2448.0
00000000000000000000197c,404,3,479.0
00000000000000000000197d,955,2,1499.0
00000000000000000000197d,128,2,2529.0
00000000000000000000197d,755,3,719.0
00000000000000000000197e,817,2,399.0
00000000000000000000197e,998,1,2699.0
00000000000000000000197f,4219,3,209.3
00000000000000000000197f,4349,3,84.95
00000000000000000000197f,5158,2,94.99
000000000000000000001980,1613,1,1599.0
000000000000000000001980,993,2,838.0
000000000000000000001980,3480,1,1199.0
000000000000000000001980,163,1,1349.0
000000000000000000001981,1633,1,1299.0
000000000000000000001981,1038,3,639.0
000000000000000000001981,3794,3,84.0
000000000000000000001982,3502,2,1799.0
000000000000000000001982,4985,3,299.0
000000000000000000001983,3825,3,189.0
000000000000000000001983,3249,3,68.9
000000000000000000001984,4138,2,139.0
000000000000000000001985,899,2,1699.0
000000000000000000001985,1735,1,1049.0
000000000000000000001985,3634,2,29.9
000000000000000000001986,1461,1,1549.0
000000000000000000001987,1829,2,739.0
000000000000000000001987,3940,1,79.9
000000000000000000001988,364,1,449.0
000000000000000000001989,3454,1,499.0
000000000000000000001989,3581,1,200.0
00000000000000000000198a,1005,2,909.0
00000000000000000000198a,4340,1,299.95
00000000000000000000198b,5125,2,380.0
00000000000000000000198b,1689,3,899.0
00000000000000000000198c,3186,3,44.9
00000000000000000000198c,1846,2,1159.0
00000000000000000000198c,707,3,1099.0
00000000000000000000198c,2622,2,1099.0
00000000000000000000198d,2773,2,570.0
00000000000000000000198e,1830,2,739.0
00000000000000000000198e,4519,1,49.9
00000000000000000000198e,1113,3,2799.0
00000000000000000000198e,1578,3,1199.0
00000000000000000000198f,1623,3,789.0
000000000000000000001990,4499,3,39.0
000000000000000000001990,2529,1,165.0
000000000000000000001990,1450,1,299.9
000000000000000000001991,3850,2,196.0
000000000000000000001992,3459,2,529.0
000000000000000000001993,1507,3,2598.0
000000000000000000001993,3875,1,123.99
000000000000000000001994,3937,2,59.9
000000000000000000001995,5032,2,189.9
000000000000000000001995,3,3,449.0
000000000000000000001996,2945,2,979.0
000000000000000000001997,4729,1,624.0
000000000000000000001998,2493,2,599.99
000000000000000000001998,1798,3,779.0
000000000000000000001999,3092,3,549.0
000000000000000000001999,1624,1,749.0
000000000000000000001999,925,3,750.0
000000000000000000001999,2146,3,139.0
00000000000000000000199a,3891,2,59.9
00000000000000000000199b,4846,2,599.0
00000000000000000000199b,3130,3,129.0
00000000000000000000199c,4698,2,146.9
00000000000000000000199c,1255,3,89.9
00000000000000000000199c,2772,1,3999.0
00000000000000000000199d,4521,2,49.9
00000000000000000000199e,5056,3,420.0
00000000000000000000199e,794,3,799.0
00000000000000000000199e,322,2,469.0
00000000000000000000199f,700,3,699.0
0000000000000000000019a0,3625,1,240.0
0000000000000000000019a0,4146,2,30.5
0000000000000000000019a0,1718,3,1599.0
0000000000000000000019a0,2364,3,289.0
0000000000000000000019a1,4563,1,63.48
0000000000000000000019a2,769,1,2455.0
0000000000000000000019a2,977,1,799.0
0000000000000000000019a3,3578,2,100.0
0000000000000000000019a3,542,2,30.0
0000000000000000000019a3,4081,2,42.9
0000000000000000000019a4,4330,1,98.9
0000000000000000000019a4,48,1,459.0
0000000000000000000019a5,1381,3,509.0
0000000000000000000019a6,653,1,219.0
0000000000000000000019a6,768,1,2299.9
0000000000000000000019a6,2026,2,89.9
0000000000000000000019a6,4676,3,199.0
0000000000000000000019a7,4031,1,23.9
0000000000000000000019a8,2641,3,1409.0
0000000000000000000019a8,3092,3,549.0
0000000000000000000019a8,619,2,148.9
0000000000000000000019a8,4242,2,139.0
0000000000000000000019a9,1607,2,1499.0
0000000000000000000019a9,1691,3,1049.0
0000000000000000000019a9,3254,2,999.0
0000000000000000000019aa,4222,2,299.0
0000000000000000000019ab,4186,3,279.0
0000000000000000000019ab,1837,1,999.0
0000000000000000000019ab,1826,3,249.0
0000000000000000000019ac,4757,3,135.0
0000000000000000000019ac,3102,1,53.0
0000000000000000000019ad,4703,3,219.0
0000000000000000000019ae,4116,3,86.5
0000000000000000000019ae,3477,2,84.0
0000000000000000000019af,3041,2,339.0
0000000000000000000019af,4892,3,106.0
0000000000000000000019af,3686,2,10.9
0000000000000000000019b0,5134,3,209.9
0000000000000000000019b1,1575,2,1089.0
0000000000000000000019b1,2034,1,369.0
0000000000000000000019b2,765,2,2189.0
0000000000000000000019b2,1440,3,530.0
0000000000000000000019b2,3556,3,2499.0
0000000000000000000019b3,4462,2,79.9
0000000000000000000019b3,3016,2,36.0
0000000000000000000019b4,1722,1,1789.0
0000000000000000000019b4,1109,1,599.0
0000000000000000000019b4,547,3,45.0
0000000000000000000019b4,2037,2,148.9
0000000000000000000019b5,4161,1,159.9
0000000000000000000019b5,4304,3,129.9
0000000000000000000019b5,124,3,4200.0
0000000000000000000019b6,4096,1,39.99
0000000000000000000019b6,3264,1,519.0
0000000000000000000019b6,5067,3,390.0
0000000000000000000019b7,4769,3,131.9
0000000000000000000019b7,561,3,229.0
0000000000000000000019b8,681,3,249.0
0000000000000000000019b8,2833,2,1099.0
0000000000000000000019b9,2542,3,199.0
0000000000000000000019b9,3721,3,69.95
0000000000000000000019b9,26,2,459.0
0000000000000000000019ba,1298,3,80.0
0000000000000000000019ba,2402,3,699.0
0000000000000000000019ba,4995,2,19.9
0000000000000000000019bb,386,3,7999.0
0000000000000000000019bc,1463,3,1549.0
0000000000000000000019bc,2180,2,55.1
0000000000000000000019bc,89,1,409.0
0000000000000000000019bc,4141,3,35.0
0000000000000000000019bd,828,2,799.0
0000000000000000000019be,5077,3,169.0
0000000000000000000019be,628,2,209.9
0000000000000000000019bf,4689,3,50.0
0000000000000000000019bf,4904,1,45.0
0000000000000000000019bf,1301,2,289.0
0000000000000000000019c0,184,1,1739.0
0000000000000000000019c0,1228,1,159.0
0000000000000000000019c0,1413,3,199.0
0000000000000000000019c0,646,3,150.0
0000000000000000000019c1,737,2,659.0
0000000000000000000019c2,2285,2,599.0
0000000000000000000019c2,3340,2,3359.0
0000000000000000000019c2,2830,1,2799.0
0000000000000000000019c2,2984,1,1299.0
0000000000000000000019c3,615,2,209.0
0000000000000000000019c4,3365,2,589.0
0000000000000000000019c5,2521,2,1599.0
0000000000000000000019c5,4170,2,329.0
0000000000000000000019c6,2598,3,5499.0
0000000000000000000019c7,2128,2,159.0
0000000000000000000019c8,5123,3,450.0
0000000000000000000019c8,3932,3,199.0
0000000000000000000019c8,3977,1,309.0
0000000000000000000019c9,2257,3,609.9
0000000000000000000019ca,201,3,3259.0
0000000000000000000019cb,2272,1,139.0
0000000000000000000019cb,322,3,469.0
0000000000000000000019cb,3102,1,53.0
0000000000000000000019cc,1675,1,699.0
0000000000000000000019cd,1417,2,399.0
0000000000000000000019ce,2174,3,55.1
0000000000000000000019ce,3868,1,19.9
0000000000000000000019ce,212,3,1700.0
0000000000000000000019ce,4998,1,19.9
0000000000000000000019cf,1731,3,1889.0
0000000000000000000019cf,1959,1,499.0
0000000000000000000019cf,4642,2,289.0
0000000000000000000019cf,1241,1,149.9
0000000000000000000019d0,4011,1,25.9
0000000000000000000019d0,981,3,690.9
0000000000000000000019d1,1147,1,99.9
0000000000000000000019d1,4185,1,129.9
0000000000000000000019d1,1736,2,939.0
0000000000000000000019d2,5101,1,259.0
0000000000000000000019d3,3277,3,1.0
0000000000000000000019d3,1003,3,650.0
0000000000000000000019d4,1153,3,447.0
0000000000000000000019d5,2040,2,428.0
0000000000000000000019d5,1717,1,1599.0
0000000000000000000019d6,4452,3,103.9
0000000000000000000019d6,3772,2,158.0
0000000000000000000019d6,1125,2,369.9
0000000000000000000019d7,849,2,1199.0
0000000000000000000019d7,2183,3,30.7
0000000000000000000019d8,4997,1,39.9
0000000000000000000019d8,4410,1,49.9
0000000000000000000019d9,793,2,599.99
0000000000000000000019da,2334,1,189.9
0000000000000000000019da,3598,1,85.9
0000000000000000000019db,3546,1,529.0
0000000000000000000019dc,644,2,79.0
0000000000000000000019dc,1299,2,320.0
0000000000000000000019dd,4436,2,89.9
0000000000000000000019dd,2295,3,154.9
0000000000000000000019dd,3907,1,45.0
0000000000000000000019de,1760,2,39.9
0000000000000000000019de,2238,1,243.9
0000000000000000000019df,2636,1,2699.0
0000000000000000000019e0,2201,3,226.0
0000000000000000000019e1,4811,2,78.9
0000000000000000000019e1,3024,1,729.9
0000000000000000000019e2,2162,2,70.4
0000000000000000000019e3,227,2,3599.0
0000000000000000000019e3,3506,1,39.9
0000000000000000000019e4,1534,3,1469.0
0000000000000000000019e4,216,2,949.0
0000000000000000000019e4,2464,2,389.0
0000000000000000000019e4,1599,1,1199.0
0000000000000000000019e5,4244,2,287.2
0000000000000000000019e6,1948,3,259.0
0000000000000000000019e6,48,1,459.0
0000000000000000000019e6,2644,3,2499.0
0000000000000000000019e6,3482,1,1199.0
0000000000000000000019e7,3883,3,75.0
0000000000000000000019e8,295,3,419.0
0000000000000000000019e9,4861,1,219.48
0000000000000000000019e9,2243,1,257.0
0000000000000000000019ea,1285,2,109.9
0000000000000000000019eb,2582,1,195.0
0000000000000000000019ec,4600,2,13.9
0000000000000000000019ec,1116,2,599799.0
0000000000000000000019ed,5017,3,109.9
0000000000000000000019ee,279,1,899.0
0000000000000000000019ee,1901,1,119.0
0000000000000000000019ef,264,1,2499.0
0000000000000000000019ef,103,2,429.0
0000000000000000000019f0,3112,3,89.9
0000000000000000000019f1,4605,3,85.0
0000000000000000000019f1,4797,1,539.0
0000000000000000000019f1,3025,3,1200.0
0000000000000000000019f2,1150,2,99.9
0000000000000000000019f2,4180,1,159.0
0000000000000000000019f2,3414,1,129.0
0000000000000000000019f3,898,2,743.0
0000000000000000000019f3,843,1,449.9
0000000000000000000019f4,4103,3,43.99
0000000000000000000019f5,1196,3,169.9
0000000000000000000019f5,2590,2,2361.0
0000000000000000000019f5,4934,3,55.0
0000000000000000000019f6,4624,3,394.9
0000000000000000000019f6,3618,3,299.0
0000000000000000000019f7,4645,3,199.0
0000000000000000000019f7,2784,2,528.9
0000000000000000000019f7,5087,2,650.0
0000000000000000000019f8,3832,1,85.0
0000000000000000000019f9,1546,1,1489.0
0000000000000000000019fa,3852,1,32.9
0000000000000000000019fb,4367,3,200.0
0000000000000000000019fc,903,3,769.0
0000000000000000000019fc,2229,2,209.0
0000000000000000000019fc,1813,1,639.0
0000000000000000000019fd,4276,3,250.0
0000000000000000000019fe,3166,3,120.0
0000000000000000000019fe,2665,3,1449.0
0000000000000000000019ff,4496,2,59.0
0000000000000000000019ff,983,1,1599.0
000000000000000000001a00,6,1,449.9
000000000000000000001a00,761,1,2189.0
000000000000000000001a00,4644,1,49.9
000000000000000000001a00,4480,1,44.95
000000000000000000001a01,1927,2,299.0
000000000000000000001a01,1302,2,319.0
000000000000000000001a01,3150,3,299.0
000000000000000000001a02,4105,3,44.9
000000000000000000001a02,988,3,359.0
000000000000000000001a03,3688,3,659.0
000000000000000000001a04,335,2,979.0
000000000000000000001a04,1750,2,1239.0
000000000000000000001a05,2324,3,109.9
000000000000000000001a06,48,2,459.0
000000000000000000001a07,1770,1,899.0
000000000000000000001a07,1542,1,1489.0
000000000000000000001a08,2360,3,399.0
000000000000000000001a08,141,1,1189.0
000000000000000000001a08,1947,2,259.0
000000000000000000001a09,3528,2,329.0
000000000000000000001a0a,857,2,1370.0
000000000000000000001a0b,209,2,2890.0
000000000000000000001a0b,4427,2,49.9
000000000000000000001a0c,4367,3,200.0
000000000000000000001a0c,1604,1,1689.0
000000000000000000001a0d,2722,2,1649.0
000000000000000000001a0e,869,3,639.0
000000000000000000001a0e,1211,3,2159.0
000000000000000000001a0e,3362,3,379.0
000000000000000000001a0e,4237,1,144.0
000000000000000000001a0f,5138,1,299.9
000000000000000000001a0f,1953,1,259.0
000000000000000000001a0f,1441,3,540.0
000000000000000000001a10,4303,2,129.9
000000000000000000001a10,989,3,959.0
000000000000000000001a11,4351,3,139.9
000000000000000000001a12,3604,2,511.18
000000000000000000001a13,4120,2,73.9
000000000000000000001a14,1139,2,399.9
000000000000000000001a15,2103,2,69.0
000000000000000000001a16,2891,3,989.0
000000000000000000001a16,719,2,779.0
000000000000000000001a17,547,1,45.0
000000000000000000001a17,2168,2,59.1
000000000000000000001a17,230,2,5890.0
000000000000000000001a17,4813,3,529.0
000000000000000000001a18,898,2,743.0
000000000000000000001a19,1779,2,899.0
000000000000000000001a19,4769,2,131.9
000000000000000000001a19,395,2,479.0
000000000000000000001a1a,1489,1,1789.0
000000000000000000001a1a,116,1,1189.0
000000000000000000001a1b,3313,3,299.0
000000000000000000001a1b,2844,1,3599.0
000000000000000000001a1c,3586,2,165.0
000000000000000000001a1c,4512,1,49.9
000000000000000000001a1c,1916,2,999.0
000000000000000000001a1d,844,3,949.0
000000000000000000001a1e,1691,3,1049.0
000000000000000000001a1e,4975,1,29.9
000000000000000000001a1f,3666,2,135.0
000000000000000000001a1f,1421,3,949.0
000000000000000000001a1f,3414,1,129.0
000000000000000000001a1f,2813,1,4409.0
000000000000000000001a20,2130,2,209.0
000000000000000000001a20,1119,1,314.9
000000000000000000001a21,1657,3,1198.0
000000000000000000001a22,2657,3,1499.0
000000000000000000001a23,2531,2,199.0
000000000000000000001a23,140,1,2659.0
000000000000000000001a24,928,1,663.9
000000000000000000001a25,1456,2,1650.0
000000000000000000001a25,4552,1,99.9
000000000000000000001a25,3775,3,79.0
000000000000000000001a26,2357,3,50.9
000000000000000000001a27,2981,2,349.9
000000000000000000001a27,4268,1,119.0
000000000000000000001a28,1087,1,70.0
000000000000000000001a29,26,1,459.0
000000000000000000001a2a,2154,3,40.4
000000000000000000001a2b,851,3,941.8
000000000000000000001a2c,639,2,140.0
000000000000000000001a2d,2801,2,2999.0
000000000000000000001a2d,5157,3,265.0
000000000000000000001a2d,2996,2,520.0
000000000000000000001a2d,3879,3,48.5
000000000000000000001a2e,846,2,685.56
000000000000000000001a2e,840,1,2889.0
000000000000000000001a2f,3929,1,139.99
000000000000000000001a2f,2199,3,290.0
000000000000000000001a30,48,1,459.0
000000000000000000001a31,3688,1,659.0
000000000000000000001a32,1578,1,1199.0
000000000000000000001a32,2914,3,999.0
000000000000000000001a33,2595,1,4398.0
000000000000000000001a34,5043,3,399.0
000000000000000000001a34,4739,1,65.0
000000000000000000001a34,1740,2,1399.99
000000000000000000001a35,956,2,1799.0
000000000000000000001a35,766,3,2189.0
000000000000000000001a36,940,3,1060.0
000000000000000000001a36,253,2,1999.0
000000000000000000001a37,2789,2,2399.0
000000000000000000001a38,1641,3,1969.99
000000000000000000001a39,4337,1,749.9
000000000000000000001a3a,1757,1,74.9
000000000000000000001a3b,3353,3,579.0
000000000000000000001a3b,4904,3,45.0
000000000000000000001a3c,4685,2,149.0
000000000000000000001a3d,1934,1,299.99
000000000000000000001a3e,2144,3,139.0
000000000000000000001a3f,4173,3,299.0
000000000000000000001a3f,2174,2,55.1
000000000000000000001a40,2184,3,2090.0
000000000000000000001a41,2475,3,30.0
000000000000000000001a41,4390,2,129.9
000000000000000000001a41,2489,3,167.55
000000000000000000001a42,2692,1,5198.0
000000000000000000001a43,4804,1,93.9
000000000000000000001a44,4746,1,529.0
000000000000000000001a45,3249,1,68.9
000000000000000000001a45,945,3,799.0
000000000000000000001a45,1084,3,65.9
000000000000000000001a46,4679,2,168.0
000000000000000000001a46,916,1,858.0
000000000000000000001a46,1704,1,819.0
000000000000000000001a47,5081,3,280.0
000000000000000000001a48,4582,2,58.0
000000000000000000001a49,4911,3,39.9
000000000000000000001a49,715,3,799.0
000000000000000000001a4a,4624,3,394.9
000000000000000000001a4a,687,2,1129.0
000000000000000000001a4a,4179,1,899.0
000000000000000000001a4a,1727,2,1249.0
000000000000000000001a4b,2976,1,1859.0
000000000000000000001a4c,1091,2,1089.9
000000000000000000001a4d,3846,3,25.9
000000000000000000001a4e,4141,1,35.0
000000000000000000001a4f,2875,3,729.0
000000000000000000001a4f,683,3,160.9
000000000000000000001a4f,2200,2,289.0
000000000000000000001a50,1741,1,1349.9
000000000000000000001a51,1166,1,140.68
000000000000000000001a52,4119,3,111.9
000000000000000000001a52,2433,1,29.9
000000000000000000001a53,2008,3,429.9
000000000000000000001a53,459,3,174.9
000000000000000000001a53,4536,3,49.9
000000000000000000001a54,1519,3,230.0
000000000000000000001a54,1242,1,93.9
000000000000000000001a55,3496,2,1799.0
000000000000000000001a55,3339,1,2759.0
000000000000000000001a55,4851,3,49.0
000000000000000000001a56,3098,2,1390.0
000000000000000000001a56,3349,2,789.0
000000000000000000001a57,3940,3,79.9
000000000000000000001a57,3996,2,25.9
000000000000000000001a57,1814,3,1119.0
000000000000000000001a57,2685,3,6069.0
000000000000000000001a58,945,1,799.0
000000000000000000001a58,1157,1,8631.18
000000000000000000001a59,2069,3,120.0
000000000000000000001a5a,3810,2,49.9
000000000000000000001a5a,505,2,87.99
000000000000000000001a5b,708,2,269.0
000000000000000000001a5c,2708,2,1999.9
000000000000000000001a5c,4046,2,269.0
000000000000000000001a5c,1480,2,1789.0
000000000000000000001a5c,155,1,1049.0
000000000000000000001a5d,2882,1,699.0
000000000000000000001a5d,2599,2,3899.0
000000000000000000001a5d,7,3,56.9
000000000000000000001a5e,3210,1,9.99
000000000000000000001a5e,441,1,25.5
000000000000000000001a5e,3790,3,50.9
000000000000000000001a5f,4359,3,103.9
000000000000000000001a60,4329,1,101.99
000000000000000000001a60,120,1,2999.0
000000000000000000001a61,2336,3,289.0
000000000000000000001a61,2553,1,49.9
000000000000000000001a62,2086,1,179.0
000000000000000000001a63,1327,2,4299.0
000000000000000000001a64,2864,3,899.0
000000000000000000001a64,434,3,79.0
000000000000000000001a64,1501,2,1799.0
000000000000000000001a65,1858,2,459.0
000000000000000000001a65,4933,2,29.9
000000000000000000001a66,4799,2,359.0
000000000000000000001a66,822,3,654.44
000000000000000000001a67,3663,2,24.9
000000000000000000001a67,4283,3,83.4
000000000000000000001a68,4197,3,159.2
000000000000000000001a69,3282,3,1.0
000000000000000000001a6a,4771,3,69.0
000000000000000000001a6a,278,1,898.0
000000000000000000001a6b,3308,1,1379.0
000000000000000000001a6b,1931,1,247.0
000000000000000000001a6c,4886,2,408.0
000000000000000000001a6c,820,1,1049.0
000000000000000000001a6d,4107,2,49.99
000000000000000000001a6d,2474,2,25.0
000000000000000000001a6d,1136,2,129.9
000000000000000000001a6e,3643,2,170.0
000000000000000000001a6f,3434,3,1099.0
000000000000000000001a6f,1688,2,599.0
000000000000000000001a70,3317,3,1849.0
000000000000000000001a71,4049,1,48.0
000000000000000000001a72,2032,2,179.99
000000000000000000001a73,671,1,449.0
000000000000000000001a74,961,2,199.0
000000000000000000001a75,1059,1,588.9
000000000000000000001a76,4589,1,54.9
000000000000000000001a77,2246,1,279.0
000000000000000000001a77,1061,1,919.0
000000000000000000001a77,1547,3,9990.0
000000000000000000001a77,4102,1,54.99
000000000000000000001a78,3915,3,32.99
000000000000000000001a79,3780,3,89.0
000000000000000000001a79,4239,2,139.0
000000000000000000001a7a,2249,1,169.9
000000000000000000001a7b,886,3,1449.0
000000000000000000001a7c,5127,1,500.0
000000000000000000001a7c,1079,2,290.0
000000000000000000001a7d,1930,3,339.0
000000000000000000001a7d,952,2,839.0
000000000000000000001a7d,4287,1,79.0
000000000000000000001a7e,2479,1,35.0
000000000000000000001a7e,2267,3,209.9
000000000000000000001a7e,2871,2,250.0
000000000000000000001a7f,167,3,1159.0
000000000000000000001a7f,1648,3,1149.0
000000000000000000001a80,1134,3,89.9
000000000000000000001a81,3440,3,89.0
000000000000000000001a81,1081,2,154.9
000000000000000000001a82,2403,2,549.0
000000000000000000001a83,4019,3,23.9
000000000000000000001a84,4423,1,59.9
000000000000000000001a85,1412,3,169.0
000000000000000000001a86,2197,2,300.0
000000000000000000001a87,1393,1,649.0
000000000000000000001a88,2624,3,2700.0
000000000000000000001a89,4055,1,59.9
000000000000000000001a8a,4226,3,78.9
000000000000000000001a8a,1756,3,470.0
000000000000000000001a8a,4557,3,52.9
000000000000000000001a8b,1367,3,209.0
000000000000000000001a8c,2467,2,309.9
000000000000000000001a8c,3482,1,1199.0
000000000000000000001a8d,4170,1,329.0
000000000000000000001a8d,3277,1,1.0
000000000000000000001a8d,1613,1,1599.0
000000000000000000001a8e,1463,2,1549.0
000000000000000000001a8e,661,3,199.0
000000000000000000001a8e,2130,2,209.0
000000000000000000001a8f,421,2,27.5
000000000000000000001a90,2083,3,169.0
000000000000000000001a90,1355,2,89.9
000000000000000000001a90,1435,3,7909.0
000000000000000000001a91,2988,3,2709.0
000000000000000000001a92,1189,2,165.0
000000000000000000001a92,413,3,2319.0
000000000000000000001a92,428,1,122.9
000000000000000000001a93,3562,2,52.0
000000000000000000001a93,3128,2,280.0
000000000000000000001a94,2599,1,3899.0
000000000000000000001a94,3833,2,235.5
000000000000000000001a94,1920,1,420.0
000000000000000000001a94,1854,3,1099.0
000000000000000000001a95,4376,3,114.99
000000000000000000001a96,459,3,174.9
000000000000000000001a96,2675,3,4449.0
000000000000000000001a96,3579,2,100.0
000000000000000000001a97,4297,1,89.9
000000000000000000001a97,982,3,950.0
000000000000000000001a98,4432,1,499.9
000000000000000000001a99,1089,2,120.0
000000000000000000001a9a,3659,1,29.9
000000000000000000001a9a,1239,2,249.9
000000000000000000001a9a,446,3,1799.0
000000000000000000001a9b,2705,2,2699.0
000000000000000000001a9c,917,1,820.0
000000000000000000001a9d,4955,3,85.0
000000000000000000001a9e,3266,3,325.0
000000000000000000001a9e,4000,3,25.9
000000000000000000001a9e,5144,3,4899.0
000000000000000000001a9e,4028,3,23.9
000000000000000000001a9f,4716,1,36.0
000000000000000000001a9f,1111,3,473.9
000000000000000000001a9f,1795,1,129.9
000000000000000000001a9f,16,1,375.0
000000000000000000001aa0,2564,3,49.0
000000000000000000001aa0,150,3,1149.0
000000000000000000001aa0,1606,1,1089.0
000000000000000000001aa1,3025,2,1200.0
000000000000000000001aa2,4680,2,49.9
000000000000000000001aa3,5136,3,199.0
000000000000000000001aa3,4469,3,79.0
000000000000000000001aa3,888,2,489.0
000000000000000000001aa4,1454,3,236.9
000000000000000000001aa5,1174,1,99.77
000000000000000000001aa5,4276,3,250.0
000000000000000000001aa6,320,2,499.0
000000000000000000001aa7,1610,1,899.0
000000000000000000001aa7,331,3,879.0
000000000000000000001aa8,4468,1,130.0
000000000000000000001aa8,3219,2,129.0
000000000000000000001aa8,3930,3,79.0
000000000000000000001aa9,2101,3,85.9
000000000000000000001aa9,2233,1,257.0
000000000000000000001aa9,2246,1,279.0
000000000000000000001aaa,3608,2,40.0
000000000000000000001aaa,1436,2,309.0
000000000000000000001aab,4305,2,101.94
000000000000000000001aab,4050,3,96.0
000000000000000000001aab,1111,2,473.9
000000000000000000001aac,1473,1,1690.0
000000000000000000001aac,3972,3,189.0
000000000000000000001aac,3051,2,1199.0
000000000000000000001aac,1297,1,120.9
000000000000000000001aad,988,3,359.0
000000000000000000001aae,1916,2,999.0
000000000000000000001aae,4442,2,399.9
000000000000000000001aae,1300,2,273.9
000000000000000000001aae,3424,3,849.0
000000000000000000001aaf,2254,1,159.0
000000000000000000001aaf,3338,2,2399.0
000000000000000000001ab0,3608,1,40.0
000000000000000000001ab0,2347,3,139.0
000000000000000000001ab1,5126,1,690.0
000000000000000000001ab1,4879,2,50.0
000000000000000000001ab1,4129,3,59.5
000000000000000000001ab1,4012,2,70.0
000000000000000000001ab2,4076,1,169.9
000000000000000000001ab2,3935,2,59.9
000000000000000000001ab3,4455,1,195.0
000000000000000000001ab4,958,1,1549.0
000000000000000000001ab4,4247,3,98.0
000000000000000000001ab5,391,1,849.0
000000000000000000001ab5,1703,1,799.0
000000000000000000001ab6,1230,1,219.0
000000000000000000001ab7,2868,3,799.0
000000000000000000001ab8,4050,1,96.0
000000000000000000001ab8,4913,2,36.9
000000000000000000001ab9,622,2,189.0
000000000000000000001ab9,3733,2,69.9
000000000000000000001ab9,2555,3,74.9
000000000000000000001ab9,195,2,2649.0
000000000000000000001aba,3080,2,679.0
000000000000000000001aba,989,2,959.0
000000000000000000001aba,1792,3,1169.0
000000000000000000001abb,4595,1,54.9
000000000000000000001abc,4462,3,79.9
000000000000000000001abc,4034,1,23.9
000000000000000000001abc,4242,3,139.0
000000000000000000001abc,4045,1,49.0
000000000000000000001abd,3325,1,1579.0
000000000000000000001abd,1780,2,899.0
000000000000000000001abd,2590,2,2361.0
000000000000000000001abd,4550,2,109.9
000000000000000000001abe,2660,3,1499.0
000000000000000000001abf,4158,1,53.55
000000000000000000001abf,2361,2,60.0
000000000000000000001abf,2381,3,180.0
000000000000000000001ac0,814,1,459.0
000000000000000000001ac1,382,3,3449.0
000000000000000000001ac2,3945,3,311.0
000000000000000000001ac3,214,1,949.0
000000000000000000001ac3,1579,2,1028.0
000000000000000000001ac4,3896,2,105.9
000000000000000000001ac5,2113,3,68.0
000000000000000000001ac5,4346,3,139.9
000000000000000000001ac5,921,1,389.0
000000000000000000001ac5,2483,3,27.0
000000000000000000001ac6,2674,3,4449.0
000000000000000000001ac6,560,1,229.0
000000000000000000001ac7,4202,2,209.3
000000000000000000001ac8,2843,1,3599.0
000000000000000000001ac8,4768,3,39.0
000000000000000000001ac9,1431,3,2880.0
000000000000000000001aca,2783,2,2799.0
000000000000000000001acb,2756,3,3599.0
000000000000000000001acb,5055,1,320.0
000000000000000000001acb,2036,1,649.0
000000000000000000001acb,964,2,370.0
000000000000000000001acc,2580,1,195.0
000000000000000000001acc,5122,3,650.0
000000000000000000001acc,98,1,539.0
000000000000000000001acd,3846,1,25.9
000000000000000000001acd,3608,3,40.0
000000000000000000001acd,1217,2,42.0
000000000000000000001ace,2617,3,3499.0
000000000000000000001ace,660,1,99.0
000000000000000000001ace,3336,2,999.0
000000000000000000001ace,1652,2,1429.0
000000000000000000001acf,4738,1,723.35
000000000000000000001ad0,2247,1,198.9
000000000000000000001ad0,4365,1,134.91
000000000000000000001ad1,208,3,3279.0
000000000000000000001ad2,159,3,2149.0
000000000000000000001ad3,2223,3,300.0
000000000000000000001ad4,279,3,899.0
000000000000000000001ad4,1096,1,1099.0
000000000000000000001ad4,1105,2,479.0
000000000000000000001ad5,4187,2,230.3
000000000000000000001ad5,3328,3,499.0
000000000000000000001ad5,1552,1,1528.0
000000000000000000001ad6,273,2,939.0
000000000000000000001ad7,860,2,6614.79
000000000000000000001ad8,537,2,20.99
000000000000000000001ad8,274,2,999.0
000000000000000000001ad8,4433,1,499.9
000000000000000000001ad8,2153,3,130.5
000000000000000000001ad9,852,1,509.0
000000000000000000001ad9,1471,3,1464.0
000000000000000000001ad9,3456,3,499.0
000000000000000000001ad9,2751,3,4629.0
000000000000000000001ada,1594,3,1599.0
000000000000000000001ada,3873,3,154.9
000000000000000000001ada,4837,2,143.0
000000000000000000001adb,4219,2,209.3
000000000000000000001adb,354,2,2999.0
000000000000000000001adb,5111,1,289.0
000000000000000000001adc,2342,3,729.0
000000000000000000001adc,2481,2,95.0
000000000000000000001add,2646,2,1699.0
000000000000000000001add,2404,2,1098.0
000000000000000000001add,2606,3,2759.0
000000000000000000001add,3780,2,89.0
000000000000000000001ade,4523,2,49.9
000000000000000000001ade,4158,3,53.55
000000000000000000001ade,1564,2,939.0
000000000000000000001adf,3821,1,79.0
000000000000000000001adf,2992,3,3889.0
000000000000000000001adf,2525,2,79.9
000000000000000000001adf,675,2,518.0
000000000000000000001ae0,2821,2,4799.0
000000000000000000001ae0,3137,3,979.0
000000000000000000001ae0,1326,3,4699.0
000000000000000000001ae0,3193,3,299.9
000000000000000000001ae1,4816,3,179.0
000000000000000000001ae1,1225,2,249.0
000000000000000000001ae1,218,2,2099.0
000000000000000000001ae1,370,2,478.0
000000000000000000001ae2,3352,3,1079.0
000000000000000000001ae2,321,2,489.0
000000000000000000001ae2,3275,3,2649.0
000000000000000000001ae2,3292,1,749.0
000000000000000000001ae3,4266,1,72.0
000000000000000000001ae4,1268,2,833.86
000000000000000000001ae4,2930,3,1089.0
000000000000000000001ae5,3227,2,459.9
000000000000000000001ae5,3520,1,142.0
000000000000000000001ae5,3562,2,52.0
000000000000000000001ae6,175,1,3099.0
000000000000000000001ae7,1375,3,409.0
000000000000000000001ae8,4190,2,279.9
000000000000000000001ae9,3208,3,175.0
000000000000000000001ae9,1177,2,103.18
000000000000000000001ae9,4049,2,48.0
000000000000000000001aea,1326,1,4699.0
000000000000000000001aea,2904,1,1089.9
000000000000000000001aea,512,3,1149.0
000000000000000000001aea,697,1,79.0
000000000000000000001aeb,1281,2,93.9
000000000000000000001aeb,3942,2,94.9
000000000000000000001aeb,599,3,409.9
000000000000000000001aeb,4853,2,98.0
000000000000000000001aec,1556,1,11000.0
000000000000000000001aec,1742,1,1629.0
000000000000000000001aec,4347,3,139.9
000000000000000000001aed,3777,2,55.9
000000000000000000001aee,2174,3,55.1
000000000000000000001aee,4707,2,65.0
000000000000000000001aee,960,1,199.0
000000000000000000001aee,3993,2,25.9
000000000000000000001aef,1824,2,249.0
000000000000000000001aef,945,3,799.0
000000000000000000001aef,2613,2,2799.0
000000000000000000001aef,1854,2,1099.0
000000000000000000001af0,1813,1,639.0
000000000000000000001af0,3708,2,29.9
000000000000000000001af0,2855,1,849.0
000000000000000000001af1,4733,1,126.69
000000000000000000001af1,4586,1,59.9
000000000000000000001af2,1071,1,310.0
000000000000000000001af2,3648,1,189.0
000000000000000000001af2,4335,3,639.9
000000000000000000001af2,3221,2,119.0
000000000000000000001af3,2948,2,209.9
000000000000000000001af4,4918,3,39.9
000000000000000000001af5,2851,1,1699.0
000000000000000000001af5,1059,2,588.9
000000000000000000001af5,2635,3,2799.0
000000000000000000001af6,2225,3,130.0
000000000000000000001af7,2956,2,749.0
000000000000000000001af7,4813,2,529.0
000000000000000000001af7,4650,1,105.0
000000000000000000001af7,822,1,654.44
000000000000000000001af8,3903,3,88.9
000000000000000000001af8,14,2,529.0
000000000000000000001af9,1077,1,199.9
000000000000000000001af9,547,1,45.0
000000000000000000001af9,1157,1,8631.18
000000000000000000001afa,332,1,879.0
000000000000000000001afb,2713,3,2999.0
000000000000000000001afc,5058,1,265.0
000000000000000000001afd,3769,2,138.0
000000000000000000001afd,726,2,399.0
000000000000000000001afd,145,2,1159.0
000000000000000000001afe,270,2,749.0
000000000000000000001afe,3815,2,89.0
000000000000000000001afe,76,3,345.0
000000000000000000001aff,1540,3,1649.0
000000000000000000001aff,4601,3,65.0
000000000000000000001aff,4717,2,36.0
000000000000000000001b00,3958,1,169.0
000000000000000000001b01,3786,1,59.9
000000000000000000001b02,2515,3,17.0
000000000000000000001b02,1770,1,899.0
000000000000000000001b03,2764,1,869.0
000000000000000000001b03,479,2,12.0
000000000000000000001b03,3487,3,1949.0
000000000000000000001b04,1900,2,119.0
000000000000000000001b04,24,2,599.0
000000000000000000001b04,585,2,184.0
000000000000000000001b05,461,3,174.9
000000000000000000001b06,1356,1,74.9
000000000000000000001b06,506,3,79.9
000000000000000000001b07,161,2,1449.0
000000000000000000001b07,2264,1,419.9
000000000000000000001b08,4759,3,135.0
000000000000000000001b09,162,2,1799.0
000000000000000000001b09,450,2,165.0
000000000000000000001b09,4334,3,119.9
000000000000000000001b0a,1274,2,69.9
000000000000000000001b0a,1334,1,75.0
000000000000000000001b0b,3562,2,52.0
000000000000000000001b0c,709,3,681.9
000000000000000000001b0d,2558,1,369.0
000000000000000000001b0d,4996,1,78.9
000000000000000000001b0d,2289,1,349.0
000000000000000000001b0e,4172,1,399.0
000000000000000000001b0f,179,3,1699.0
000000000000000000001b10,1806,1,649.0
000000000000000000001b10,985,2,349.0
000000000000000000001b11,1877,1,459.0
000000000000000000001b12,1640,2,1599.9
000000000000000000001b12,5175,2,629.91
000000000000000000001b12,2438,3,199.0
000000000000000000001b13,4394,2,39.9
000000000000000000001b14,5157,2,265.0
000000000000000000001b15,4541,3,49.9
000000000000000000001b16,2628,2,1109.0
000000000000000000001b16,4322,3,55.0
000000000000000000001b16,843,3,449.9
000000000000000000001b17,4293,2,119.9
000000000000000000001b17,1634,2,3499.9
000000000000000000001b17,3345,1,839.0
000000000000000000001b17,4360,3,103.9
000000000000000000001b18,2844,2,3599.0
000000000000000000001b19,5125,3,380.0
000000000000000000001b19,4465,3,119.0
000000000000000000001b19,1005,2,909.0
000000000000000000001b1a,4545,3,49.9
000000000000000000001b1b,1033,2,599.99
000000000000000000001b1b,4856,1,59.9
000000000000000000001b1c,958,2,1549.0
000000000000000000001b1d,398,2,479.0
000000000000000000001b1e,3945,3,311.0
000000000000000000001b1e,3420,1,1299.0
000000000000000000001b1f,1028,2,218.0
000000000000000000001b1f,551,3,16.0
000000000000000000001b1f,4954,2,87.0
000000000000000000001b20,864,1,1240.0
000000000000000000001b21,3701,2,9.9
000000000000000000001b22,1662,3,800.0
000000000000000000001b22,2452,3,259.0
000000000000000000001b22,4168,3,299.9
000000000000000000001b23,669,3,1699.0
000000000000000000001b23,3628,1,299.0
000000000000000000001b23,1128,3,304.9
000000000000000000001b23,645,3,85.0
000000000000000000001b24,4301,1,59.9
000000000000000000001b24,3165,3,70.0
000000000000000000001b24,3727,1,70.0
000000000000000000001b25,2618,2,2499.0
000000000000000000001b26,780,1,696.0
000000000000000000001b27,1582,1,1499.0
000000000000000000001b27,2097,1,199.0
000000000000000000001b28,52,2,399.0
000000000000000000001b29,4560,3,25.0
000000000000000000001b2a,907,1,1749.0
000000000000000000001b2a,1553,2,1349.0
000000000000000000001b2b,69,1,459.0
000000000000000000001b2b,3839,1,65.0
000000000000000000001b2c,2841,2,3099.0
000000000000000000001b2c,4244,3,287.2
000000000000000000001b2c,2270,2,159.0
000000000000000000001b2d,48,1,459.0
000000000000000000001b2d,1062,2,929.0
000000000000000000001b2d,785,2,1969.0
000000000000000000001b2d,4539,2,49.9
000000000000000000001b2e,2221,2,240.9
000000000000000000001b2f,4005,3,25.9
000000000000000000001b2f,2435,1,114.9
000000000000000000001b30,3407,1,109.0
000000000000000000001b31,4251,2,49.9
000000000000000000001b32,1518,2,235.9
000000000000000000001b32,1877,1,459.0
000000000000000000001b32,3770,3,138.0
000000000000000000001b32,1953,2,259.0
000000000000000000001b33,5069,3,370.0
000000000000000000001b33,4176,3,139.3
000000000000000000001b34,1812,1,169.9
000000000000000000001b34,2758,1,4259.0
000000000000000000001b34,216,2,949.0
000000000000000000001b35,1885,3,199.0
000000000000000000001b36,2782,3,569.99
000000000000000000001b36,4325,3,59.9
000000000000000000001b36,4048,2,112.9
000000000000000000001b37,5134,1,209.9
000000000000000000001b37,1313,3,5999.0
000000000000000000001b37,370,2,478.0
000000000000000000001b38,387,1,399.0
000000000000000000001b39,3056,2,349.9
000000000000000000001b39,1722,1,1789.0
000000000000000000001b3a,1625,2,699.0
000000000000000000001b3b,2776,2,3299.0
000000000000000000001b3b,4160,3,199.0
000000000000000000001b3c,2631,1,1259.0
000000000000000000001b3c,936,3,819.0
000000000000000000001b3d,1324,3,12579.0
000000000000000000001b3e,1280,1,69.9
000000000000000000001b3e,4437,1,399.9
000000000000000000001b3f,3431,2,1249.0
000000000000000000001b40,4942,2,34.9
000000000000000000001b40,670,2,1199.0
000000000000000000001b40,798,3,869.0
000000000000000000001b41,2919,3,1129.9
000000000000000000001b41,2123,3,194.0
000000000000000000001b42,3512,2,119.0
000000000000000000001b42,3042,2,679.9
000000000000000000001b42,2215,2,79.0
000000000000000000001b43,2241,1,243.9
000000000000000000001b43,4892,2,106.0
000000000000000000001b44,2996,2,520.0
000000000000000000001b45,2710,1,4521.0
000000000000000000001b46,4866,2,359.0
000000000000000000001b46,2453,1,2399.9
000000000000000000001b46,3990,2,99.0
000000000000000000001b47,3546,1,529.0
000000000000000000001b47,687,2,1129.0
000000000000000000001b48,2559,2,378.9
000000000000000000001b49,1227,3,103.5
000000000000000000001b49,3045,1,349.9
000000000000000000001b4a,3879,1,48.5
000000000000000000001b4b,1841,3,799.0
000000000000000000001b4b,689,1,99.0
000000000000000000001b4c,2160,3,29.0
000000000000000000001b4c,3671,2,15.5
000000000000000000001b4d,4358,1,103.9
000000000000000000001b4d,710,2,681.9
000000000000000000001b4e,3227,3,459.9
000000000000000000001b4e,4939,3,239.9
000000000000000000001b4e,4081,2,42.9
000000000000000000001b4e,673,3,849.0
000000000000000000001b4f,3788,1,259.0
000000000000000000001b4f,2197,2,300.0
000000000000000000001b50,4929,3,29.9
000000000000000000001b50,4377,2,112.9
000000000000000000001b51,3199,1,112.9
000000000000000000001b52,671,1,449.0
000000000000000000001b53,1792,1,1169.0
000000000000000000001b53,3770,3,138.0
000000000000000000001b54,716,3,799.0
000000000000000000001b55,2091,1,129.0
000000000000000000001b55,3294,3,799.0
000000000000000000001b55,300,3,3499.0
000000000000000000001b55,988,2,359.0
000000000000000000001b56,3280,1,2699.0
000000000000000000001b56,1868,3,449.0
000000000000000000001b56,821,1,1259.0
000000000000000000001b56,2744,1,3199.0
000000000000000000001b57,1060,3,521.9
000000000000000000001b57,4737,1,699.5
000000000000000000001b57,2942,1,259.9
000000000000000000001b57,3678,2,1999.0
000000000000000000001b58,4328,1,139.0
000000000000000000001b59,4119,3,111.9
000000000000000000001b59,3976,3,74.4
000000000000000000001b59,3264,1,519.0
000000000000000000001b5a,2314,1,299.0
000000000000000000001b5a,622,1,189.0
000000000000000000001b5b,1674,1,1549.0
000000000000000000001b5b,4094,3,49.9
000000000000000000001b5c,1719,2,1109.0
000000000000000000001b5d,4373,3,108.9
000000000000000000001b5d,3885,2,199.0
000000000000000000001b5d,474,2,120.0
000000000000000000001b5e,3062,2,2899.0
000000000000000000001b5f,2089,1,129.0
000000000000000000001b5f,3374,2,899.9
000000000000000000001b60,5163,3,365.0
000000000000000000001b60,2888,1,286.9
000000000000000000001b60,3318,1,2349.0
000000000000000000001b61,3601,3,8.9
000000000000000000001b61,4315,2,135.0
000000000000000000001b62,5023,1,39.9
000000000000000000001b62,1714,3,1299.0
000000000000000000001b62,338,2,1329.0
000000000000000000001b63,177,1,3099.0
000000000000000000001b64,3041,3,339.0
000000000000000000001b64,3592,1,33.9
000000000000000000001b64,2338,2,329.0
000000000000000000001b64,1086,3,88.0
000000000000000000001b65,3829,3,139.0
000000000000000000001b65,597,2,98.9
000000000000000000001b66,953,2,889.0
000000000000000000001b66,1201,2,255.9
000000000000000000001b66,323,2,498.0
000000000000000000001b66,2059,2,299.0
000000000000000000001b67,1719,3,1109.0
000000000000000000001b67,3201,3,67.0
000000000000000000001b67,1598,3,1299.0
000000000000000000001b68,1727,1,1249.0
000000000000000000001b68,477,1,54.9
000000000000000000001b68,2328,1,769.9
000000000000000000001b69,1524,2,789.0
000000000000000000001b69,252,3,1999.0
000000000000000000001b6a,377,1,3099.0
000000000000000000001b6a,758,1,249.0
000000000000000000001b6b,1784,2,729.0
000000000000000000001b6b,4050,3,96.0
000000000000000000001b6b,5160,3,95.0
000000000000000000001b6c,5088,3,650680.0
000000000000000000001b6c,1064,1,1039.0
000000000000000000001b6d,2631,3,1259.0
000000000000000000001b6d,3886,1,269.0
000000000000000000001b6d,2189,3,75.1
000000000000000000001b6e,4931,1,29.9
000000000000000000001b6e,642,3,319.0
000000000000000000001b6e,663,1,3209.0
000000000000000000001b6f,2558,1,369.0
000000000000000000001b6f,5106,3,259.0
000000000000000000001b70,114,3,529.0
000000000000000000001b71,1927,2,299.0
000000000000000000001b72,3315,2,1899.0
000000000000000000001b72,575,2,1549.0
000000000000000000001b72,2451,3,249.0
000000000000000000001b72,512,2,1149.0
000000000000000000001b73,2618,3,2499.0
000000000000000000001b74,4994,2,139.0
000000000000000000001b74,4935,3,35.9
000000000000000000001b75,1933,1,248.9
000000000000000000001b76,4282,3,77.4
000000000000000000001b76,4759,3,135.0
000000000000000000001b76,1724,1,1310.0
000000000000000000001b77,4243,1,129.0
000000000000000000001b77,615,2,209.0
000000000000000000001b78,3603,3,42.0
000000000000000000001b79,49,3,459.0
000000000000000000001b7a,2780,1,3599.0
000000000000000000001b7b,4063,3,49.0
000000000000000000001b7c,4783,1,388.64
000000000000000000001b7d,3598,1,85.9
000000000000000000001b7e,3643,1,170.0
000000000000000000001b7e,4736,2,101.34
000000000000000000001b7e,1434,1,1619.0
000000000000000000001b7f,378,2,3099.0
000000000000000000001b80,3472,2,89.0
000000000000000000001b80,4591,1,54.9
000000000000000000001b80,2404,3,1098.0
000000000000000000001b81,717,2,799.0
000000000000000000001b81,3843,3,449569.0
000000000000000000001b82,163,2,1349.0
000000000000000000001b83,476,3,85.0
000000000000000000001b83,766,2,2189.0
000000000000000000001b84,4853,3,98.0
000000000000000000001b85,4568,2,27.3
000000000000000000001b85,1320,1,159.0
000000000000000000001b86,345,3,1099.0
000000000000000000001b86,2540,2,209.0
000000000000000000001b87,353,3,2999.0
000000000000000000001b88,118,1,1189.0
000000000000000000001b88,2124,1,89.95
000000000000000000001b89,4579,2,29.9
000000000000000000001b89,4449,1,119.9
000000000000000000001b89,3615,2,779.0
000000000000000000001b8a,1909,1,799.0
000000000000000000001b8b,606,1,119.0
000000000000000000001b8b,489,2,39.0
000000000000000000001b8c,1142,1,39.9
000000000000000000001b8d,678,2,139.0
000000000000000000001b8d,3032,1,115.0
000000000000000000001b8e,4158,2,53.55
000000000000000000001b8f,2291,1,149.0
000000000000000000001b90,2519,3,599.0
000000000000000000001b90,2835,2,3599.0
000000000000000000001b91,1605,2,1499.0
000000000000000000001b91,1889,1,145.9
000000000000000000001b91,463,1,189.9
000000000000000000001b92,667,1,653.0
000000000000000000001b92,4104,2,107.0
000000000000000000001b93,3522,1,142.0
000000000000000000001b93,1028,2,218.0
000000000000000000001b93,4935,3,35.9
000000000000000000001b94,517,3,185.0
000000000000000000001b95,1952,3,259.0
000000000000000000001b95,1751,1,1999.0
000000000000000000001b95,551,3,16.0
000000000000000000001b95,1444,3,400.0
000000000000000000001b96,2794,1,2399.0
000000000000000000001b96,486,1,39.0
000000000000000000001b96,1281,3,93.9
000000000000000000001b97,4724,3,109.0
000000000000000000001b97,1254,2,150.0
000000000000000000001b97,3686,1,10.9
000000000000000000001b98,623,3,189.0
000000000000000000001b99,929,3,649.0
000000000000000000001b9a,4149,2,24.99
000000000000000000001b9a,1850,1,999.0
000000000000000000001b9b,820,3,1049.0
000000000000000000001b9b,256,3,3599.0
000000000000000000001b9c,2532,2,169.0
000000000000000000001b9c,4972,1,39.9
000000000000000000001b9c,4628,1,60.9
000000000000000000001b9d,3803,1,89.0
000000000000000000001b9d,2626,2,919.0
000000000000000000001b9d,1656,2,1198.0
000000000000000000001b9e,1515,3,2329.0
000000000000000000001b9f,2563,3,34.8
000000000000000000001ba0,1868,2,449.0
000000000000000000001ba1,2191,2,50.4
000000000000000000001ba1,105,2,799.0
000000000000000000001ba1,4347,3,139.9
000000000000000000001ba1,4844,2,149.0
000000000000000000001ba2,2838,3,3300.0
000000000000000000001ba2,665,1,1179.0
000000000000000000001ba2,5147,3,124.0
000000000000000000001ba2,4598,1,49.0
000000000000000000001ba3,4363,2,108.9
000000000000000000001ba3,4183,1,110.9
000000000000000000001ba4,4024,1,23.9
000000000000000000001ba4,3837,2,129.0
000000000000000000001ba4,4846,3,599.0
000000000000000000001ba5,1235,2,99.0
000000000000000000001ba5,47,2,459.0
000000000000000000001ba6,2057,2,349.0
000000000000000000001ba7,2050,3,659.0
000000000000000000001ba8,1172,2,87.27
000000000000000000001ba8,3188,2,999.0
000000000000000000001ba8,4232,1,31.92
000000000000000000001ba8,3854,1,49.9
000000000000000000001ba9,93,3,499.0
000000000000000000001ba9,1170,1,158.86
000000000000000000001baa,744,1,1399.0
000000000000000000001bab,3836,1,129.0
000000000000000000001bab,4404,2,479.9
000000000000000000001bab,3580,1,200.0
000000000000000000001bab,1379,2,1799.0
000000000000000000001bac,2733,3,3319.0
000000000000000000001bac,1748,2,185.0
000000000000000000001bac,2468,2,309.0
000000000000000000001bac,2137,2,118.0
000000000000000000001bad,4369,3,103.9
000000000000000000001bae,4762,3,444.0
000000000000000000001bae,2680,3,2999.0
000000000000000000001baf,1000,2,1590.0
000000000000000000001baf,2520,2,699.0
000000000000000000001baf,3120,2,659.9
000000000000000000001baf,1829,1,739.0
000000000000000000001bb0,5176,3,499.9
000000000000000000001bb1,1367,1,209.0
000000000000000000001bb2,4994,2,139.0
000000000000000000001bb3,3111,2,39.9
000000000000000000001bb4,413,1,2319.0
000000000000000000001bb4,1356,3,74.9
000000000000000000001bb5,2289,3,349.0
000000000000000000001bb6,4229,3,96.9
000000000000000000001bb7,378,3,3099.0
000000000000000000001bb7,4803,2,80.0
000000000000000000001bb7,4696,2,29.0
000000000000000000001bb7,2124,1,89.95
000000000000000000001bb8,1182,2,83.9
000000000000000000001bb8,2427,1,489.0
000000000000000000001bb8,313,1,899.0
000000000000000000001bb9,3587,1,165.0
000000000000000000001bba,3201,1,67.0
000000000000000000001bbb,2896,3,989.0
000000000000000000001bbb,3796,1,59.9
000000000000000000001bbb,3723,3,70.0
000000000000000000001bbc,1545,3,1489.0
000000000000000000001bbd,2122,1,979.0
000000000000000000001bbd,872,3,590.0
000000000000000000001bbd,4862,1,3834.68
000000000000000000001bbe,3371,2,1079.9
000000000000000000001bbf,146,1,1179.0
000000000000000000001bbf,3997,2,25.9
000000000000000000001bbf,3518,3,209.0
000000000000000000001bbf,1560,1,829.0
000000000000000000001bc0,1481,2,1789.0
000000000000000000001bc0,804,2,839.9
000000000000000000001bc1,2693,1,3999.0
000000000000000000001bc1,4346,1,139.9
000000000000000000001bc2,1964,1,299.0
000000000000000000001bc3,2165,3,62.0
000000000000000000001bc4,1178,1,122.5
000000000000000000001bc5,4159,1,59.9
000000000000000000001bc5,4851,3,49.0
000000000000000000001bc5,3737,1,85.0
000000000000000000001bc5,2289,3,349.0
000000000000000000001bc6,4911,1,39.9
000000000000000000001bc7,1343,2,180.0
000000000000000000001bc7,862,1,390.0
000000000000000000001bc7,2660,3,1499.0
000000000000000000001bc8,4413,3,69.9
000000000000000000001bc8,4941,2,69.9
000000000000000000001bc8,1295,1,120.9
000000000000000000001bc8,3355,1,779.0
000000000000000000001bc9,1527,1,699.0
000000000000000000001bc9,1167,3,199.0
000000000000000000001bca,4831,2,539.0
000000000000000000001bca,2269,2,199.0
000000000000000000001bca,549,2,50.0
000000000000000000001bca,2446,3,249.0
000000000000000000001bcb,3625,3,240.0
000000000000000000001bcb,3173,1,169.0
000000000000000000001bcb,4824,3,684.3
000000000000000000001bcb,3739,2,79.0
000000000000000000001bcc,3354,3,899.0
000000000000000000001bcd,4830,3,474.0
000000000000000000001bcd,4348,1,89.95
000000000000000000001bcd,1417,3,399.0
000000000000000000001bcd,1703,3,799.0
000000000000000000001bce,5139,1,3829.0
000000000000000000001bce,2990,3,2439.0
000000000000000000001bce,3431,1,1249.0
000000000000000000001bcf,1164,3,200.0
000000000000000000001bcf,3139,2,169.9
000000000000000000001bcf,4699,2,109.0
000000000000000000001bd0,5118,2,259.0
000000000000000000001bd1,17,1,419.0
000000000000000000001bd2,4853,1,98.0
000000000000000000001bd2,1341,3,99.9
000000000000000000001bd2,4796,2,379.0
000000000000000000001bd3,1264,3,119.99
000000000000000000001bd3,4994,2,139.0
000000000000000000001bd3,333,3,739.0
000000000000000000001bd4,3497,3,1799.0
000000000000000000001bd5,3049,1,3599.0
000000000000000000001bd6,92,2,399.0
000000000000000000001bd7,1896,1,569.0
000000000000000000001bd7,4101,1,49.9
000000000000000000001bd7,4700,2,93.9
000000000000000000001bd7,417,2,39.0
000000000000000000001bd8,3844,2,480.0
000000000000000000001bd8,4893,2,39.9
000000000000000000001bd8,99,3,539.0
000000000000000000001bd9,1013,1,1265.0
000000000000000000001bd9,4232,2,31.92
000000000000000000001bda,4525,3,49.9
000000000000000000001bda,31,1,399.0
000000000000000000001bda,1075,1,619.0
000000000000000000001bdb,3549,2,529.0
000000000000000000001bdb,684,1,169.9
000000000000000000001bdb,3386,2,749.9
000000000000000000001bdc,3305,2,1399.0
000000000000000000001bdc,2908,1,989.0
000000000000000000001bdc,4079,3,42.9
000000000000000000001bdc,430,3,79.0
000000000000000000001bdd,5101,3,259.0
000000000000000000001bde,3320,2,1299.0
000000000000000000001bdf,1718,2,1599.0
000000000000000000001be0,2638,2,1409.0
000000000000000000001be1,3182,3,163.9
000000000000000000001be2,2058,3,349.0
000000000000000000001be2,3862,3,45.0
000000000000000000001be2,908,1,1599.0
000000000000000000001be3,938,1,625.0
000000000000000000001be3,377,2,3099.0
000000000000000000001be3,236,3,2185.0
000000000000000000001be4,1312,1,349.0
000000000000000000001be5,1072,1,569.0
000000000000000000001be6,4936,2,35.9
000000000000000000001be7,5126,1,690.0
000000000000000000001be8,216,3,949.0
000000000000000000001be9,2852,1,699.0
000000000000000000001bea,5026,3,79.0
000000000000000000001beb,4911,3,39.9
000000000000000000001bec,4023,1,23.9
000000000000000000001bed,1610,1,899.0
000000000000000000001bee,3000,3,500.0
000000000000000000001bee,4330,3,98.9
000000000000000000001bef,4713,1,35.0
000000000000000000001bef,4483,3,49.9
000000000000000000001bf0,2485,3,34.9
000000000000000000001bf1,4428,3,119.99
000000000000000000001bf2,2574,1,39.0
000000000000000000001bf2,4415,1,69.9
000000000000000000001bf3,305,1,830.0
000000000000000000001bf3,2756,3,3599.0
000000000000000000001bf4,5108,1,259.0
000000000000000000001bf4,2793,3,2399.0
000000000000000000001bf5,441,3,25.5
000000000000000000001bf5,1884,3,199.0
000000000000000000001bf6,4210,1,139.3
000000000000000000001bf7,3423,3,799.0
000000000000000000001bf8,66,2,375.0
000000000000000000001bf9,4519,2,49.9
000000000000000000001bfa,2127,1,159.0
000000000000000000001bfa,4603,3,91.0
000000000000000000001bfa,3981,1,58.9
000000000000000000001bfa,4292,2,169.9
000000000000000000001bfb,2316,2,289.0
000000000000000000001bfb,3251,2,210.0
000000000000000000001bfc,5146,2,378.9
000000000000000000001bfd,1455,1,432.0
000000000000000000001bfd,2293,1,154.9
000000000000000000001bfd,1853,3,719.0
000000000000000000001bfe,3265,2,619.0
000000000000000000001bfe,936,1,819.0
000000000000000000001bfe,3789,1,69.9
000000000000000000001bff,3143,1,80.0
000000000000000000001bff,4266,2,72.0
000000000000000000001bff,2220,1,93.9
000000000000000000001c00,2153,1,130.5
000000000000000000001c00,958,2,1549.0
000000000000000000001c00,1862,1,419.0
000000000000000000001c01,2621,3,1299.0
000000000000000000001c01,450,3,165.0
000000000000000000001c01,4518,1,49.9
000000000000000000001c02,1840,1,899.0
000000000000000000001c03,4213,2,151.2
000000000000000000001c04,1143,3,469.0
000000000000000000001c05,958,2,1549.0
000000000000000000001c05,5037,3,93.9
000000000000000000001c06,4090,3,49.9
000000000000000000001c06,5116,1,259.0
000000000000000000001c07,3483,3,1899.0
000000000000000000001c07,1608,3,1599.0
000000000000000000001c08,784,1,1999.0
000000000000000000001c08,1092,2,179.9
000000000000000000001c08,4341,3,84.95
000000000000000000001c09,864,2,1240.0
000000000000000000001c09,292,1,459.0
000000000000000000001c09,4889,1,2499.0
000000000000000000001c0a,4535,3,49.9
000000000000000000001c0a,2765,2,919.0
000000000000000000001c0b,5177,3,1299.9
000000000000000000001c0b,4395,3,135.2
000000000000000000001c0c,2659,1,1499.0
000000000000000000001c0c,5134,2,209.9
000000000000000000001c0d,2912,1,999.0
000000000000000000001c0e,4921,3,13.0
000000000000000000001c0e,4213,1,151.2
000000000000000000001c0e,5179,2,679.0
000000000000000000001c0f,4327,3,159.0
000000000000000000001c0f,4423,3,59.9
000000000000000000001c10,10,1,529.0
000000000000000000001c10,3241,2,12.9
000000000000000000001c10,318,3,999.0
000000000000000000001c11,2830,3,2799.0
000000000000000000001c12,1535,2,1199.0
000000000000000000001c12,8,2,699.0
000000000000000000001c13,2702,1,1149.0
000000000000000000001c13,1883,3,139.0
000000000000000000001c13,164,1,1159.0
000000000000000000001c14,2832,3,3999.0
000000000000000000001c14,1156,2,2143.33
000000000000000000001c15,1182,3,83.9
000000000000000000001c15,3678,1,1999.0
000000000000000000001c15,4817,1,149.0
000000000000000000001c16,4593,2,54.9
000000000000000000001c16,4172,3,399.0
000000000000000000001c17,3984,1,60.99
000000000000000000001c17,2255,1,149.0
000000000000000000001c18,2225,2,130.0
000000000000000000001c19,3340,1,3359.0
000000000000000000001c19,600,3,149.0
000000000000000000001c1a,2022,2,359.0
000000000000000000001c1a,3949,3,209.0
000000000000000000001c1b,2487,1,27.0
000000000000000000001c1b,3226,2,699.9
000000000000000000001c1b,86,1,469.0
000000000000000000001c1b,3661,1,52.9
000000000000000000001c1c,2486,1,299.0
000000000000000000001c1d,1682,1,1459.0
000000000000000000001c1d,2543,2,179.0
000000000000000000001c1d,1639,2,1199.0
000000000000000000001c1d,3277,2,1.0
000000000000000000001c1e,1307,3,302.9
000000000000000000001c1f,3141,2,80.0
000000000000000000001c1f,2405,3,369.0
000000000000000000001c20,1690,1,1049.0
000000000000000000001c21,2906,1,989.0
000000000000000000001c21,1562,3,699.9
000000000000000000001c22,273,2,939.0
000000000000000000001c22,551,2,16.0
000000000000000000001c23,1341,3,99.9
000000000000000000001c23,3903,1,88.9
000000000000000000001c23,1872,2,449.0
000000000000000000001c24,3180,2,44.9
000000000000000000001c25,1948,3,259.0
000000000000000000001c25,1159,1,340.0
000000000000000000001c25,2170,3,60.5
000000000000000000001c26,3669,1,14.5
000000000000000000001c26,4020,2,23.9
000000000000000000001c26,1745,1,1099.0
000000000000000000001c26,1217,2,42.0
000000000000000000001c27,711,1,676.9
000000000000000000001c28,3301,3,3499.0
000000000000000000001c29,1225,2,249.0
000000000000000000001c29,3669,2,14.5
000000000000000000001c2a,1376,1,4099.0
000000000000000000001c2a,3133,2,149.9
000000000000000000001c2b,4279,1,250.0
000000000000000000001c2b,579,2,93.9
000000000000000000001c2c,4912,2,39.9
000000000000000000001c2d,1206,2,220.0
000000000000000000001c2e,3461,1,529.0
000000000000000000001c2f,222,2,2099.0
000000000000000000001c30,84,1,469.0
000000000000000000001c30,2925,3,289.9
000000000000000000001c30,1786,3,719.0
000000000000000000001c30,588,2,150.9
000000000000000000001c31,4942,1,34.9
000000000000000000001c32,1444,2,400.0
000000000000000000001c33,4414,3,79.9
000000000000000000001c34,4135,1,24.9
000000000000000000001c35,4536,2,49.9
000000000000000000001c35,3782,3,89.0
000000000000000000001c36,2553,3,49.9
000000000000000000001c37,2843,3,3599.0
000000000000000000001c37,3291,1,939.0
000000000000000000001c37,740,2,649.0
000000000000000000001c38,4270,2,184.0
000000000000000000001c39,2261,2,279.9
000000000000000000001c39,3770,2,138.0
000000000000000000001c39,609,2,569.0
000000000000000000001c3a,2597,1,5798.0
000000000000000000001c3a,570,2,81.9
000000000000000000001c3a,1494,2,1629.0
000000000000000000001c3b,2453,2,2399.9
000000000000000000001c3b,3806,1,79.0
000000000000000000001c3c,1237,1,189.9
000000000000000000001c3c,1962,2,389.0
000000000000000000001c3c,1582,1,1499.0
000000000000000000001c3c,3116,2,550.0
000000000000000000001c3d,4425,2,79.9
000000000000000000001c3d,4858,3,102.0
000000000000000000001c3d,2712,1,2499.0
000000000000000000001c3e,556,3,179.0
000000000000000000001c3e,1333,1,65.9
000000000000000000001c3f,4517,2,49.9
000000000000000000001c40,321,1,489.0
000000000000000000001c41,3124,2,559.9
000000000000000000001c41,3338,3,2399.0
000000000000000000001c41,104,3,419.0
000000000000000000001c42,4128,1,49.0
000000000000000000001c43,3070,2,3599.0
000000000000000000001c44,355,3,3099.0
000000000000000000001c44,1317,3,199.0
000000000000000000001c45,4145,3,600.0
000000000000000000001c46,775,3,919.0
000000000000000000001c46,3951,1,209.0
000000000000000000001c47,4526,2,49.9
000000000000000000001c47,1541,1,1499.0
000000000000000000001c48,3096,2,1490.0
000000000000000000001c49,3821,3,79.0
000000000000000000001c4a,3815,3,89.0
000000000000000000001c4a,4484,2,49.9
000000000000000000001c4b,2696,2,3999.0
000000000000000000001c4c,3137,3,979.0
000000000000000000001c4c,2518,1,249.0
000000000000000000001c4d,624,2,63.9
000000000000000000001c4e,2329,1,1439.0
000000000000000000001c4e,5148,1,499.0
000000000000000000001c4e,3860,2,36.0
000000000000000000001c4f,1097,1,1699.0
000000000000000000001c4f,4066,1,39.9
000000000000000000001c50,3056,1,349.9
000000000000000000001c51,4768,3,39.0
000000000000000000001c52,2485,3,34.9
000000000000000000001c52,1855,3,499.0
000000000000000000001c53,3063,2,639.0
000000000000000000001c53,3820,2,105.0
000000000000000000001c53,4715,3,35.0
000000000000000000001c54,538,3,249.0
000000000000000000001c54,2805,2,2999.0
000000000000000000001c55,4337,2,749.9
000000000000000000001c55,659,2,3189.0
000000000000000000001c56,3941,3,125.0
000000000000000000001c56,3299,1,279.0
000000000000000000001c56,1767,2,899.0
000000000000000000001c57,4734,2,101.34
000000000000000000001c57,3694,3,290.0
000000000000000000001c58,4093,1,49.9
000000000000000000001c59,1860,2,409.0
000000000000000000001c5a,5060,1,265.0
000000000000000000001c5a,3615,1,779.0
000000000000000000001c5a,5167,2,44.01
000000000000000000001c5a,2820,2,7069.0
000000000000000000001c5b,409,1,1349.0
000000000000000000001c5c,3403,2,690.0
000000000000000000001c5c,5085,2,699.0
000000000000000000001c5d,1958,1,399.0
000000000000000000001c5d,1759,1,74.9
000000000000000000001c5e,4233,2,64.9
000000000000000000001c5e,1429,1,3120.0
000000000000000000001c5f,367,3,999.0
000000000000000000001c5f,3527,3,29.99
000000000000000000001c5f,3873,3,154.9
000000000000000000001c60,4792,1,599.0
000000000000000000001c60,707,1,1099.0
000000000000000000001c60,2472,1,389.0
000000000000000000001c60,3840,3,64.9
000000000000000000001c61,2094,1,88.0
000000000000000000001c61,2923,2,817.9
000000000000000000001c61,2398,2,349.0
000000000000000000001c62,3223,2,131.9
000000000000000000001c63,2686,2,2499.0
000000000000000000001c64,2750,1,3599.0
000000000000000000001c64,5068,1,390.0
000000000000000000001c64,1494,1,1629.0
000000000000000000001c65,2839,2,3399.0
000000000000000000001c65,5112,3,289.0
000000000000000000001c65,3919,1,54.9
000000000000000000001c65,3701,2,9.9
000000000000000000001c66,2337,1,195.0
000000000000000000001c67,1418,2,199.0
000000000000000000001c67,555,1,159.0
000000000000000000001c68,226,1,3799.0
000000000000000000001c68,4572,2,40.0
000000000000000000001c69,1203,1,255.9
000000000000000000001c69,1927,2,299.0
000000000000000000001c6a,4947,1,35.9
000000000000000000001c6a,4991,3,765.0
000000000000000000001c6a,4419,3,79.9
000000000000000000001c6b,834,1,690.0
000000000000000000001c6c,316,3,1399.0
000000000000000000001c6c,4450,1,129.9
000000000000000000001c6c,3082,1,859.0
000000000000000000001c6c,516,1,59.0
000000000000000000001c6d,3121,3,389.9
000000000000000000001c6d,1936,2,465.0
000000000000000000001c6d,4934,2,55.0
000000000000000000001c6e,3249,3,68.9
000000000000000000001c6e,52,3,399.0
000000000000000000001c6f,2479,2,35.0
000000000000000000001c6f,1701,2,829.0
000000000000000000001c70,3159,1,299.9
000000000000000000001c71,1932,3,299.0
000000000000000000001c72,3151,1,299.0
000000000000000000001c72,673,1,849.0
000000000000000000001c73,4557,2,52.9
000000000000000000001c73,3765,3,99.9
000000000000000000001c73,1230,2,219.0
000000000000000000001c74,5079,3,300.0
000000000000000000001c74,1839,1,2599.0
000000000000000000001c74,4294,3,104.99
000000000000000000001c75,3852,1,32.9
000000000000000000001c76,272,1,1009.0
000000000000000000001c77,1862,1,419.0
000000000000000000001c78,4025,1,23.9
000000000000000000001c78,1522,1,2298.0
000000000000000000001c78,2250,3,169.9
000000000000000000001c79,4230,1,29.52
000000000000000000001c79,2558,3,369.0
000000000000000000001c79,1023,3,530.0
000000000000000000001c79,448,2,85.0
000000000000000000001c7a,2168,3,59.1
000000000000000000001c7b,3277,2,1.0
000000000000000000001c7c,1049,1,749.9
000000000000000000001c7c,1100,3,1799.0
000000000000000000001c7d,4520,1,49.9
000000000000000000001c7e,974,1,989.0
000000000000000000001c7e,2414,1,369.0
000000000000000000001c7f,3093,3,1249.0
000000000000000000001c80,314,2,1369.0
000000000000000000001c80,4526,1,49.9
000000000000000000001c81,910,2,999.0
000000000000000000001c81,1637,1,1049.0
000000000000000000001c82,2173,1,55.9
000000000000000000001c83,1830,2,739.0
000000000000000000001c83,3530,3,329.0
000000000000000000001c84,1531,3,1399.0
000000000000000000001c84,3928,3,109.9
000000000000000000001c85,5041,1,93.9
000000000000000000001c85,4408,3,149.0
000000000000000000001c85,590,2,199.0
000000000000000000001c86,3532,3,329.0
000000000000000000001c87,4076,1,169.9
000000000000000000001c88,799,3,869.0
000000000000000000001c88,136,1,2659.0
000000000000000000001c89,1855,3,499.0
000000000000000000001c8a,2700,3,1149.0
000000000000000000001c8a,2031,1,179.99
000000000000000000001c8a,741,3,1550.0
000000000000000000001c8b,653,2,219.0
000000000000000000001c8b,1888,1,199.0
000000000000000000001c8b,4818,3,711.85
000000000000000000001c8c,597,1,98.9
000000000000000000001c8c,1724,1,1310.0
000000000000000000001c8c,335,3,979.0
000000000000000000001c8c,2480,2,35.0
000000000000000000001c8d,3967,3,349.0
000000000000000000001c8e,283,3,899.0
000000000000000000001c8e,4967,2,69.0
000000000000000000001c8e,3789,1,69.9
000000000000000000001c8f,4289,2,130.0
000000000000000000001c90,2140,3,229.0
000000000000000000001c90,2051,3,879.0
000000000000000000001c91,2304,1,589.0
000000000000000000001c92,4559,3,25.0
000000000000000000001c93,4301,3,59.9
000000000000000000001c94,3712,2,115.0
000000000000000000001c94,2241,1,243.9
000000000000000000001c94,4387,1,125.93
000000000000000000001c95,3252,3,1799.0
000000000000000000001c95,92,3,399.0
000000000000000000001c96,4063,2,49.0
000000000000000000001c96,4084,1,42.9
000000000000000000001c97,4399,1,349.9
000000000000000000001c97,1841,1,799.0
000000000000000000001c97,3020,2,800.0
000000000000000000001c98,970,2,379.0
000000000000000000001c99,2335,2,65.0
000000000000000000001c9a,2826,2,799.0
000000000000000000001c9a,601,2,129.0
000000000000000000001c9b,2279,1,289.0
000000000000000000001c9b,2796,3,3239.0
000000000000000000001c9c,205,2,3279.0
000000000000000000001c9d,2226,3,150.0
000000000000000000001c9e,3352,2,1079.0
000000000000000000001c9f,3995,1,25.9
000000000000000000001c9f,1629,3,1299.0
000000000000000000001c9f,4752,2,67.5
000000000000000000001ca0,2239,1,257.0
000000000000000000001ca1,930,1,649.0
000000000000000000001ca1,1932,3,299.0
000000000000000000001ca1,1563,2,729.0
000000000000000000001ca1,1855,3,499.0
000000000000000000001ca2,3403,3,690.0
000000000000000000001ca3,1599,2,1199.0
000000000000000000001ca3,4070,2,29.9
000000000000000000001ca4,990,3,1999.0
000000000000000000001ca4,4113,2,39.0
000000000000000000001ca4,4201,1,149.9
000000000000000000001ca4,4496,2,59.0
000000000000000000001ca5,2309,2,89.5
000000000000000000001ca6,152,2,1179.0
000000000000000000001ca6,1665,2,1249.0
000000000000000000001ca7,2509,2,49.9
000000000000000000001ca7,4,2,459.0
000000000000000000001ca8,1324,3,12579.0
000000000000000000001ca9,804,3,839.9
000000000000000000001caa,1550,1,1029.0
000000000000000000001caa,140,1,2659.0
000000000000000000001cab,1347,3,72.9
000000000000000000001cab,1663,2,1038.0
000000000000000000001cac,573,1,287.99
000000000000000000001cac,4765,3,849.0
000000000000000000001cac,886,2,1449.0
000000000000000000001cad,4432,1,499.9
000000000000000000001cae,381,2,2999.0
000000000000000000001cae,2428,1,489.0
000000000000000000001cae,4047,2,84.0
000000000000000000001caf,3769,2,138.0
000000000000000000001cb0,3330,1,1299.0
000000000000000000001cb1,1506,3,2619.0
000000000000000000001cb1,1828,1,139.9
000000000000000000001cb1,2750,2,3599.0
000000000000000000001cb1,1203,3,255.9
000000000000000000001cb2,1429,1,3120.0
000000000000000000001cb2,4380,1,249.95
000000000000000000001cb2,4702,1,279.0
000000000000000000001cb3,145,2,1159.0
000000000000000000001cb4,421,2,27.5
000000000000000000001cb4,2727,1,2999.0
000000000000000000001cb5,3690,3,1519.9
000000000000000000001cb5,3310,3,899.0
000000000000000000001cb6,2244,1,257.0
000000000000000000001cb6,2662,3,1449.0
000000000000000000001cb6,4146,2,30.5
000000000000000000001cb7,1800,1,749.0
000000000000000000001cb8,3318,1,2349.0
000000000000000000001cb9,383,3,3719.0
000000000000000000001cb9,991,3,2709.0
000000000000000000001cb9,1031,3,2140.0
000000000000000000001cba,1115,3,799.0
000000000000000000001cbb,4056,3,59.9
000000000000000000001cbc,1937,2,220.0
000000000000000000001cbc,3692,1,120.0
000000000000000000001cbc,364,3,449.0
000000000000000000001cbd,3736,3,45.0
000000000000000000001cbe,2880,3,799.0
000000000000000000001cbe,2153,1,130.5
000000000000000000001cbe,3507,1,189.0
000000000000000000001cbf,3315,1,1899.0
000000000000000000001cbf,3171,3,119.0
000000000000000000001cbf,292,2,459.0
000000000000000000001cc0,748,2,1399.0
000000000000000000001cc0,1263,1,431.9
000000000000000000001cc1,4458,2,202.93
000000000000000000001cc2,4960,1,86.9
000000000000000000001cc2,3291,3,939.0
000000000000000000001cc2,2746,2,4139.0
000000000000000000001cc2,3562,2,52.0
000000000000000000001cc3,4638,2,49.9
000000000000000000001cc3,3825,2,189.0
000000000000000000001cc3,3788,1,259.0
000000000000000000001cc3,2954,1,249.9
000000000000000000001cc4,5017,1,109.9
000000000000000000001cc5,1352,3,84.9
000000000000000000001cc5,4863,2,98.0
000000000000000000001cc6,1520,1,2149.0
000000000000000000001cc7,1126,1,304.9
000000000000000000001cc7,2434,3,28.0
000000000000000000001cc8,2366,3,289.0
000000000000000000001cc8,905,3,1049.0
000000000000000000001cc9,4039,1,23.9
000000000000000000001cca,4734,3,101.34
000000000000000000001cca,4075,3,119.9
000000000000000000001ccb,1336,1,219.4
000000000000000000001ccb,2630,2,2519.9
000000000000000000001ccb,4371,2,103.9
000000000000000000001ccb,2612,3,3900.0
000000000000000000001ccc,2389,1,589.0
000000000000000000001ccd,2351,1,64.9
000000000000000000001cce,3492,2,1799.0
000000000000000000001cce,2156,2,140.2
000000000000000000001cce,974,3,989.0
000000000000000000001ccf,3127,1,280.0
000000000000000000001ccf,4744,1,530.8
000000000000000000001cd0,2913,1,999.0
000000000000000000001cd1,2362,2,549.0
000000000000000000001cd2,4941,2,69.9
000000000000000000001cd2,3187,1,49.9
000000000000000000001cd2,2818,2,4279.0
000000000000000000001cd2,1958,2,399.0
000000000000000000001cd3,3248,3,44.9
000000000000000000001cd4,2523,1,29.9
000000000000000000001cd5,1020,1,299.0
000000000000000000001cd5,2261,3,279.9
000000000000000000001cd6,4456,1,195.0
000000000000000000001cd7,2442,3,359.0
000000000000000000001cd8,3233,2,779.9
000000000000000000001cd9,3366,1,589.0
000000000000000000001cd9,3581,2,200.0
000000000000000000001cda,4039,3,23.9
000000000000000000001cda,3684,3,99.0
000000000000000000001cda,1558,1,949.0
000000000000000000001cdb,1819,3,849.9
000000000000000000001cdb,1581,1,1409.0
000000000000000000001cdb,661,1,199.0
000000000000000000001cdb,4920,3,139.0
000000000000000000001cdc,334,1,729.0
000000000000000000001cdd,276,2,5099.0
000000000000000000001cde,4681,3,75.0
000000000000000000001cdf,3411,2,190.0
000000000000000000001cdf,3159,3,299.9
000000000000000000001ce0,3552,3,529.0
000000000000000000001ce0,2626,1,919.0
000000000000000000001ce0,267,1,2896.0
000000000000000000001ce0,4894,3,199.99
000000000000000000001ce1,366,2,899.0
000000000000000000001ce1,886,1,1449.0
000000000000000000001ce2,5093,3,470.0
000000000000000000001ce3,2033,1,369.0
000000000000000000001ce3,4855,2,95.9
000000000000000000001ce3,2594,1,3299.0
000000000000000000001ce4,3021,3,800.0
000000000000000000001ce4,4270,2,184.0
000000000000000000001ce4,2305,1,679.0
000000000000000000001ce5,90,1,409.0
000000000000000000001ce6,3266,1,325.0
000000000000000000001ce6,496,3,89.99
000000000000000000001ce6,906,2,1849.0
000000000000000000001ce6,4024,2,23.9
000000000000000000001ce7,754,3,899.0
000000000000000000001ce7,3822,2,199.0
000000000000000000001ce8,2505,1,320.0
000000000000000000001ce9,736,1,2999.0
000000000000000000001ce9,712,3,512.0
000000000000000000001cea,5063,2,69.0
000000000000000000001cea,845,3,1199.0
000000000000000000001cea,1663,3,1038.0
000000000000000000001ceb,3315,2,1899.0
000000000000000000001cec,4001,3,24.89
000000000000000000001ced,2934,2,999.0
000000000000000000001cee,1569,3,999.0
000000000000000000001cee,2519,1,599.0
000000000000000000001cee,4479,3,44.95
000000000000000000001cee,4533,1,49.9
000000000000000000001cef,1450,1,299.9
000000000000000000001cf0,231,2,5890.0
000000000000000000001cf1,3858,3,93.9
000000000000000000001cf2,2352,1,64.9
000000000000000000001cf3,5172,1,70.0
000000000000000000001cf4,3874,1,94.5
000000000000000000001cf4,4564,2,76.9
000000000000000000001cf4,4615,2,337.9
000000000000000000001cf4,707,1,1099.0
000000000000000000001cf5,4127,3,35.0
000000000000000000001cf5,5149,3,131.9
000000000000000000001cf5,4643,1,69.9
000000000000000000001cf6,1040,3,589.0
000000000000000000001cf6,3699,2,10.9
000000000000000000001cf7,3815,1,89.0
000000000000000000001cf8,3905,1,119.5
000000000000000000001cf8,381,3,2999.0
000000000000000000001cf8,1817,2,129.0
000000000000000000001cf8,4211,1,139.3
000000000000000000001cf9,5039,2,93.9
000000000000000000001cfa,3194,2,54.0
000000000000000000001cfa,1717,2,1599.0
000000000000000000001cfa,2413,2,83.9
000000000000000000001cfa,3138,3,216.9
000000000000000000001cfb,577,2,169.9
000000000000000000001cfc,4792,2,599.0
000000000000000000001cfd,4595,2,54.9
000000000000000000001cfd,4316,1,115.7
000000000000000000001cfd,3374,3,899.9
000000000000000000001cfe,829,2,899.0
000000000000000000001cfe,586,3,159.0
000000000000000000001cfe,2019,1,419.0
000000000000000000001cfe,4798,1,469.0
000000000000000000001cff,158,1,1799.0
000000000000000000001d00,710,2,681.9
000000000000000000001d00,1758,2,74.9
000000000000000000001d00,1298,1,80.0
000000000000000000001d01,1479,1,1789.0
000000000000000000001d02,3065,2,800.0
000000000000000000001d02,1004,1,658.0
000000000000000000001d03,2149,2,199.0
000000000000000000001d03,4160,2,199.0
000000000000000000001d04,603,2,1359.0
000000000000000000001d04,3447,2,999.0
000000000000000000001d04,3203,3,121.9
000000000000000000001d05,1263,1,431.9
000000000000000000001d06,2491,1,229.0
000000000000000000001d06,3963,3,349.0
000000000000000000001d06,1312,1,349.0
000000000000000000001d07,810,3,869.99
000000000000000000001d08,807,2,3499.0
000000000000000000001d08,4483,2,49.9
000000000000000000001d08,128,1,2529.0
000000000000000000001d09,4960,1,86.9
000000000000000000001d09,2239,1,257.0
000000000000000000001d0a,5025,1,79.0
000000000000000000001d0a,4844,3,149.0
000000000000000000001d0b,4720,3,93.9
000000000000000000001d0c,4288,2,79.0
000000000000000000001d0d,987,2,339.0
000000000000000000001d0d,3460,1,529.0
000000000000000000001d0e,3524,2,39.99
000000000000000000001d0e,3526,3,29.99
000000000000000000001d0f,4561,2,25.0
000000000000000000001d10,541,3,30.0
000000000000000000001d10,2763,1,869.0
000000000000000000001d10,2363,3,549.0
000000000000000000001d11,733,3,919.0
000000000000000000001d11,866,3,48310.0
000000000000000000001d12,4384,3,239.95
000000000000000000001d12,4014,1,22.99
000000000000000000001d12,1636,3,1689.0
000000000000000000001d12,2227,2,190.0
000000000000000000001d13,3753,3,119.9
000000000000000000001d13,821,2,1259.0
000000000000000000001d14,1645,3,699.9
000000000000000000001d14,2353,1,64.9
000000000000000000001d14,1511,3,1730.0
000000000000000000001d14,3154,3,53.0
000000000000000000001d15,1802,3,729.0
000000000000000000001d16,4482,2,39.95
000000000000000000001d17,509,3,79.0
000000000000000000001d17,1427,2,1598.9
000000000000000000001d17,1812,3,169.9
000000000000000000001d18,2421,3,619.0
000000000000000000001d19,1508,1,3170.0
000000000000000000001d19,3462,3,529.0
000000000000000000001d1a,2925,2,289.9
000000000000000000001d1a,1664,1,1038.0
000000000000000000001d1a,3623,1,11.2
000000000000000000001d1b,3645,1,188.0
000000000000000000001d1c,3020,2,800.0
000000000000000000001d1d,136,2,2659.0
000000000000000000001d1d,1971,2,1599.0
000000000000000000001d1e,4232,3,31.92
000000000000000000001d1e,1670,1,949.0
000000000000000000001d1e,33,3,599.0
000000000000000000001d1e,3283,2,1.0
000000000000000000001d1f,4743,3,349.0
000000000000000000001d20,691,2,1499.0
000000000000000000001d20,4787,1,649.0
000000000000000000001d20,576,2,109.0
000000000000000000001d21,3666,1,135.0
000000000000000000001d22,1383,3,339.0
000000000000000000001d22,1750,2,1239.0
000000000000000000001d23,3608,2,40.0
000000000000000000001d23,3901,3,21.9
000000000000000000001d23,320,1,499.0
000000000000000000001d23,567,3,129.9
000000000000000000001d24,1035,3,599.0
000000000000000000001d25,3865,3,19.9
000000000000000000001d25,2163,1,349.0
000000000000000000001d25,289,3,959.0
000000000000000000001d25,292,2,459.0
000000000000000000001d26,4827,3,119.0
000000000000000000001d27,497,1,89.0
000000000000000000001d27,1943,2,229.0
000000000000000000001d27,2282,1,219.0
000000000000000000001d27,1541,2,1499.0
000000000000000000001d28,2517,1,339.0
000000000000000000001d28,2829,2,3699.0
000000000000000000001d28,205,3,3279.0
000000000000000000001d28,4501,2,49.9
000000000000000000001d29,4542,3,49.9
000000000000000000001d29,794,2,799.0
000000000000000000001d2a,3600,3,85.9
000000000000000000001d2a,2116,1,42.0
000000000000000000001d2b,2742,1,4249.0
000000000000000000001d2c,3170,2,349.9
000000000000000000001d2d,3337,2,539.9
000000000000000000001d2d,3568,2,140.9
000000000000000000001d2d,696,1,88.9
000000000000000000001d2d,1230,1,219.0
000000000000000000001d2e,2216,1,69.9
000000000000000000001d2e,940,1,1060.0
000000000000000000001d2e,4543,3,49.9
000000000000000000001d2f,3276,3,2099.0
000000000000000000001d30,4596,2,54.9
000000000000000000001d31,2556,1,50.8
000000000000000000001d32,4794,2,669.0
000000000000000000001d33,4351,1,139.9
000000000000000000001d33,3200,3,69.0
000000000000000000001d33,2338,2,329.0
000000000000000000001d34,3752,3,59.0
000000000000000000001d34,1127,1,304.9
000000000000000000001d34,4032,1,23.9
000000000000000000001d35,2529,1,165.0
000000000000000000001d35,2190,1,55.9
000000000000000000001d35,3190,2,619.9
000000000000000000001d35,1165,2,139.0
000000000000000000001d36,3575,1,100.0
000000000000000000001d36,3907,2,45.0
000000000000000000001d37,814,3,459.0
000000000000000000001d37,2281,3,179.0
000000000000000000001d37,203,1,3279.0
000000000000000000001d37,3798,1,59.9
000000000000000000001d38,4858,1,102.0
000000000000000000001d39,3788,1,259.0
000000000000000000001d3a,3409,3,689.0
000000000000000000001d3a,2436,3,1039.0
000000000000000000001d3b,797,1,869.0
000000000000000000001d3b,3451,1,55.9
000000000000000000001d3b,2383,2,309.0
000000000000000000001d3c,2160,1,29.0
000000000000000000001d3c,961,3,199.0
000000000000000000001d3c,2180,2,55.1
000000000000000000001d3d,3345,1,839.0
000000000000000000001d3d,3233,3,779.9
000000000000000000001d3e,366,2,899.0
000000000000000000001d3f,5018,3,109.9
000000000000000000001d3f,3910,2,47.0
000000000000000000001d40,3103,2,34.49
000000000000000000001d40,3458,2,489.0
000000000000000000001d41,1801,1,219.9
000000000000000000001d41,2480,2,35.0
000000000000000000001d41,4182,3,169.0
000000000000000000001d42,2472,1,389.0
000000000000000000001d43,1113,3,2799.0
000000000000000000001d44,3270,1,2299.0
000000000000000000001d45,352,1,1399.0
000000000000000000001d45,433,3,79.0
000000000000000000001d45,2740,3,2999.0
000000000000000000001d45,4115,1,91.8
000000000000000000001d46,4878,3,56.0
000000000000000000001d47,3747,3,65.0
000000000000000000001d48,2094,1,88.0
000000000000000000001d49,1734,2,899.0
000000000000000000001d4a,307,1,869.0
000000000000000000001d4a,1031,3,2140.0
000000000000000000001d4a,4978,1,169.0
000000000000000000001d4a,2444,3,249.0
000000000000000000001d4b,1567,1,729.0
000000000000000000001d4c,4697,2,175.0
000000000000000000001d4d,2196,3,299.0
000000000000000000001d4d,575,2,1549.0
000000000000000000001d4d,4978,1,169.0
000000000000000000001d4e,378,1,3099.0
000000000000000000001d4f,4489,1,55.9
000000000000000000001d50,581,2,449.0
000000000000000000001d51,1279,3,89.0
000000000000000000001d51,579,2,93.9
000000000000000000001d52,518,1,14.9
000000000000000000001d53,1457,1,1549.0
000000000000000000001d53,3108,1,159.9
000000000000000000001d54,2109,2,441.0
000000000000000000001d55,3780,1,89.0
000000000000000000001d55,1833,1,739.0
000000000000000000001d56,1513,3,2990.0
000000000000000000001d56,2543,3,179.0
000000000000000000001d56,1621,2,4399.0
000000000000000000001d56,2091,2,129.0
000000000000000000001d57,3090,1,929.0
000000000000000000001d57,1461,3,1549.0
000000000000000000001d57,642,2,319.0
000000000000000000001d57,2742,2,4249.0
000000000000000000001d58,925,1,750.0
000000000000000000001d58,1075,2,619.0
000000000000000000001d59,3701,2,9.9
000000000000000000001d5a,4225,1,77.9
000000000000000000001d5a,894,3,677.0
000000000000000000001d5b,5095,2,520.0
000000000000000000001d5b,2256,1,279.9
000000000000000000001d5b,517,3,185.0
000000000000000000001d5b,3630,1,61.9
000000000000000000001d5c,2754,2,3909.0
000000000000000000001d5c,2687,3,4732.0
000000000000000000001d5d,1628,3,1338.9
000000000000000000001d5e,1686,1,1699.0
000000000000000000001d5f,4333,2,119.9
000000000000000000001d5f,2571,1,65.9
000000000000000000001d60,3313,2,299.0
000000000000000000001d60,1463,1,1549.0
000000000000000000001d60,4253,1,175.7
000000000000000000001d61,651,1,211.19
000000000000000000001d62,1564,3,939.0
000000000000000000001d62,5063,2,69.0
000000000000000000001d62,1863,1,409.0
000000000000000000001d63,4364,2,108.9
000000000000000000001d63,4188,2,230.3
000000000000000000001d63,987,3,339.0
000000000000000000001d63,2878,3,809.0
000000000000000000001d64,3807,2,82.0
000000000000000000001d64,2307,2,309.9
000000000000000000001d65,2763,2,869.0
000000000000000000001d66,2197,1,300.0
000000000000000000001d66,2327,2,764.0
000000000000000000001d66,1071,1,310.0
000000000000000000001d67,1827,3,249.0
000000000000000000001d68,1188,2,165.0
000000000000000000001d69,4795,2,369.0
000000000000000000001d69,2423,3,589.0
000000000000000000001d6a,2949,1,209.9
000000000000000000001d6a,3438,3,1199.0
000000000000000000001d6a,122,1,3099.0
000000000000000000001d6b,3159,1,299.9
000000000000000000001d6b,2954,2,249.9
000000000000000000001d6b,4772,3,69.0
000000000000000000001d6c,1447,2,1939.0
000000000000000000001d6c,4966,2,42.0
000000000000000000001d6c,3378,2,1139.0
000000000000000000001d6d,2848,3,3999.0
000000000000000000001d6e,1863,2,409.0
000000000000000000001d6f,4444,3,119.92
000000000000000000001d70,3664,1,279.0
000000000000000000001d70,16,1,375.0
000000000000000000001d70,4560,1,25.0
000000000000000000001d71,4474,1,39.0
000000000000000000001d72,961,2,199.0
000000000000000000001d72,4154,2,75.38
000000000000000000001d72,239,3,1760.0
000000000000000000001d72,2168,1,59.1
000000000000000000001d73,950,1,1299.0
000000000000000000001d73,1321,3,463.9
000000000000000000001d74,3066,2,1500.0
000000000000000000001d74,3472,2,89.0
000000000000000000001d74,1878,1,449.0
000000000000000000001d75,346,3,1099.0
000000000000000000001d76,3087,3,490.0
000000000000000000001d77,3016,3,36.0
000000000000000000001d77,4214,3,179.0
000000000000000000001d77,982,3,950.0
000000000000000000001d77,1969,2,449.99
000000000000000000001d78,2163,1,349.0
000000000000000000001d78,3067,2,1499.0
000000000000000000001d79,2976,3,1859.0
000000000000000000001d7a,2576,1,3800.0
000000000000000000001d7a,2934,3,999.0
000000000000000000001d7a,1283,1,406.9
000000000000000000001d7b,4517,2,49.9
000000000000000000001d7b,2323,3,139.9
000000000000000000001d7c,312,2,889.0
000000000000000000001d7d,4734,3,101.34
000000000000000000001d7d,907,3,1749.0
000000000000000000001d7d,1523,3,2299.0
000000000000000000001d7d,4919,3,45.0
000000000000000000001d7e,1931,1,247.0
000000000000000000001d7e,3736,3,45.0
000000000000000000001d7f,3609,3,1199.0
000000000000000000001d7f,701,3,1299.0
000000000000000000001d80,1548,2,669.0
000000000000000000001d80,1087,3,70.0
000000000000000000001d80,4878,1,56.0
000000000000000000001d81,3873,3,154.9
000000000000000000001d81,2212,3,334.99
000000000000000000001d82,134,1,2659.0
000000000000000000001d83,442,2,29.9
000000000000000000001d83,1045,3,534.9
000000000000000000001d84,2113,1,68.0
000000000000000000001d84,163,3,1349.0
000000000000000000001d84,2734,3,3829.0
000000000000000000001d84,1855,3,499.0
000000000000000000001d85,3843,3,449569.0
000000000000000000001d85,3198,1,65.0
000000000000000000001d86,2410,1,78.0
000000000000000000001d87,4327,2,159.0
000000000000000000001d88,2206,2,89.9
000000000000000000001d88,4635,2,195.0
000000000000000000001d89,3500,3,1799.0
000000000000000000001d89,2191,2,50.4
000000000000000000001d8a,2625,2,919.0
000000000000000000001d8a,1874,2,449.0
000000000000000000001d8b,2132,3,60.9
000000000000000000001d8c,2965,3,999.0
000000000000000000001d8d,1871,1,449.0
000000000000000000001d8d,4871,1,119.0
000000000000000000001d8d,2874,2,889.0
000000000000000000001d8d,1562,3,699.9
000000000000000000001d8e,1044,1,599.9
000000000000000000001d8f,449,2,165.0
000000000000000000001d8f,4510,1,49.9
000000000000000000001d8f,4627,3,394.9
000000000000000000001d90,3141,2,80.0
000000000000000000001d90,3139,1,169.9
000000000000000000001d91,2814,3,4409.0
000000000000000000001d91,491,2,39.0
000000000000000000001d92,2257,1,609.9
000000000000000000001d93,5082,1,820.0
000000000000000000001d94,830,2,1199.0
000000000000000000001d95,2936,1,779.0
000000000000000000001d96,647,1,329.9
000000000000000000001d96,2405,2,369.0
000000000000000000001d96,4524,3,49.9
000000000000000000001d96,852,3,509.0
000000000000000000001d97,2687,2,4732.0
000000000000000000001d97,1430,1,3100.0
000000000000000000001d98,4475,1,79.0
000000000000000000001d98,2654,3,1599.0
000000000000000000001d98,3342,2,969.0
000000000000000000001d99,2244,1,257.0
000000000000000000001d99,3597,3,59.9
000000000000000000001d9a,4832,2,549.0
000000000000000000001d9a,3514,3,119.0
000000000000000000001d9b,4980,1,89.0
000000000000000000001d9b,2089,1,129.0
000000000000000000001d9b,5053,2,159.0
000000000000000000001d9c,4884,3,107.0
000000000000000000001d9d,3886,1,269.0
000000000000000000001d9e,260,1,1599.0
000000000000000000001d9e,1225,1,249.0
000000000000000000001d9e,4557,1,52.9
000000000000000000001d9e,3457,3,499.0
000000000000000000001d9f,596,3,99.99
000000000000000000001da0,451,1,155.0
000000000000000000001da0,922,1,4599.0
000000000000000000001da1,2073,2,118.0
000000000000000000001da2,3850,1,196.0
000000000000000000001da3,2719,1,1649.0
000000000000000000001da3,622,1,189.0
000000000000000000001da4,4304,1,129.9
000000000000000000001da4,1088,2,85.0
000000000000000000001da5,90,1,409.0
000000000000000000001da5,2,3,407.0
000000000000000000001da6,2445,2,389.0
000000000000000000001da6,875,1,699.0
000000000000000000001da7,3520,3,142.0
000000000000000000001da8,2909,3,989.0
000000000000000000001da8,2354,3,64.9
000000000000000000001da9,3410,3,145.0
000000000000000000001daa,3864,2,19.9
000000000000000000001dab,1583,3,1029.0
000000000000000000001dab,3725,2,70.0
000000000000000000001dac,2843,3,3599.0
000000000000000000001dad,3536,1,329.0
000000000000000000001dad,3875,1,123.99
000000000000000000001dae,668,3,269.0
000000000000000000001dae,853,3,629.0
000000000000000000001daf,264,3,2499.0
000000000000000000001daf,2656,3,1599.0
000000000000000000001db0,370,1,478.0
000000000000000000001db0,2063,3,125.3
000000000000000000001db0,1181,2,28.9
000000000000000000001db0,3020,2,800.0
000000000000000000001db1,3058,2,3599.0
000000000000000000001db2,1442,1,540.0
000000000000000000001db2,4488,2,55.9
000000000000000000001db2,3847,1,215.0
000000000000000000001db3,3571,1,140.9
000000000000000000001db4,2172,3,169.0
000000000000000000001db4,1386,3,2369.0
000000000000000000001db5,2386,2,499.0
000000000000000000001db5,2381,1,180.0
000000000000000000001db6,4318,3,75.0
000000000000000000001db6,4706,3,65.0
000000000000000000001db6,2719,1,1649.0
000000000000000000001db6,4149,1,24.99
000000000000000000001db7,259,2,1599.0
000000000000000000001db8,4359,2,103.9
000000000000000000001db9,1380,2,1599.0
000000000000000000001dba,791,2,1269.0
000000000000000000001dba,3316,3,749.0
000000000000000000001dba,1768,3,899.0
000000000000000000001dba,752,3,349.0
000000000000000000001dbb,436,1,50.0
000000000000000000001dbb,512,1,1149.0
000000000000000000001dbc,1025,1,569.0
000000000000000000001dbd,4102,1,54.99
000000000000000000001dbe,1080,3,199.9
000000000000000000001dbe,4581,2,58.0
000000000000000000001dbe,4764,1,649.0
000000000000000000001dbe,793,3,599.99
000000000000000000001dbf,509,2,79.0
000000000000000000001dc0,1196,3,169.9
000000000000000000001dc0,1242,2,93.9
000000000000000000001dc0,3107,2,55.0
000000000000000000001dc1,3575,1,100.0
000000000000000000001dc1,509,3,79.0
000000000000000000001dc2,2221,3,240.9
000000000000000000001dc3,4067,1,199.0
000000000000000000001dc3,4789,1,479.0
000000000000000000001dc4,760,2,2899.0
000000000000000000001dc5,1969,1,449.99
000000000000000000001dc5,3888,1,209.0
000000000000000000001dc6,3790,1,50.9
000000000000000000001dc6,641,3,269.0
000000000000000000001dc6,2019,2,419.0
000000000000000000001dc6,1793,3,1167.9
000000000000000000001dc7,738,1,749.0
000000000000000000001dc7,1869,1,449.0
000000000000000000001dc8,3048,1,899.0
000000000000000000001dc8,3203,3,121.9
000000000000000000001dc8,4646,2,360.0
000000000000000000001dc9,4560,1,25.0
000000000000000000001dca,3511,2,165.0
000000000000000000001dcb,4157,2,35.99
000000000000000000001dcb,558,1,169.0
000000000000000000001dcc,1581,2,1409.0
000000000000000000001dcc,3506,1,39.9
000000000000000000001dcd,4581,1,58.0
000000000000000000001dcd,2975,1,500.5
000000000000000000001dce,1449,1,1945.9
000000000000000000001dce,2781,2,4899.0
000000000000000000001dcf,4306,1,101.94
000000000000000000001dcf,4940,2,29.9
000000000000000000001dcf,652,1,211.19
000000000000000000001dd0,5121,1,650.0
000000000000000000001dd0,5117,3,259.0
000000000000000000001dd0,1968,2,449.0
000000000000000000001dd1,4143,2,107.9
000000000000000000001dd1,4829,3,140.0
000000000000000000001dd2,3782,2,89.0
000000000000000000001dd2,3011,3,58.0
000000000000000000001dd3,4836,2,599.0
000000000000000000001dd4,2233,1,257.0
000000000000000000001dd4,51,2,399.0
000000000000000000001dd5,192,3,2949.0
000000000000000000001dd5,4860,2,93.9
000000000000000000001dd5,4199,2,199.0
000000000000000000001dd5,2085,1,129.0
000000000000000000001dd6,5093,3,470.0
000000000000000000001dd6,2095,2,299.0
000000000000000000001dd6,1027,1,579.0
000000000000000000001dd6,1386,2,2369.0
000000000000000000001dd7,2583,3,195.0
000000000000000000001dd8,1750,1,1239.0
000000000000000000001dd8,89,3,409.0
000000000000000000001dd8,2850,1,3999.0
000000000000000000001dd8,3503,1,129.0
000000000000000000001dd9,1693,3,1149.0
000000000000000000001dda,1022,3,399.0
000000000000000000001dda,1731,2,1889.0
000000000000000000001ddb,628,3,209.9
000000000000000000001ddb,851,1,941.8
000000000000000000001ddb,4232,3,31.92
000000000000000000001ddc,1748,1,185.0
000000000000000000001ddc,1794,1,249.0
000000000000000000001ddd,4976,3,55.0
000000000000000000001dde,4180,1,159.0
000000000000000000001ddf,4470,2,279.0
000000000000000000001ddf,977,1,799.0
000000000000000000001de0,4443,2,135.92
000000000000000000001de0,2033,3,369.0
000000000000000000001de1,3703,3,539.0
000000000000000000001de1,3982,1,67.0
000000000000000000001de1,4858,2,102.0
000000000000000000001de1,3569,2,140.9
000000000000000000001de2,2240,1,243.9
000000000000000000001de2,1299,3,320.0
000000000000000000001de3,2240,1,243.9
000000000000000000001de4,1190,3,99.0
000000000000000000001de5,1253,3,100.0
000000000000000000001de5,2160,3,29.0
000000000000000000001de5,4542,1,49.9
000000000000000000001de6,1697,3,799.0
000000000000000000001de6,3291,3,939.0
000000000000000000001de6,1559,3,829.0
000000000000000000001de7,3074,3,69.9
000000000000000000001de7,3413,1,129.0
000000000000000000001de7,4300,2,149.9
000000000000000000001de8,2271,2,199.0
000000000000000000001de8,2658,2,1499.0
000000000000000000001de8,1980,3,299.99
000000000000000000001de9,1557,3,899.0
000000000000000000001de9,1785,2,729.0
000000000000000000001de9,2135,1,137.0
000000000000000000001de9,2823,3,1399.0
000000000000000000001dea,712,3,512.0
000000000000000000001deb,4795,3,369.0
000000000000000000001deb,481,3,10.0
000000000000000000001dec,355,2,3099.0
000000000000000000001ded,1754,3,899.0
000000000000000000001dee,2874,3,889.0
000000000000000000001def,2968,3,315.0
000000000000000000001def,188,2,1739.0
000000000000000000001def,4879,2,50.0
000000000000000000001df0,2358,3,59.9
000000000000000000001df0,4374,3,103.9
000000000000000000001df1,2329,2,1439.0
000000000000000000001df2,1750,3,1239.0
000000000000000000001df2,3553,3,529.0
000000000000000000001df3,1918,1,1649.9
000000000000000000001df3,388,2,2599.0
000000000000000000001df4,2253,2,104.9
000000000000000000001df4,3472,2,89.0
000000000000000000001df5,2769,2,2049.0
000000000000000000001df6,2384,1,319.0
000000000000000000001df7,3989,3,59.9
000000000000000000001df7,2366,1,289.0
000000000000000000001df7,5099,1,259.0
000000000000000000001df7,3461,3,529.0
000000000000000000001df8,3205,1,8.69
000000000000000000001df8,1018,2,1180.0
000000000000000000001df8,399,3,429.0
000000000000000000001df9,1387,1,2429.0
000000000000000000001dfa,5137,2,144.0
000000000000000000001dfa,2757,3,4259.0
000000000000000000001dfa,3848,3,61.9
000000000000000000001dfb,1102,1,914.9
000000000000000000001dfb,152,3,1179.0
000000000000000000001dfb,719,2,779.0
000000000000000000001dfc,2486,1,299.0
000000000000000000001dfd,3604,1,511.18
000000000000000000001dfd,2099,3,89.9
000000000000000000001dfe,2915,1,999.0
000000000000000000001dfe,846,1,685.56
000000000000000000001dff,3825,2,189.0
000000000000000000001dff,3400,1,640.0
000000000000000000001dff,1794,3,249.0
000000000000000000001e00,4331,3,192.0
000000000000000000001e00,3293,3,379.0
000000000000000000001e01,2340,1,329.0
000000000000000000001e01,2727,2,2999.0
000000000000000000001e01,3776,3,109.0
000000000000000000001e02,1656,3,1198.0
000000000000000000001e02,1016,3,1059.0
000000000000000000001e03,3474,2,89.0
000000000000000000001e04,1309,1,463.9
000000000000000000001e05,166,3,1159.0
000000000000000000001e05,2221,1,240.9
000000000000000000001e06,3389,1,109.0
000000000000000000001e06,687,2,1129.0
000000000000000000001e07,1046,3,690.9
000000000000000000001e08,4105,1,44.9
000000000000000000001e08,2343,2,110.0
000000000000000000001e08,308,1,899.0
000000000000000000001e09,4839,3,444.0
000000000000000000001e09,4259,2,113.94
000000000000000000001e0a,3423,3,799.0
000000000000000000001e0a,3199,2,112.9
000000000000000000001e0b,4404,2,479.9
000000000000000000001e0b,1595,3,1899.0
000000000000000000001e0c,4894,3,199.99
000000000000000000001e0c,341,3,999.0
000000000000000000001e0d,135,3,2659.0
000000000000000000001e0d,4095,3,49.9
000000000000000000001e0e,108,1,615.0
000000000000000000001e0e,886,2,1449.0
000000000000000000001e0f,2739,3,3599.0
000000000000000000001e10,2067,2,109.0
000000000000000000001e10,2634,3,2799.0
000000000000000000001e11,2695,3,3999.0
000000000000000000001e11,185,2,1739.0
000000000000000000001e11,2994,2,2180.0
000000000000000000001e11,2500,3,729.9
000000000000000000001e12,95,2,469.0
000000000000000000001e12,3067,2,1499.0
000000000000000000001e12,4736,2,101.34
000000000000000000001e13,1839,3,2599.0
000000000000000000001e13,2489,2,167.55
000000000000000000001e13,1810,1,1250.0
000000000000000000001e14,4124,3,94.9
000000000000000000001e15,1460,1,1549.0
000000000000000000001e15,2233,3,257.0
000000000000000000001e15,4977,3,55.0
000000000000000000001e16,3435,2,1099.0
000000000000000000001e16,2593,1,1852.0
000000000000000000001e17,894,1,677.0
000000000000000000001e18,4453,2,108.9
000000000000000000001e18,391,1,849.0
000000000000000000001e18,2704,1,1149.0
000000000000000000001e19,689,1,99.0
000000000000000000001e1a,139,3,2679.0
000000000000000000001e1a,488,2,39.0
000000000000000000001e1a,3182,1,163.9
000000000000000000001e1b,1891,2,579.9
000000000000000000001e1b,4591,2,54.9
000000000000000000001e1c,61,1,358.0
000000000000000000001e1c,311,3,899.0
000000000000000000001e1c,4344,1,149.9
000000000000000000001e1d,324,3,499.0
000000000000000000001e1e,3981,2,58.9
000000000000000000001e1e,449,1,165.0
000000000000000000001e1f,808,2,1699.0
000000000000000000001e20,2356,1,35.9
000000000000000000001e21,639,1,140.0
000000000000000000001e22,992,3,819.0
000000000000000000001e22,1781,3,725.0
000000000000000000001e22,4662,3,189.0
000000000000000000001e23,2320,1,89.9
000000000000000000001e23,1529,2,829.0
000000000000000000001e23,4055,1,59.9
000000000000000000001e24,763,1,2299.9
000000000000000000001e25,1163,1,379.0
000000000000000000001e26,1468,3,1549.0
000000000000000000001e26,4426,1,205.0
000000000000000000001e26,728,3,707.0
000000000000000000001e26,2403,2,549.0
000000000000000000001e27,1001,3,504.0
000000000000000000001e27,5119,2,259.0
000000000000000000001e28,177,3,3099.0
000000000000000000001e28,870,3,359.0
000000000000000000001e29,1713,3,1499.0
000000000000000000001e2a,2396,1,299.0
000000000000000000001e2b,4587,1,59.9
000000000000000000001e2b,4275,1,119.9
000000000000000000001e2c,244,1,1760.0
000000000000000000001e2c,5160,3,95.0
000000000000000000001e2d,3016,3,36.0
000000000000000000001e2d,1189,3,165.0
000000000000000000001e2e,1035,1,599.0
000000000000000000001e2f,3804,3,154.0
000000000000000000001e2f,5070,1,370.0
000000000000000000001e30,1167,2,199.0
000000000000000000001e30,3801,2,99.89
000000000000000000001e30,5050,3,320.0
000000000000000000001e31,2632,1,1259.0
000000000000000000001e31,1656,3,1198.0
000000000000000000001e32,3754,2,59.9
000000000000000000001e32,1620,3,1699.0
000000000000000000001e32,134,2,2659.0
000000000000000000001e33,4706,3,65.0
000000000000000000001e33,1499,3,1899.0
000000000000000000001e33,498,1,89.0
000000000000000000001e34,115,1,529.0
000000000000000000001e35,2619,1,3038.9
000000000000000000001e35,498,2,89.0
000000000000000000001e36,2146,3,139.0
000000000000000000001e36,4247,1,98.0
000000000000000000001e36,943,2,329.0
000000000000000000001e37,3596,1,55.0
000000000000000000001e37,4500,2,49.9
000000000000000000001e38,3777,3,55.9
000000000000000000001e39,4205,2,79.9
000000000000000000001e39,781,1,299.0
000000000000000000001e3a,1708,3,799.0
000000000000000000001e3a,172,3,1185.0
000000000000000000001e3b,413,3,2319.0
000000000000000000001e3c,355,2,3099.0
000000000000000000001e3c,2976,2,1859.0
000000000000000000001e3d,2791,3,2699.0
000000000000000000001e3e,3857,3,49.9
000000000000000000001e3f,2057,3,349.0
000000000000000000001e3f,2431,1,79.9
000000000000000000001e3f,2465,3,40.0
000000000000000000001e3f,4615,1,337.9
000000000000000000001e40,4312,1,135.0
000000000000000000001e41,4782,1,929.44
000000000000000000001e41,2408,1,249.9
000000000000000000001e41,2211,3,290.5
000000000000000000001e42,2425,3,509.0
000000000000000000001e42,1273,2,843.0
000000000000000000001e42,3591,3,149.0
000000000000000000001e43,2795,2,2999.0
000000000000000000001e43,191,2,2775.0
000000000000000000001e43,4650,3,105.0
000000000000000000001e44,4531,1,49.9
000000000000000000001e45,4618,1,192.5
000000000000000000001e45,1318,1,89.0
000000000000000000001e45,2849,1,699.0
000000000000000000001e46,2005,1,925.0
000000000000000000001e47,3022,3,800.0
000000000000000000001e47,3197,2,750.0
000000000000000000001e47,1825,1,249.0
000000000000000000001e48,4760,1,165.0
000000000000000000001e49,5158,2,94.99
000000000000000000001e49,2992,3,3889.0
000000000000000000001e4a,3630,1,61.9
000000000000000000001e4a,1726,3,1249.0
000000000000000000001e4a,2787,3,99.0
000000000000000000001e4a,5072,1,390.0
000000000000000000001e4b,3888,2,209.0
000000000000000000001e4c,2982,2,379.9
000000000000000000001e4c,3410,2,145.0
000000000000000000001e4c,3222,2,119.0
000000000000000000001e4c,2585,1,2054.0
000000000000000000001e4d,3667,1,123.0
000000000000000000001e4e,4909,3,51.5
000000000000000000001e4e,1848,1,129.0
000000000000000000001e4f,2322,1,1259.9
000000000000000000001e50,3405,1,4699.0
000000000000000000001e51,5168,1,62.91
000000000000000000001e51,2374,2,679.0
000000000000000000001e52,3849,3,639.0
000000000000000000001e53,2317,3,329.0
000000000000000000001e54,818,2,399.0
000000000000000000001e54,3508,3,239.99
000000000000000000001e54,2970,3,699.0
000000000000000000001e55,2554,2,74.9
000000000000000000001e56,3039,2,360.0
000000000000000000001e56,3702,1,409.0
000000000000000000001e56,3206,1,259.0
000000000000000000001e56,2506,2,131.9
000000000000000000001e57,3532,2,329.0
000000000000000000001e58,1833,2,739.0
000000000000000000001e59,4976,2,55.0
000000000000000000001e59,458,3,44.5
000000000000000000001e5a,4054,3,59.9
000000000000000000001e5a,1337,1,219.4
000000000000000000001e5b,3543,2,349.0
000000000000000000001e5b,3369,3,699.0
000000000000000000001e5c,230,1,5890.0
000000000000000000001e5c,1282,2,406.9
000000000000000000001e5d,2093,2,79.9
000000000000000000001e5d,4769,3,131.9
000000000000000000001e5d,2091,2,129.0
000000000000000000001e5e,2220,3,93.9
000000000000000000001e5e,4408,1,149.0
000000000000000000001e5f,4878,2,56.0
000000000000000000001e60,4255,3,84.9
000000000000000000001e61,2874,2,889.0
000000000000000000001e61,3226,1,699.9
000000000000000000001e61,3423,2,799.0
000000000000000000001e62,2689,3,4732.0
000000000000000000001e62,710,3,681.9
000000000000000000001e63,1498,3,1669.9
000000000000000000001e63,2520,3,699.0
000000000000000000001e64,1592,1,2499.9
000000000000000000001e65,1745,3,1099.0
000000000000000000001e65,4550,3,109.9
000000000000000000001e66,801,2,759.0
000000000000000000001e66,3185,2,29.0
000000000000000000001e66,610,3,609.0
000000000000000000001e67,2686,2,2499.0
000000000000000000001e68,106,3,815.0
000000000000000000001e68,2382,1,36.9
000000000000000000001e69,4774,2,45.0
000000000000000000001e69,4283,3,83.4
000000000000000000001e69,3972,3,189.0
000000000000000000001e6a,4833,1,799.0
000000000000000000001e6b,1166,3,140.68
000000000000000000001e6b,3756,3,79.0
000000000000000000001e6c,2758,3,4259.0
000000000000000000001e6c,4436,3,89.9
000000000000000000001e6d,1023,3,530.0
000000000000000000001e6d,4846,3,599.0
000000000000000000001e6e,3648,2,189.0
000000000000000000001e6e,4241,2,149.0
000000000000000000001e6e,1397,3,2199.0
000000000000000000001e6f,1133,3,3129.0
000000000000000000001e70,732,1,399.0
000000000000000000001e70,3774,1,79.0
000000000000000000001e71,5156,1,139.9
000000000000000000001e72,492,3,39.0
000000000000000000001e72,938,1,625.0
000000000000000000001e72,2698,3,1149.0
000000000000000000001e73,1452,1,499.0
000000000000000000001e74,1593,1,1659.0
000000000000000000001e75,2644,2,2499.0
000000000000000000001e76,3113,1,59.9
000000000000000000001e76,4131,3,107.8
000000000000000000001e77,1164,2,200.0
000000000000000000001e77,2067,2,109.0
000000000000000000001e78,411,3,1098.0
000000000000000000001e78,3854,3,49.9
000000000000000000001e78,3263,3,469.0
000000000000000000001e79,4499,3,39.0
000000000000000000001e7a,4802,3,80.0
000000000000000000001e7a,1851,2,999.99
000000000000000000001e7a,2276,1,199.0
000000000000000000001e7a,2982,2,379.9
000000000000000000001e7b,3190,1,619.9
000000000000000000001e7c,1341,1,99.9
000000000000000000001e7c,1746,1,1589.0
000000000000000000001e7c,570,1,81.9
000000000000000000001e7d,1875,1,459.0
000000000000000000001e7e,1698,3,799.0
000000000000000000001e7f,4999,3,89.0
000000000000000000001e7f,2814,3,4409.0
000000000000000000001e80,817,3,399.0
000000000000000000001e81,598,2,409.9
000000000000000000001e81,535,1,82.9
000000000000000000001e82,2166,2,90.0
000000000000000000001e83,5045,1,349.0
000000000000000000001e83,1702,1,759.0
000000000000000000001e84,4048,1,112.9
000000000000000000001e84,2381,3,180.0
000000000000000000001e84,3544,3,329.0
000000000000000000001e84,2202,2,279.0
000000000000000000001e85,2177,3,190.2
000000000000000000001e86,4194,3,209.3
000000000000000000001e87,1913,1,1599.0
000000000000000000001e87,4456,2,195.0
000000000000000000001e88,2163,3,349.0
000000000000000000001e88,4186,3,279.0
000000000000000000001e89,4389,2,189.9
000000000000000000001e89,235,3,8309.0
000000000000000000001e89,3840,1,64.9
000000000000000000001e8a,2955,2,374.9
000000000000000000001e8a,3079,2,679.0
000000000000000000001e8b,327,3,449.0
000000000000000000001e8c,4306,3,101.94
000000000000000000001e8d,4210,1,139.3
000000000000000000001e8d,68,2,375.0
000000000000000000001e8d,3008,1,690.0
000000000000000000001e8e,334,2,729.0
000000000000000000001e8e,2111,3,29.9
000000000000000000001e8f,1075,3,619.0
000000000000000000001e90,4476,1,36.9
000000000000000000001e91,4695,1,99.99
000000000000000000001e91,1659,3,1399.0
000000000000000000001e92,4927,3,29.9
000000000000000000001e93,3148,1,37.9
000000000000000000001e93,2641,2,1409.0
000000000000000000001e93,4081,1,42.9
000000000000000000001e94,970,2,379.0
000000000000000000001e94,246,1,1998.0
000000000000000000001e94,2678,1,1799.0
000000000000000000001e94,3287,2,369.0
000000000000000000001e95,2787,3,99.0
000000000000000000001e96,1907,2,599.0
000000000000000000001e97,231,1,5890.0
000000000000000000001e97,1794,1,249.0
000000000000000000001e98,673,2,849.0
000000000000000000001e98,2933,2,999.0
000000000000000000001e99,830,1,1199.0
000000000000000000001e99,4464,3,139.9
000000000000000000001e99,2852,3,699.0
000000000000000000001e9a,4368,3,200.0
000000000000000000001e9a,4822,1,471.8
000000000000000000001e9a,5172,1,70.0
000000000000000000001e9a,478,2,10.0
000000000000000000001e9b,4974,3,89.0
000000000000000000001e9c,1503,3,949.0
000000000000000000001e9c,1056,2,849.0
000000000000000000001e9c,2234,2,243.9
000000000000000000001e9c,1558,3,949.0
000000000000000000001e9d,3200,3,69.0
000000000000000000001e9e,578,2,84.9
000000000000000000001e9e,975,3,629.99
000000000000000000001e9f,953,3,889.0
000000000000000000001ea0,1166,2,140.68
000000000000000000001ea0,3807,1,82.0
000000000000000000001ea0,4190,1,279.9
000000000000000000001ea1,2298,3,79.9
000000000000000000001ea2,1841,3,799.0
000000000000000000001ea2,2727,3,2999.0
000000000000000000001ea3,1740,3,1399.99
000000000000000000001ea3,3070,2,3599.0
000000000000000000001ea4,4495,1,59.0
000000000000000000001ea4,2378,2,399.0
000000000000000000001ea4,1304,3,302.9
000000000000000000001ea5,3184,3,59.0
000000000000000000001ea5,3831,2,229.0
000000000000000000001ea6,4236,2,134.0
000000000000000000001ea6,625,2,89.0
000000000000000000001ea7,714,3,1599.0
000000000000000000001ea7,1638,1,1299.0
000000000000000000001ea8,426,1,69.0
000000000000000000001ea8,4264,3,168.0
000000000000000000001ea9,1195,2,165.9
000000000000000000001ea9,196,1,2739.0
000000000000000000001ea9,4268,2,119.0
000000000000000000001eaa,3904,3,89.5
000000000000000000001eab,1337,1,219.4
000000000000000000001eab,4618,1,192.5
000000000000000000001eab,3549,1,529.0
000000000000000000001eac,292,3,459.0
000000000000000000001eac,985,1,349.0
000000000000000000001ead,539,3,45.5
000000000000000000001eae,2380,1,29.0
000000000000000000001eaf,312,2,889.0
000000000000000000001eaf,3473,2,89.0
000000000000000000001eaf,3430,2,1099.0
000000000000000000001eb0,442,1,29.9
000000000000000000001eb0,1554,2,8900.0
000000000000000000001eb0,3608,1,40.0
000000000000000000001eb1,2991,3,2439.0
000000000000000000001eb1,3962,3,349.0
000000000000000000001eb1,2895,3,989.0
000000000000000000001eb1,1914,1,649.0
000000000000000000001eb2,3760,1,189.0
000000000000000000001eb2,762,2,2189.0
000000000000000000001eb3,3306,3,1699.0
000000000000000000001eb4,4590,2,54.9
000000000000000000001eb5,4830,1,474.0
000000000000000000001eb6,4247,2,98.0
000000000000000000001eb7,2824,1,1899.0
000000000000000000001eb7,3296,1,939.0
000000000000000000001eb8,574,1,1399.0
000000000000000000001eb8,4680,2,49.9
000000000000000000001eb8,2388,3,559.0
000000000000000000001eb9,452,1,25.0
000000000000000000001eba,519,3,14.9
000000000000000000001eba,2479,1,35.0
000000000000000000001eba,3466,1,42.9
000000000000000000001eba,1682,1,1459.0
000000000000000000001ebb,4148,2,45.0
000000000000000000001ebb,1591,3,1399.0
000000000000000000001ebc,761,2,2189.0
000000000000000000001ebc,1193,3,139.0
000000000000000000001ebd,1056,1,849.0
000000000000000000001ebd,3301,1,3499.0
000000000000000000001ebd,3177,2,69.9
000000000000000000001ebd,4817,1,149.0
000000000000000000001ebe,834,2,690.0
000000000000000000001ebf,4851,3,49.0
000000000000000000001ec0,1656,3,1198.0
000000000000000000001ec0,981,2,690.9
000000000000000000001ec1,2861,3,699.0
000000000000000000001ec2,4287,1,79.0
000000000000000000001ec2,4338,2,559.9
000000000000000000001ec3,925,1,750.0
000000000000000000001ec3,1775,3,899.0
000000000000000000001ec4,1293,3,120.9
000000000000000000001ec4,1844,1,1499.0
000000000000000000001ec5,4341,2,84.95
000000000000000000001ec5,3869,2,19.9
000000000000000000001ec5,406,2,2199.0
000000000000000000001ec6,2883,1,1789.0
000000000000000000001ec6,1575,2,1089.0
000000000000000000001ec7,281,3,909.0
000000000000000000001ec7,1296,3,120.9
000000000000000000001ec7,2453,1,2399.9
000000000000000000001ec8,4514,3,49.9
000000000000000000001ec8,3762,3,55.9
000000000000000000001ec9,5,2,475.0
000000000000000000001ec9,2261,2,279.9
000000000000000000001ec9,2568,3,659.0
000000000000000000001ec9,2489,2,167.55
000000000000000000001eca,1362,3,999.0
000000000000000000001eca,3249,3,68.9
000000000000000000001ecb,3902,3,69.0
000000000000000000001ecc,599,2,409.9
000000000000000000001ecd,382,1,3449.0
000000000000000000001ece,2556,3,50.8
000000000000000000001ecf,4718,1,35.0
000000000000000000001ecf,2906,3,989.0
000000000000000000001ed0,288,1,959.0
000000000000000000001ed0,628,2,209.9
000000000000000000001ed1,3510,2,349.0
000000000000000000001ed1,1824,3,249.0
000000000000000000001ed1,4017,1,23.9
000000000000000000001ed2,1997,3,619.0
000000000000000000001ed2,915,1,859.0
000000000000000000001ed3,2684,2,2299.0
000000000000000000001ed3,312,3,889.0
000000000000000000001ed3,2688,2,4732.0
000000000000000000001ed3,848,3,999.0
000000000000000000001ed4,1321,1,463.9
000000000000000000001ed4,3779,2,169.9
000000000000000000001ed5,860,3,6614.79
000000000000000000001ed6,2148,3,129.0
000000000000000000001ed6,50,3,459.0
000000000000000000001ed7,614,2,179.0
000000000000000000001ed7,963,3,199.0
000000000000000000001ed8,1758,3,74.9
000000000000000000001ed8,1999,3,499.0
000000000000000000001ed9,3784,3,50.9
000000000000000000001ed9,13,2,529.0
000000000000000000001ed9,333,2,739.0
000000000000000000001eda,1125,3,369.9
000000000000000000001eda,4524,3,49.9
000000000000000000001edb,4440,2,399.9
000000000000000000001edb,4480,1,44.95
000000000000000000001edc,2843,2,3599.0
000000000000000000001edd,4541,2,49.9
000000000000000000001ede,5080,1,300.0
000000000000000000001ede,1674,1,1549.0
000000000000000000001ede,1319,2,159.0
000000000000000000001edf,5048,1,299.0
000000000000000000001edf,4107,2,49.99
000000000000000000001ee0,238,3,3599.0
000000000000000000001ee0,1488,3,1789.0
000000000000000000001ee0,4122,3,19.9
000000000000000000001ee1,1448,2,3869.0
000000000000000000001ee1,3569,3,140.9
000000000000000000001ee2,611,2,1138.9
000000000000000000001ee3,4311,1,135.0
000000000000000000001ee4,4352,1,139.9
000000000000000000001ee5,2666,3,1349.0
000000000000000000001ee6,727,3,527.0
000000000000000000001ee7,3934,3,55.9
000000000000000000001ee7,1741,3,1349.9
000000000000000000001ee7,4301,1,59.9
000000000000000000001ee7,4312,1,135.0
000000000000000000001ee8,3403,1,690.0
000000000000000000001ee8,2869,1,220.0
000000000000000000001ee8,1046,1,690.9
000000000000000000001ee9,386,3,7999.0
000000000000000000001ee9,2851,3,1699.0
000000000000000000001ee9,420,1,249.0
000000000000000000001ee9,283,1,899.0
000000000000000000001eea,3044,3,349.9
000000000000000000001eeb,2481,1,95.0
000000000000000000001eec,931,2,609.0
000000000000000000001eec,1365,2,229.0
000000000000000000001eec,4127,1,35.0
000000000000000000001eed,451,3,155.0
000000000000000000001eee,4958,1,86.9
000000000000000000001eef,3031,1,100.0
000000000000000000001ef0,991,2,2709.0
000000000000000000001ef0,4054,1,59.9
000000000000000000001ef0,2606,1,2759.0
000000000000000000001ef1,1962,3,389.0
000000000000000000001ef1,2780,1,3599.0
000000000000000000001ef2,2468,3,309.0
000000000000000000001ef2,3875,3,123.99
000000000000000000001ef2,5031,1,189.9
000000000000000000001ef3,111,1,1429.0
000000000000000000001ef3,4729,2,624.0
000000000000000000001ef4,2213,3,125.0
000000000000000000001ef4,288,2,959.0
000000000000000000001ef4,5168,3,62.91
000000000000000000001ef4,5172,2,70.0
000000000000000000001ef5,696,1,88.9
000000000000000000001ef5,3858,2,93.9
000000000000000000001ef6,3784,1,50.9
000000000000000000001ef6,585,1,184.0
000000000000000000001ef6,478,2,10.0
000000000000000000001ef6,3195,1,399.0
000000000000000000001ef7,2859,3,520.9
000000000000000000001ef7,1918,1,1649.9
000000000000000000001ef7,4603,3,91.0
000000000000000000001ef7,3200,1,69.0
000000000000000000001ef8,3826,3,105.0
000000000000000000001ef9,509,2,79.0
000000000000000000001ef9,4266,1,72.0
000000000000000000001efa,4300,1,149.9
000000000000000000001efb,3365,3,589.0
000000000000000000001efc,2817,3,4669.0
000000000000000000001efc,785,3,1969.0
000000000000000000001efd,5044,3,399.0
000000000000000000001efe,5057,2,430.0
000000000000000000001efe,1305,2,319.0
000000000000000000001eff,4955,1,85.0
000000000000000000001eff,3372,2,799.9
000000000000000000001f00,5126,2,690.0
000000000000000000001f00,4036,1,23.9
000000000000000000001f00,4109,3,69.9
000000000000000000001f01,4744,3,530.8
000000000000000000001f01,1358,1,84.9
000000000000000000001f02,2618,3,2499.0
000000000000000000001f03,1532,3,1399.0
000000000000000000001f03,2713,2,2999.0
000000000000000000001f03,213,2,949.0
000000000000000000001f04,4646,1,360.0
000000000000000000001f04,216,2,949.0
000000000000000000001f05,4892,2,106.0
000000000000000000001f05,3729,3,75.0
000000000000000000001f05,1619,3,1699.0
000000000000000000001f06,1421,1,949.0
000000000000000000001f06,2198,2,291.0
000000000000000000001f07,1564,1,939.0
000000000000000000001f07,4083,1,42.9
000000000000000000001f07,4671,3,99.0
000000000000000000001f07,3608,1,40.0
000000000000000000001f08,4841,1,1920.0
000000000000000000001f09,161,2,1449.0
000000000000000000001f0a,2036,2,649.0
000000000000000000001f0b,986,2,319.0
000000000000000000001f0b,2823,1,1399.0
000000000000000000001f0b,3100,1,169.0
000000000000000000001f0c,2103,3,69.0
000000000000000000001f0d,453,1,729.0
000000000000000000001f0e,1174,2,99.77
000000000000000000001f0e,3314,3,299.0
000000000000000000001f0e,1422,3,1299.0
000000000000000000001f0e,394,2,699.0
000000000000000000001f0f,3789,1,69.9
000000000000000000001f10,129,1,2529.0
000000000000000000001f11,4217,3,199.0
000000000000000000001f11,3673,3,1459.0
000000000000000000001f11,4775,1,899.0
000000000000000000001f11,2138,3,119.0
000000000000000000001f12,4570,3,27.3
000000000000000000001f12,643,1,259.0
000000000000000000001f12,4043,1,23.9
000000000000000000001f13,1615,2,1699.0
000000000000000000001f13,3358,3,729.0
000000000000000000001f14,4179,1,899.0
000000000000000000001f15,3692,1,120.0
000000000000000000001f16,2176,3,290.5
000000000000000000001f17,3433,2,1099.0
000000000000000000001f18,2239,1,257.0
000000000000000000001f18,2514,1,169.9
000000000000000000001f18,1697,3,799.0
000000000000000000001f18,2250,3,169.9
000000000000000000001f19,463,1,189.9
000000000000000000001f19,4188,2,230.3
000000000000000000001f19,3742,2,69.0
000000000000000000001f19,3708,2,29.9
000000000000000000001f1a,1595,3,1899.0
000000000000000000001f1b,79,2,409.0
000000000000000000001f1c,2375,1,499.0
000000000000000000001f1d,4794,3,669.0
000000000000000000001f1d,1465,2,1549.0
000000000000000000001f1d,4302,3,95.9
000000000000000000001f1e,5004,3,55.0
000000000000000000001f1f,1818,1,419.0
000000000000000000001f20,1617,1,1699.0
000000000000000000001f21,1142,2,39.9
000000000000000000001f21,3200,1,69.0
000000000000000000001f22,3353,2,579.0
000000000000000000001f22,3467,2,99.0
000000000000000000001f23,4746,1,529.0
000000000000000000001f24,1586,2,1029.0
000000000000000000001f24,3476,2,799.0
000000000000000000001f24,2453,1,2399.9
000000000000000000001f24,2975,1,500.5
000000000000000000001f25,3652,1,28.9
000000000000000000001f25,3544,2,329.0
000000000000000000001f25,2465,2,40.0
000000000000000000001f26,2032,1,179.99
000000000000000000001f27,1981,3,329.0
000000000000000000001f27,4841,1,1920.0
000000000000000000001f28,1446,1,1199.9
000000000000000000001f28,1464,2,1549.0
000000000000000000001f29,2998,1,520.0
000000000000000000001f2a,4836,3,599.0
000000000000000000001f2a,2355,2,89.9
000000000000000000001f2b,2428,1,489.0
000000000000000000001f2b,4017,1,23.9
000000000000000000001f2c,2995,3,2180.0
000000000000000000001f2c,2223,2,300.0
000000000000000000001f2c,4634,2,120.0
000000000000000000001f2c,3565,1,140.9
000000000000000000001f2d,1426,2,1490.0
000000000000000000001f2d,4452,1,103.9
000000000000000000001f2d,760,2,2899.0
000000000000000000001f2d,3918,1,199.0
000000000000000000001f2e,1518,3,235.9
000000000000000000001f2f,329,1,649.0
000000000000000000001f30,2222,1,285.0
000000000000000000001f30,3846,1,25.9
000000000000000000001f30,946,2,1829.0
000000000000000000001f30,1354,1,70.9
000000000000000000001f31,4593,1,54.9
000000000000000000001f32,3210,2,9.99
000000000000000000001f32,3948,1,38.99
000000000000000000001f33,4514,3,49.9
000000000000000000001f33,3936,2,59.9
000000000000000000001f34,4783,2,388.64
000000000000000000001f34,2539,2,199.0
000000000000000000001f34,4201,2,149.9
000000000000000000001f34,1503,3,949.0
000000000000000000001f35,1904,2,128.0
000000000000000000001f35,2209,2,99.0
000000000000000000001f36,4423,2,59.9
000000000000000000001f36,2174,1,55.1
000000000000000000001f37,37,1,519.0
000000000000000000001f37,3599,1,24.5
000000000000000000001f38,2033,2,369.0
000000000000000000001f39,5037,2,93.9
000000000000000000001f39,167,1,1159.0
000000000000000000001f39,917,2,820.0
000000000000000000001f39,3900,1,25.0
000000000000000000001f3a,4851,3,49.0
000000000000000000001f3b,3865,2,19.9
000000000000000000001f3c,4267,2,104.99
000000000000000000001f3d,1019,1,420.0
000000000000000000001f3e,4017,3,23.9
000000000000000000001f3e,2278,1,339.0
000000000000000000001f3f,4396,3,349.9
000000000000000000001f40,5172,1,70.0
000000000000000000001f41,1193,2,139.0
000000000000000000001f42,3923,1,84.9
000000000000000000001f43,1300,3,273.9
000000000000000000001f43,3103,3,34.49
000000000000000000001f43,361,1,6899.0
000000000000000000001f44,2900,3,9999.9
000000000000000000001f45,1794,3,249.0
000000000000000000001f45,208,3,3279.0
000000000000000000001f45,5105,1,259.0
000000000000000000001f46,1175,2,137.27
000000000000000000001f46,2368,1,329.0
000000000000000000001f46,1166,1,140.68
000000000000000000001f47,1319,3,159.0
000000000000000000001f47,1126,3,304.9
000000000000000000001f48,2145,3,189.0
000000000000000000001f48,5062,1,69.0
000000000000000000001f49,3595,2,344.0
000000000000000000001f49,4372,1,103.9
000000000000000000001f4a,2240,3,243.9
000000000000000000001f4b,4008,1,25.9
000000000000000000001f4b,1203,1,255.9
000000000000000000001f4b,3510,1,349.0
000000000000000000001f4b,4606,1,89.0
000000000000000000001f4c,3047,3,299.0
000000000000000000001f4c,3666,3,135.0
000000000000000000001f4d,4868,1,35.5
000000000000000000001f4e,933,1,1139.0
000000000000000000001f4f,5042,2,1280.0
000000000000000000001f4f,3099,2,119.0
000000000000000000001f50,5097,3,89.9
000000000000000000001f51,3240,1,119.0
000000000000000000001f52,2747,3,3999.0
000000000000000000001f53,682,2,249.0
000000000000000000001f53,640,1,130.0
000000000000000000001f53,1909,3,799.0
000000000000000000001f54,681,2,249.0
000000000000000000001f55,323,3,498.0
000000000000000000001f55,3251,2,210.0
000000000000000000001f56,7,1,56.9
000000000000000000001f56,3938,3,55.9
000000000000000000001f57,1871,3,449.0
000000000000000000001f57,4874,3,59.9
000000000000000000001f58,4720,2,93.9
000000000000000000001f58,1385,3,329.0
000000000000000000001f58,5120,1,679.0
000000000000000000001f58,4664,1,118.0
000000000000000000001f59,1701,1,829.0
000000000000000000001f59,4310,2,179.9
000000000000000000001f5a,1053,3,1099.0
000000000000000000001f5b,1029,1,533.33
000000000000000000001f5c,2646,1,1699.0
000000000000000000001f5c,1616,1,1699.0
000000000000000000001f5c,1652,3,1429.0
000000000000000000001f5d,801,3,759.0
000000000000000000001f5e,2777,3,2999.0
000000000000000000001f5e,764,3,2189.0
000000000000000000001f5e,3157,2,59.0
000000000000000000001f5e,2404,2,1098.0
000000000000000000001f5f,4874,1,59.9
000000000000000000001f5f,3870,2,102.9
000000000000000000001f5f,4600,3,13.9
000000000000000000001f60,1535,1,1199.0
000000000000000000001f61,4353,3,129.9
000000000000000000001f61,2508,1,109.0
000000000000000000001f61,1555,1,8900.0
000000000000000000001f62,176,3,3099.0
000000000000000000001f62,2992,3,3889.0
000000000000000000001f62,1743,3,2999.0
000000000000000000001f63,67,3,375.0
000000000000000000001f63,2548,2,189.0
000000000000000000001f64,1021,1,465.0
000000000000000000001f64,3534,1,329.0
000000000000000000001f64,273,3,939.0
000000000000000000001f65,1695,1,709.0
000000000000000000001f65,4356,1,103.9
000000000000000000001f66,2965,1,999.0
000000000000000000001f67,4217,3,199.0
000000000000000000001f67,2478,2,469.0
000000000000000000001f68,4765,3,849.0
000000000000000000001f68,3585,2,165.0
000000000000000000001f69,272,1,1009.0
000000000000000000001f6a,5180,1,1949.0
000000000000000000001f6a,2282,1,219.0
000000000000000000001f6a,1144,2,3999.0
000000000000000000001f6b,3946,3,269449.0
000000000000000000001f6c,1607,2,1499.0
000000000000000000001f6c,1870,2,449.0
000000000000000000001f6c,1044,1,599.9
000000000000000000001f6d,682,3,249.0
000000000000000000001f6d,4060,2,349.0
000000000000000000001f6e,603,2,1359.0
000000000000000000001f6f,254,2,2049.0
000000000000000000001f70,4467,3,199.9
000000000000000000001f70,2141,1,149.0
000000000000000000001f71,1735,3,1049.0
000000000000000000001f72,3619,3,369.0
000000000000000000001f73,2759,2,6899.0
000000000000000000001f73,4340,1,299.95
000000000000000000001f74,2390,1,609.0
000000000000000000001f75,1157,1,8631.18
000000000000000000001f75,1576,2,1199.0
000000000000000000001f76,103,1,429.0
000000000000000000001f76,3309,3,1549.0
000000000000000000001f77,1413,1,199.0
000000000000000000001f78,4612,1,106.0
000000000000000000001f78,1638,1,1299.0
000000000000000000001f78,4646,3,360.0
000000000000000000001f79,86,2,469.0
000000000000000000001f79,1229,2,299.0
000000000000000000001f79,3215,3,24.9
000000000000000000001f79,4545,3,49.9
000000000000000000001f7a,3499,1,1899.0
000000000000000000001f7a,939,2,625.0
000000000000000000001f7b,4799,2,359.0
000000000000000000001f7c,3012,3,58.0
000000000000000000001f7c,4900,1,189.9
000000000000000000001f7c,329,2,649.0
000000000000000000001f7c,1499,2,1899.0
000000000000000000001f7d,4463,2,129.0
000000000000000000001f7d,1502,2,449.9
000000000000000000001f7d,2721,2,1649.0
000000000000000000001f7d,2384,1,319.0
000000000000000000001f7e,894,1,677.0
000000000000000000001f7f,4279,1,250.0
000000000000000000001f7f,634,3,155.0
000000000000000000001f7f,1922,2,429.9
000000000000000000001f7f,3974,1,74.4
000000000000000000001f80,2565,1,949.0
000000000000000000001f81,3894,2,88.5
000000000000000000001f81,1102,2,914.9
000000000000000000001f81,3097,3,1390.0
000000000000000000001f82,402,1,479.0
000000000000000000001f83,146,3,1179.0
000000000000000000001f83,229,1,5890.0
000000000000000000001f84,4118,3,84.8
000000000000000000001f85,3517,1,209.0
000000000000000000001f86,4379,2,112.9
000000000000000000001f87,3125,3,109.9
000000000000000000001f87,2220,2,93.9
000000000000000000001f88,3456,1,499.0
000000000000000000001f88,2643,2,1309.0
000000000000000000001f89,1614,1,1699.0
000000000000000000001f89,3953,3,19.95
000000000000000000001f89,305,1,830.0
000000000000000000001f89,2233,2,257.0
000000000000000000001f8a,4331,1,192.0
000000000000000000001f8a,4037,3,23.9
000000000000000000001f8a,488,3,39.0
000000000000000000001f8a,221,2,1649.0
000000000000000000001f8b,2790,3,2399.0
000000000000000000001f8c,2654,2,1599.0
000000000000000000001f8d,3218,1,1249.0
000000000000000000001f8d,1267,1,50.9
000000000000000000001f8e,263,1,3449.0
000000000000000000001f8e,3651,2,109.0
000000000000000000001f8f,3559,3,29.99
000000000000000000001f90,3150,3,299.0
000000000000000000001f91,4784,3,219.0
000000000000000000001f91,4746,1,529.0
000000000000000000001f91,2282,2,219.0
000000000000000000001f92,5060,1,265.0
000000000000000000001f93,3413,2,129.0
000000000000000000001f93,1417,2,399.0
000000000000000000001f93,1142,2,39.9
000000000000000000001f94,357,1,3999.0
000000000000000000001f94,4271,2,98.0
000000000000000000001f94,5017,2,109.9
000000000000000000001f95,3119,2,399.9
000000000000000000001f95,641,3,269.0
000000000000000000001f96,1645,2,699.9
000000000000000000001f97,1548,3,669.0
000000000000000000001f97,1458,2,1549.0
000000000000000000001f98,2474,3,25.0
000000000000000000001f99,4132,1,69.9
000000000000000000001f99,3360,2,999.0
000000000000000000001f99,4519,3,49.9
000000000000000000001f9a,4814,3,499.0
000000000000000000001f9a,2067,1,109.0
000000000000000000001f9b,4446,1,129.9
000000000000000000001f9b,813,2,367.0
000000000000000000001f9c,1212,3,2769.0
000000000000000000001f9c,2176,3,290.5
000000000000000000001f9c,4506,2,49.9
000000000000000000001f9d,3216,2,449.0
000000000000000000001f9e,928,3,663.9
000000000000000000001f9f,3645,1,188.0
000000000000000000001fa0,2796,2,3239.0
000000000000000000001fa1,4768,1,39.0
000000000000000000001fa1,2842,1,3449.0
000000000000000000001fa2,5159,1,829.0
000000000000000000001fa2,241,2,1760.0
000000000000000000001fa3,1247,3,199.0
000000000000000000001fa4,4272,1,98.0
000000000000000000001fa4,2817,1,4669.0
000000000000000000001fa5,2253,2,104.9
000000000000000000001fa6,349,3,1049.0
000000000000000000001fa6,1099,1,1299.0
000000000000000000001fa6,3688,2,659.0
000000000000000000001fa6,1123,1,699.0
000000000000000000001fa7,2840,3,3600.0
000000000000000000001fa7,4277,3,250.0
000000000000000000001fa8,1380,3,1599.0
000000000000000000001fa8,3073,3,120.9
000000000000000000001fa9,3474,2,89.0
000000000000000000001fa9,226,3,3799.0
000000000000000000001faa,4830,3,474.0
000000000000000000001fab,1788,1,999.0
000000000000000000001fab,997,1,2499.0
000000000000000000001fab,537,1,20.99
000000000000000000001fab,2549,1,249.0
000000000000000000001fac,5161,2,499.0
000000000000000000001fac,70,3,799.0
000000000000000000001fad,1866,2,449.0
000000000000000000001fad,641,3,269.0
000000000000000000001fad,1425,1,3280.0
000000000000000000001fad,142,2,1179.0
000000000000000000001fae,1368,3,1699.0
000000000000000000001faf,4618,2,192.5
000000000000000000001faf,1713,3,1499.0
000000000000000000001faf,4389,3,189.9
000000000000000000001fb0,657,2,99.0
000000000000000000001fb1,1777,1,899.0
000000000000000000001fb2,3982,2,67.0
000000000000000000001fb2,499,3,21.5
000000000000000000001fb3,1211,1,2159.0
000000000000000000001fb3,2226,1,150.0
000000000000000000001fb3,458,2,44.5
000000000000000000001fb4,283,1,899.0
000000000000000000001fb4,3804,1,154.0
000000000000000000001fb5,263,2,3449.0
000000000000000000001fb5,3725,1,70.0
000000000000000000001fb6,2869,3,220.0
000000000000000000001fb6,458,2,44.5
000000000000000000001fb7,1230,2,219.0
000000000000000000001fb8,3747,2,65.0
000000000000000000001fb9,1721,3,1099.0
000000000000000000001fba,4423,3,59.9
000000000000000000001fba,3336,1,999.0
000000000000000000001fba,4838,2,149.0
000000000000000000001fbb,4723,3,64.9
000000000000000000001fbb,1477,1,1850.0
000000000000000000001fbc,1285,2,109.9
000000000000000000001fbc,4767,2,73.9
000000000000000000001fbd,3368,1,779.0
000000000000000000001fbd,1022,3,399.0
000000000000000000001fbe,1286,1,100.0
000000000000000000001fbe,491,2,39.0
000000000000000000001fbe,3893,3,66.9
000000000000000000001fbf,4985,2,299.0
000000000000000000001fbf,2753,1,3699.0
000000000000000000001fbf,2715,3,999.0
000000000000000000001fc0,2569,2,189.0
000000000000000000001fc0,589,2,199.0
000000000000000000001fc1,1218,1,459.0
000000000000000000001fc1,3974,2,74.4
000000000000000000001fc2,1795,1,129.9
000000000000000000001fc3,4903,3,75.0
000000000000000000001fc4,2240,1,243.9
000000000000000000001fc4,4283,3,83.4
000000000000000000001fc4,3544,1,329.0
000000000000000000001fc4,770,1,2609.0
000000000000000000001fc5,701,3,1299.0
000000000000000000001fc5,465,1,189.9
000000000000000000001fc6,4755,2,93.9
000000000000000000001fc6,1881,3,70.0
000000000000000000001fc6,4190,2,279.9
000000000000000000001fc7,2669,3,1349.0
000000000000000000001fc8,1575,3,1089.0
000000000000000000001fc9,3814,3,109.0
000000000000000000001fca,2714,3,899.0
000000000000000000001fca,523,3,129.9
000000000000000000001fcb,4431,1,135.92
000000000000000000001fcb,1855,2,499.0
000000000000000000001fcc,2912,2,999.0
000000000000000000001fcd,3361,3,699.0
000000000000000000001fcd,3506,2,39.9
000000000000000000001fcd,4577,2,49.9
000000000000000000001fcd,4990,1,69.9
000000000000000000001fce,515,2,59.0
000000000000000000001fce,1442,2,540.0
000000000000000000001fcf,4060,2,349.0
000000000000000000001fcf,4649,2,179.0
000000000000000000001fcf,2050,2,659.0
000000000000000000001fd0,3383,3,1299.0
000000000000000000001fd0,3417,2,115.0
000000000000000000001fd1,2712,1,2499.0
000000000000000000001fd2,1133,1,3129.0
000000000000000000001fd3,4756,2,91.5
000000000000000000001fd4,877,3,429.0
000000000000000000001fd4,391,2,849.0
000000000000000000001fd4,1217,1,42.0
000000000000000000001fd4,2023,2,699.0
000000000000000000001fd5,2480,2,35.0
000000000000000000001fd5,332,2,879.0
000000000000000000001fd5,996,3,2225.0
000000000000000000001fd6,1660,2,1889.0
000000000000000000001fd6,1151,1,99.9
000000000000000000001fd6,2423,1,589.0
000000000000000000001fd6,4639,1,90.0
000000000000000000001fd7,1452,2,499.0
000000000000000000001fd8,2446,3,249.0
000000000000000000001fd9,3868,2,19.9
000000000000000000001fda,3784,1,50.9
000000000000000000001fda,1204,3,89.0
000000000000000000001fdb,1117,1,599799.0
000000000000000000001fdb,3963,3,349.0
000000000000000000001fdb,4946,1,46.9
000000000000000000001fdc,4366,2,134.91
000000000000000000001fdd,2993,3,1199.0
000000000000000000001fde,2997,1,520.0
000000000000000000001fde,2363,2,549.0
000000000000000000001fde,5015,3,119.9
000000000000000000001fdf,1839,1,2599.0
000000000000000000001fe0,638,1,130.0
000000000000000000001fe0,1663,1,1038.0
000000000000000000001fe0,3441,1,159.0
000000000000000000001fe0,4097,3,29.99
000000000000000000001fe1,32,3,599.0
000000000000000000001fe1,4239,3,139.0
000000000000000000001fe1,2400,2,289.0
000000000000000000001fe1,3164,2,100.0
000000000000000000001fe2,376,3,3099.0
000000000000000000001fe2,891,3,899.0
000000000000000000001fe2,4209,3,149.9
000000000000000000001fe2,3914,2,46.0
000000000000000000001fe3,2082,1,32.9
000000000000000000001fe3,4563,2,63.48
000000000000000000001fe4,1329,2,2589.0
000000000000000000001fe5,3487,1,1949.0
000000000000000000001fe5,679,2,159.0
000000000000000000001fe5,1957,1,298.0
000000000000000000001fe5,1535,2,1199.0
000000000000000000001fe6,4149,1,24.99
000000000000000000001fe7,652,1,211.19
000000000000000000001fe7,856,1,622.0
000000000000000000001fe8,4912,1,39.9
000000000000000000001fe8,3318,3,2349.0
000000000000000000001fe8,3749,2,25.0
000000000000000000001fe9,551,1,16.0
000000000000000000001fe9,3120,2,659.9
000000000000000000001fea,1424,3,609.0
000000000000000000001fea,3335,2,1599.0
000000000000000000001fea,2979,1,1700.0
000000000000000000001feb,1131,1,89.9
000000000000000000001feb,3704,2,153.93
000000000000000000001feb,600,1,149.0
000000000000000000001feb,1152,3,99.9
000000000000000000001fec,1260,1,359.0
000000000000000000001fec,3758,2,69.0
000000000000000000001fec,1794,2,249.0
000000000000000000001fed,2121,2,39.9
000000000000000000001fed,1184,2,4810.0
000000000000000000001fee,77,3,420.0
000000000000000000001fee,2655,2,1599.0
000000000000000000001fee,2460,3,989.0
000000000000000000001fef,3902,2,69.0
000000000000000000001fef,2040,1,428.0
000000000000000000001ff0,830,3,1199.0
000000000000000000001ff0,3007,3,520.0
000000000000000000001ff1,804,3,839.9
000000000000000000001ff1,1191,2,479.0
000000000000000000001ff2,629,2,199.0
000000000000000000001ff2,4841,3,1920.0
000000000000000000001ff3,2590,1,2361.0
000000000000000000001ff4,57,3,169.99
000000000000000000001ff5,2583,3,195.0
000000000000000000001ff5,3093,2,1249.0
000000000000000000001ff6,3506,1,39.9
000000000000000000001ff6,5133,1,99.0
000000000000000000001ff6,5145,2,1189.0
000000000000000000001ff6,3827,2,79.0
000000000000000000001ff7,228,2,5890.0
000000000000000000001ff7,713,1,512.0
000000000000000000001ff8,307,2,869.0
000000000000000000001ff9,3976,2,74.4
000000000000000000001ff9,3284,2,1679.0
000000000000000000001ff9,3572,3,140.9
000000000000000000001ffa,3145,1,16.0
000000000000000000001ffa,2056,1,399.0
000000000000000000001ffb,5022,3,49.0
000000000000000000001ffb,4064,2,69.0
000000000000000000001ffb,1176,2,92.95
000000000000000000001ffc,4850,1,199.9
000000000000000000001ffd,480,3,12.0
000000000000000000001ffd,3516,2,209.0
000000000000000000001ffe,3271,1,1119.0
000000000000000000001ffe,1782,1,749.0
000000000000000000001ffe,1206,2,220.0
000000000000000000001ffe,3523,2,49.99
000000000000000000001fff,1515,3,2329.0
000000000000000000002000,1494,2,1629.0
000000000000000000002000,2321,3,599.9
000000000000000000002000,456,3,1089.0
000000000000000000002001,4304,1,129.9
000000000000000000002001,3960,1,51.9
000000000000000000002001,446,1,1799.0
000000000000000000002002,340,3,1298.0
000000000000000000002003,4057,2,59.9
000000000000000000002003,5001,3,19.0
000000000000000000002004,816,1,399.0
000000000000000000002004,2590,2,2361.0
000000000000000000002004,3030,2,100.0
000000000000000000002005,4689,1,50.0
000000000000000000002005,1497,2,1699.0
000000000000000000002006,506,2,79.9
000000000000000000002006,2316,2,289.0
000000000000000000002006,1602,2,1528.0
000000000000000000002007,1451,3,499.0
000000000000000000002008,3457,1,499.0
000000000000000000002008,4039,2,23.9
000000000000000000002008,4886,2,408.0
000000000000000000002008,5069,1,370.0
000000000000000000002009,4450,3,129.9
000000000000000000002009,533,3,99.0
000000000000000000002009,2475,3,30.0
00000000000000000000200a,4575,2,49.9
00000000000000000000200a,3130,3,129.0
00000000000000000000200a,847,1,1090.0
00000000000000000000200a,2448,3,251.9
00000000000000000000200b,1822,2,169.0
00000000000000000000200b,3125,2,109.9
00000000000000000000200b,4410,2,49.9
00000000000000000000200c,3979,3,233.0
00000000000000000000200c,97,2,429.0
00000000000000000000200d,2430,3,65.0
00000000000000000000200e,4158,1,53.55
00000000000000000000200e,3341,3,549.0
00000000000000000000200f,2684,2,2299.0
00000000000000000000200f,3946,1,269449.0
00000000000000000000200f,828,2,799.0
000000000000000000002010,524,3,119.0
000000000000000000002010,1234,3,93.9
000000000000000000002010,2749,2,3599.0
000000000000000000002011,3474,2,89.0
000000000000000000002012,2675,2,4449.0
000000000000000000002012,3212,1,32.9
000000000000000000002013,2714,1,899.0
000000000000000000002013,2489,1,167.55
000000000000000000002014,277,1,2599.0
000000000000000000002015,2084,3,39.7
000000000000000000002016,530,2,59.0
000000000000000000002016,425,2,1379.0
000000000000000000002017,4154,3,75.38
000000000000000000002017,4186,1,279.0
000000000000000000002017,176,3,3099.0
000000000000000000002018,2748,3,4799.0
000000000000000000002019,3150,1,299.0
000000000000000000002019,2266,2,209.9
000000000000000000002019,769,1,2455.0
00000000000000000000201a,2482,2,27.9
00000000000000000000201b,1436,2,309.0
00000000000000000000201b,4984,2,299.0
00000000000000000000201c,4886,1,408.0
00000000000000000000201c,3664,2,279.0
00000000000000000000201c,2698,2,1149.0
00000000000000000000201d,1143,3,469.0
00000000000000000000201e,267,1,2896.0
00000000000000000000201e,4434,3,449.9
00000000000000000000201f,2017,3,239.0
000000000000000000002020,3131,1,429.0
000000000000000000002021,2113,3,68.0
000000000000000000002022,5076,2,245.0
000000000000000000002022,3436,1,1199.0
000000000000000000002022,5038,1,93.9
000000000000000000002022,4200,3,199.0
000000000000000000002023,2965,1,999.0
000000000000000000002023,2967,3,1089.0
000000000000000000002023,2708,1,1999.9
000000000000000000002023,3160,3,519.0
000000000000000000002024,5052,2,159.0
000000000000000000002024,516,2,59.0
000000000000000000002024,2311,3,89.0
000000000000000000002025,984,3,359.0
000000000000000000002025,4935,3,35.9
000000000000000000002026,145,1,1159.0
000000000000000000002027,1098,1,439.0
000000000000000000002027,2787,1,99.0
000000000000000000002027,797,1,869.0
000000000000000000002028,7,1,56.9
000000000000000000002029,4547,3,49.9
000000000000000000002029,3652,1,28.9
00000000000000000000202a,5102,3,259.0
00000000000000000000202a,544,1,19.9
00000000000000000000202a,63,3,361.0
00000000000000000000202a,3849,3,639.0
00000000000000000000202b,946,2,1829.0
00000000000000000000202c,2320,3,89.9
00000000000000000000202d,5134,2,209.9
00000000000000000000202e,1797,3,499.0
00000000000000000000202f,2330,2,149.0
00000000000000000000202f,4020,1,23.9
000000000000000000002030,5108,3,259.0
000000000000000000002031,1905,2,128.0
000000000000000000002031,2063,1,125.3
000000000000000000002031,656,2,69.9
000000000000000000002031,523,2,129.9
000000000000000000002032,2432,3,74.9
000000000000000000002032,1733,1,1668.0
000000000000000000002033,3030,2,100.0
000000000000000000002033,819,3,1199.9
000000000000000000002034,3330,1,1299.0
000000000000000000002035,1271,1,399.0
000000000000000000002035,2282,2,219.0
000000000000000000002035,595,2,74.99
000000000000000000002036,3961,2,269.0
000000000000000000002037,4754,3,91.9
000000000000000000002038,4734,2,101.34
000000000000000000002038,4814,1,499.0
000000000000000000002039,768,1,2299.9
00000000000000000000203a,4263,2,168.0
00000000000000000000203a,3520,3,142.0
00000000000000000000203a,1594,2,1599.0
00000000000000000000203b,3104,2,70.0
00000000000000000000203b,3681,1,1699.0
00000000000000000000203b,2472,2,389.0
00000000000000000000203c,1120,3,249.9
00000000000000000000203c,3008,2,690.0
00000000000000000000203c,3389,1,109.0
00000000000000000000203c,1708,2,799.0
00000000000000000000203d,1085,3,699.0
00000000000000000000203e,1131,2,89.9
00000000000000000000203f,2982,2,379.9
000000000000000000002040,78,1,799.0
000000000000000000002040,3853,3,49.9
000000000000000000002040,2480,1,35.0
000000000000000000002040,2252,2,104.9
000000000000000000002041,1550,3,1029.0
000000000000000000002041,1075,3,619.0
000000000000000000002042,1023,2,530.0
000000000000000000002042,5142,1,32.9
000000000000000000002042,3556,2,2499.0
000000000000000000002043,4566,3,34.3
000000000000000000002043,4788,2,649.0
000000000000000000002043,1845,3,1859.0
000000000000000000002044,712,2,512.0
000000000000000000002044,4368,2,200.0
000000000000000000002044,2165,1,62.0
000000000000000000002044,3819,1,99.0
000000000000000000002045,1326,2,4699.0
000000000000000000002045,1041,3,389.0
000000000000000000002045,1339,1,219.4
000000000000000000002045,3420,1,1299.0
000000000000000000002046,1817,1,129.0
000000000000000000002046,4126,2,85.9
000000000000000000002046,4736,2,101.34
000000000000000000002047,1537,1,1599.0
000000000000000000002048,1292,1,65.9
000000000000000000002048,3369,2,699.0
000000000000000000002048,3622,2,39.9
000000000000000000002049,2348,3,240.0
00000000000000000000204a,2976,2,1859.0
00000000000000000000204b,4337,3,749.9
00000000000000000000204c,2065,3,149.0
00000000000000000000204c,2241,3,243.9
00000000000000000000204d,4979,1,39.9
00000000000000000000204e,4366,3,134.91
00000000000000000000204e,1702,1,759.0
00000000000000000000204e,1187,1,110.0
00000000000000000000204f,2921,3,729.9
00000000000000000000204f,750,2,3300.0
000000000000000000002050,4925,1,139.0
000000000000000000002050,4238,1,144.0
000000000000000000002050,2036,1,649.0
000000000000000000002051,453,2,729.0
000000000000000000002052,4411,1,69.9
000000000000000000002052,3926,1,65.9
000000000000000000002053,4556,3,64.0
000000000000000000002053,435,2,79.0
000000000000000000002053,470,2,49.9
000000000000000000002054,5097,1,89.9
000000000000000000002054,2033,1,369.0
000000000000000000002054,3097,1,1390.0
000000000000000000002055,3518,3,209.0
000000000000000000002056,4613,1,159.0
000000000000000000002056,1176,2,92.95
000000000000000000002057,1232,1,239.0
000000000000000000002057,3017,2,690.0
000000000000000000002057,3796,1,59.9
000000000000000000002057,4925,3,139.0
000000000000000000002058,4965,1,59.0
000000000000000000002059,3317,1,1849.0
000000000000000000002059,3424,2,849.0
00000000000000000000205a,569,1,81.9
00000000000000000000205a,1109,1,599.0
00000000000000000000205b,1068,2,289.0
00000000000000000000205b,1194,1,169.0
00000000000000000000205c,4055,3,59.9
00000000000000000000205c,4211,2,139.3
00000000000000000000205c,2740,3,2999.0
00000000000000000000205d,1908,3,739.0
00000000000000000000205d,4425,2,79.9
00000000000000000000205d,3244,2,349.9
00000000000000000000205d,3928,2,109.9
00000000000000000000205e,3317,1,1849.0
00000000000000000000205e,3896,3,105.9
00000000000000000000205f,4711,2,219.99
00000000000000000000205f,4725,3,102.9
00000000000000000000205f,4723,2,64.9
000000000000000000002060,3958,1,169.0
000000000000000000002060,4312,3,135.0
000000000000000000002060,1194,3,169.0
000000000000000000002060,1429,2,3120.0
000000000000000000002061,1804,1,1139.0
000000000000000000002061,2508,2,109.0
000000000000000000002061,400,1,479.0
000000000000000000002061,3562,3,52.0
000000000000000000002062,3881,2,249.0
000000000000000000002063,4107,3,49.99
000000000000000000002064,4308,3,129.9
000000000000000000002064,4293,3,119.9
000000000000000000002065,2336,3,289.0
000000000000000000002065,2396,3,299.0
000000000000000000002066,2750,3,3599.0
000000000000000000002066,1886,1,199.0
000000000000000000002066,4922,2,99.0
000000000000000000002066,544,2,19.9
000000000000000000002067,4717,3,36.0
000000000000000000002068,416,3,39.0
000000000000000000002068,1430,2,3100.0
000000000000000000002068,3854,1,49.9
000000000000000000002069,2775,3,2999.0
000000000000000000002069,4104,2,107.0
000000000000000000002069,1716,1,1299.0
00000000000000000000206a,4299,2,249.95
00000000000000000000206a,3516,1,209.0
00000000000000000000206a,3813,3,79.0
00000000000000000000206b,1977,1,779.0
00000000000000000000206b,3213,3,269.9
00000000000000000000206c,2594,1,3299.0
00000000000000000000206c,53,3,399.0
00000000000000000000206c,3551,3,529.0
00000000000000000000206d,4187,1,230.3
00000000000000000000206d,4236,3,134.0
00000000000000000000206e,1905,1,128.0
00000000000000000000206f,1643,2,1789.0
00000000000000000000206f,128,2,2529.0
000000000000000000002070,3093,2,1249.0
000000000000000000002070,2429,1,149.0
000000000000000000002071,3743,3,74.9
000000000000000000002072,5002,1,230.0
000000000000000000002072,4528,3,49.9
000000000000000000002072,4169,1,329.0
000000000000000000002072,1070,2,139.9
000000000000000000002073,975,3,629.99
000000000000000000002074,1691,3,1049.0
000000000000000000002075,385,1,3449.0
000000000000000000002076,484,3,74.9
000000000000000000002076,4790,2,539.0
000000000000000000002077,4002,2,259.0
000000000000000000002078,5031,1,189.9
000000000000000000002079,1610,3,899.0
000000000000000000002079,4764,1,649.0
000000000000000000002079,1077,2,199.9
00000000000000000000207a,4136,1,40.0
00000000000000000000207b,4969,2,99.0
00000000000000000000207c,4002,3,259.0
00000000000000000000207c,4998,3,19.9
00000000000000000000207d,962,1,199.0
00000000000000000000207d,3455,1,949.0
00000000000000000000207d,238,3,3599.0
00000000000000000000207e,654,2,159.0
00000000000000000000207e,716,1,799.0
00000000000000000000207f,121,2,3099.0
00000000000000000000207f,2317,2,329.0
00000000000000000000207f,454,1,1029.0
00000000000000000000207f,1316,2,59.9
000000000000000000002080,2011,1,306.0
000000000000000000002080,1082,2,762.0
000000000000000000002081,699,3,499.0
000000000000000000002081,3912,2,42.0
000000000000000000002082,1312,2,349.0
000000000000000000002082,3893,3,66.9
000000000000000000002082,3401,2,820.0
000000000000000000002083,2085,1,129.0
000000000000000000002084,1535,1,1199.0
000000000000000000002085,383,2,3719.0
000000000000000000002085,3193,2,299.9
000000000000000000002085,2320,3,89.9
000000000000000000002086,2216,2,69.9
000000000000000000002086,2078,1,36.9
000000000000000000002087,3808,1,79.9
000000000000000000002088,4246,1,69.9
000000000000000000002088,1922,3,429.9
000000000000000000002089,3601,3,8.9
000000000000000000002089,201,2,3259.0
000000000000000000002089,4896,1,469.99
000000000000000000002089,4516,2,49.9
00000000000000000000208a,1575,3,1089.0
00000000000000000000208b,3065,2,800.0
00000000000000000000208c,4138,1,139.0
00000000000000000000208c,3871,1,55.0
00000000000000000000208c,1010,1,1499.0
00000000000000000000208d,564,1,299.0
00000000000000000000208e,409,3,1349.0
00000000000000000000208f,1121,3,24.9
000000000000000000002090,4868,3,35.5
000000000000000000002090,3848,1,61.9
000000000000000000002090,3596,1,55.0
000000000000000000002091,1763,1,899.0
000000000000000000002091,2490,2,95.0
000000000000000000002091,4455,2,195.0
000000000000000000002092,3995,1,25.9
000000000000000000002093,3083,1,949.0
000000000000000000002093,2071,1,105.0
000000000000000000002094,4376,3,114.99
000000000000000000002095,5051,1,320.0
000000000000000000002096,427,3,109.9
000000000000000000002097,164,1,1159.0
000000000000000000002098,416,3,39.0
000000000000000000002098,553,3,179.0
000000000000000000002099,1498,2,1669.9
000000000000000000002099,2333,1,329.0
00000000000000000000209a,4975,2,29.9
00000000000000000000209a,3265,1,619.0
00000000000000000000209b,1445,1,1399.9
00000000000000000000209b,4262,3,109159.0
00000000000000000000209c,3745,1,669.0
00000000000000000000209d,4498,3,49.9
00000000000000000000209d,2906,1,989.0
00000000000000000000209d,5143,2,139.9
00000000000000000000209d,3670,2,24.5
00000000000000000000209e,3567,3,140.9
00000000000000000000209e,3779,3,169.9
00000000000000000000209e,2783,3,2799.0
00000000000000000000209f,1092,3,179.9
00000000000000000000209f,5147,3,124.0
00000000000000000000209f,4040,2,23.9
00000000000000000000209f,325,2,599.0
0000000000000000000020a0,385,3,3449.0
0000000000000000000020a1,4882,3,129.0
0000000000000000000020a1,428,2,122.9
0000000000000000000020a1,4539,2,49.9
0000000000000000000020a2,1444,3,400.0
0000000000000000000020a2,261,2,1599.0
0000000000000000000020a2,839,2,799.0
0000000000000000000020a3,2067,3,109.0
0000000000000000000020a4,883,2,320.0
0000000000000000000020a4,1227,1,103.5
0000000000000000000020a4,4045,2,49.0
0000000000000000000020a4,462,2,189.9
0000000000000000000020a5,2118,2,45.0
0000000000000000000020a5,2282,1,219.0
0000000000000000000020a6,2988,2,2709.0
0000000000000000000020a6,111,1,1429.0
0000000000000000000020a7,2845,3,3499.0
0000000000000000000020a8,3341,1,549.0
0000000000000000000020a8,4210,1,139.3
0000000000000000000020a8,1005,1,909.0
0000000000000000000020a8,909,2,519.0
0000000000000000000020a9,2065,1,149.0
0000000000000000000020aa,3758,1,69.0
0000000000000000000020ab,1759,2,74.9
0000000000000000000020ab,1862,3,419.0
0000000000000000000020ac,4540,1,49.9
0000000000000000000020ad,513,1,49.0
0000000000000000000020ad,301,2,2719.0
0000000000000000000020ad,3249,3,68.9
0000000000000000000020ae,4816,3,179.0
0000000000000000000020ae,1989,1,245.0
0000000000000000000020af,1565,2,729.0
0000000000000000000020af,2270,2,159.0
0000000000000000000020af,5141,3,2600.0
0000000000000000000020b0,4156,2,124.9
0000000000000000000020b0,2154,3,40.4
0000000000000000000020b0,509,3,79.0
0000000000000000000020b1,934,3,899.0
0000000000000000000020b1,4481,2,39.95
0000000000000000000020b2,2693,3,3999.0
0000000000000000000020b2,425,2,1379.0
0000000000000000000020b3,2981,3,349.9
0000000000000000000020b4,4530,1,49.9
0000000000000000000020b4,5043,1,399.0
0000000000000000000020b4,4457,1,55.3
0000000000000000000020b4,1922,2,429.9
0000000000000000000020b5,4296,1,99.96
0000000000000000000020b6,4934,1,55.0
0000000000000000000020b6,2782,2,569.99
0000000000000000000020b6,4658,3,149.0
0000000000000000000020b6,4127,3,35.0
0000000000000000000020b7,3999,2,25.9
0000000000000000000020b8,429,2,149.0
0000000000000000000020b8,305,1,830.0
0000000000000000000020b9,2407,3,979.0
0000000000000000000020b9,1152,3,99.9
0000000000000000000020ba,1155,3,49.8
0000000000000000000020bb,3731,2,69.9
0000000000000000000020bc,3674,1,1459.0
0000000000000000000020bc,334,1,729.0
0000000000000000000020bc,930,2,649.0
0000000000000000000020bc,1997,2,619.0
0000000000000000000020bd,4040,2,23.9
0000000000000000000020bd,4873,1,109.0
0000000000000000000020bd,4629,2,79.9
0000000000000000000020be,4131,1,107.8
0000000000000000000020bf,1361,2,489.0
0000000000000000000020bf,1492,3,1688.0
0000000000000000000020bf,2602,2,2599.0
0000000000000000000020bf,3011,1,58.0
0000000000000000000020c0,1806,3,649.0
0000000000000000000020c1,3551,2,529.0
0000000000000000000020c1,248,1,1729.0
0000000000000000000020c2,4063,1,49.0
0000000000000000000020c3,2097,3,199.0
0000000000000000000020c3,2870,2,250.0
0000000000000000000020c3,1710,3,849.0
0000000000000000000020c4,2862,2,699.0
0000000000000000000020c4,1636,1,1689.0
0000000000000000000020c4,2533,2,179.0
0000000000000000000020c4,77,2,420.0
0000000000000000000020c5,4422,1,59.9
0000000000000000000020c6,3328,2,499.0
0000000000000000000020c7,1381,3,509.0
0000000000000000000020c7,3181,2,42.99
0000000000000000000020c7,3726,1,70.0
0000000000000000000020c7,2462,3,399.0
0000000000000000000020c8,641,3,269.0
0000000000000000000020c8,3611,1,1399.0
0000000000000000000020c9,1140,2,179.9
0000000000000000000020ca,1635,2,1299.0
0000000000000000000020ca,4326,1,59.9
0000000000000000000020ca,3459,2,529.0
0000000000000000000020ca,915,3,859.0
0000000000000000000020cb,850,2,1139.0
0000000000000000000020cc,2628,1,1109.0
0000000000000000000020cc,102,2,389.9
0000000000000000000020cd,955,3,1499.0
0000000000000000000020ce,3236,2,499.9
0000000000000000000020ce,751,2,419.0
0000000000000000000020cf,4495,1,59.0
0000000000000000000020cf,2482,1,27.9
0000000000000000000020d0,3820,2,105.0
0000000000000000000020d1,1939,3,262.0
0000000000000000000020d1,80,1,369.0
0000000000000000000020d1,1471,1,1464.0
0000000000000000000020d2,414,2,2705.0
0000000000000000000020d3,3809,1,79.9
0000000000000000000020d3,79,3,409.0
0000000000000000000020d3,2144,2,139.0
0000000000000000000020d4,1129,2,379.0
0000000000000000000020d4,2423,1,589.0
0000000000000000000020d5,4507,2,49.9
0000000000000000000020d5,3627,1,349.9
0000000000000000000020d6,3073,2,120.9
0000000000000000000020d7,4009,2,25.9
0000000000000000000020d8,3852,2,32.9
0000000000000000000020d8,4269,1,175.0
0000000000000000000020d9,5047,2,475.0
0000000000000000000020d9,1573,3,899.99
0000000000000000000020da,3294,3,799.0
0000000000000000000020db,2853,2,1299.0
0000000000000000000020db,2276,2,199.0
0000000000000000000020dc,3750,1,28.0
0000000000000000000020dd,4589,1,54.9
0000000000000000000020dd,55,1,399.0
0000000000000000000020dd,949,1,1599.0
0000000000000000000020de,3774,2,79.0
0000000000000000000020de,472,2,99.0
0000000000000000000020de,2517,2,339.0
0000000000000000000020df,4577,3,49.9
0000000000000000000020df,4427,2,49.9
0000000000000000000020df,4558,1,25.0
0000000000000000000020e0,2516,1,189.0
0000000000000000000020e1,3341,1,549.0
0000000000000000000020e2,4510,1,49.9
0000000000000000000020e2,2498,1,2899.0
0000000000000000000020e3,4956,3,86.9
0000000000000000000020e3,3983,1,60.99
0000000000000000000020e3,3447,3,999.0
0000000000000000000020e4,3878,3,59.9
0000000000000000000020e4,2516,1,189.0
0000000000000000000020e4,1718,3,1599.0
0000000000000000000020e5,1949,3,229.0
0000000000000000000020e6,4709,1,35.0
0000000000000000000020e7,4679,2,168.0
0000000000000000000020e8,1012,3,253.15
0000000000000000000020e8,1184,1,4810.0
0000000000000000000020e8,1925,3,1069.0
0000000000000000000020e8,3710,1,93.0
0000000000000000000020e9,4373,3,108.9
0000000000000000000020e9,4978,2,169.0
0000000000000000000020ea,2885,1,789.0
0000000000000000000020eb,199,2,3259.0
0000000000000000000020ec,3785,1,64.9
0000000000000000000020ec,2763,1,869.0
0000000000000000000020ed,3303,1,1099.0
0000000000000000000020ed,2421,1,619.0
0000000000000000000020ee,1387,3,2429.0
0000000000000000000020ef,1831,1,739.0
0000000000000000000020ef,3245,2,899.0
0000000000000000000020ef,4932,3,29.9
0000000000000000000020f0,4385,3,239.95
0000000000000000000020f0,3571,1,140.9
0000000000000000000020f0,4937,3,38.39
0000000000000000000020f0,728,1,707.0
0000000000000000000020f1,1073,3,1184.0
0000000000000000000020f2,2060,1,569.0
0000000000000000000020f2,909,3,519.0
0000000000000000000020f2,278,1,898.0
0000000000000000000020f3,646,1,150.0
0000000000000000000020f4,4521,3,49.9
0000000000000000000020f5,4768,1,39.0
0000000000000000000020f5,170,2,1749.0
0000000000000000000020f6,1210,3,93.9
0000000000000000000020f6,4833,1,799.0
0000000000000000000020f7,2889,1,699.0
0000000000000000000020f7,2225,2,130.0
0000000000000000000020f8,1807,3,649.0
0000000000000000000020f8,4549,2,69.9
0000000000000000000020f8,704,1,339.9
0000000000000000000020f9,3885,1,199.0
0000000000000000000020f9,5018,1,109.9
0000000000000000000020f9,1496,3,1699.0
0000000000000000000020fa,203,3,3279.0
0000000000000000000020fb,3786,2,59.9
0000000000000000000020fb,1365,3,229.0
0000000000000000000020fb,3162,1,399.0
0000000000000000000020fc,1419,2,199.0
0000000000000000000020fc,830,1,1199.0
0000000000000000000020fc,4269,2,175.0
0000000000000000000020fd,4403,2,479.9
0000000000000000000020fe,4834,2,959.0
0000000000000000000020fe,1646,1,1899.0
0000000000000000000020ff,2516,2,189.0
000000000000000000002100,2526,3,5549.9
000000000000000000002100,2764,2,869.0
000000000000000000002100,4341,1,84.95
000000000000000000002101,4090,3,49.9
000000000000000000002101,2597,2,5798.0
000000000000000000002102,2773,3,570.0
000000000000000000002103,3753,1,119.9
000000000000000000002103,4201,2,149.9
000000000000000000002104,1100,1,1799.0
000000000000000000002105,378,2,3099.0
000000000000000000002105,1243,2,429.9
000000000000000000002105,105,2,799.0
000000000000000000002106,661,3,199.0
000000000000000000002107,3620,3,22.9
000000000000000000002107,3115,1,64.9
000000000000000000002108,3658,2,135.0
000000000000000000002108,4503,1,49.9
000000000000000000002109,4044,3,80.0
000000000000000000002109,4072,3,119.9
000000000000000000002109,3360,2,999.0
000000000000000000002109,3948,1,38.99
00000000000000000000210a,4902,1,100.0
00000000000000000000210a,1366,3,209.0
00000000000000000000210a,2859,3,520.9
00000000000000000000210b,1454,1,236.9
00000000000000000000210b,5050,2,320.0
00000000000000000000210c,4497,1,49.9
00000000000000000000210d,1631,3,1499.0
00000000000000000000210e,3800,2,99.99
00000000000000000000210e,4591,3,54.9
00000000000000000000210f,736,1,2999.0
000000000000000000002110,2568,2,659.0
000000000000000000002110,667,1,653.0
000000000000000000002111,4045,2,49.0
000000000000000000002112,2541,2,199.0
000000000000000000002112,3803,1,89.0
000000000000000000002113,3914,1,46.0
000000000000000000002113,1564,1,939.0
000000000000000000002113,4156,3,124.9
000000000000000000002113,2486,1,299.0
000000000000000000002114,171,3,1185.0
000000000000000000002115,831,3,909.0
000000000000000000002116,4235,1,150.0
000000000000000000002117,2471,1,599.0
000000000000000000002117,3588,1,165.0
000000000000000000002117,3277,1,1.0
000000000000000000002118,4735,2,101.34
000000000000000000002119,3026,3,1200.0
000000000000000000002119,3932,3,199.0
00000000000000000000211a,1616,1,1699.0
00000000000000000000211a,2713,2,2999.0
00000000000000000000211b,2936,2,779.0
00000000000000000000211b,2791,3,2699.0
00000000000000000000211b,2558,1,369.0
00000000000000000000211b,3279,1,1.0
00000000000000000000211c,813,1,367.0
00000000000000000000211c,1088,3,85.0
00000000000000000000211c,4251,2,49.9
00000000000000000000211d,4415,2,69.9
00000000000000000000211e,1589,2,1399.0
00000000000000000000211f,180,1,1699.0
00000000000000000000211f,372,3,799.0
00000000000000000000211f,2678,3,1799.0
00000000000000000000211f,3347,2,579.0
000000000000000000002120,3151,1,299.0
000000000000000000002121,3593,2,25.0
000000000000000000002122,1377,3,1699.0
000000000000000000002123,4417,1,79.9
000000000000000000002123,2821,3,4799.0
000000000000000000002124,2842,1,3449.0
000000000000000000002125,4772,2,69.0
000000000000000000002125,1471,3,1464.0
000000000000000000002126,4660,3,1619.0
000000000000000000002126,3149,2,16.9
000000000000000000002127,4266,1,72.0
000000000000000000002128,3343,2,729.0
000000000000000000002128,3576,1,100.0
000000000000000000002129,4526,3,49.9
000000000000000000002129,3102,2,53.0
00000000000000000000212a,953,3,889.0
00000000000000000000212b,1014,1,599.0
00000000000000000000212b,40,2,519.0
00000000000000000000212b,1286,3,100.0
00000000000000000000212b,1200,1,229.0
00000000000000000000212c,4287,1,79.0
00000000000000000000212c,176,2,3099.0
00000000000000000000212c,4366,1,134.91
00000000000000000000212d,4415,1,69.9
00000000000000000000212d,1477,2,1850.0
00000000000000000000212d,3620,3,22.9
00000000000000000000212d,3248,3,44.9
00000000000000000000212e,660,2,99.0
00000000000000000000212e,3862,1,45.0
00000000000000000000212e,5048,1,299.0
00000000000000000000212e,1375,3,409.0
00000000000000000000212f,3582,3,200.0
00000000000000000000212f,493,3,39.0
00000000000000000000212f,3083,3,949.0
000000000000000000002130,1968,3,449.0
000000000000000000002130,3275,2,2649.0
000000000000000000002131,3905,1,119.5
000000000000000000002131,1754,1,899.0
000000000000000000002131,978,1,539.0
000000000000000000002132,3231,1,499.9
000000000000000000002133,1825,3,249.0
000000000000000000002133,4487,1,55.9
000000000000000000002134,2749,2,3599.0
000000000000000000002134,4416,1,69.9
000000000000000000002135,3518,1,209.0
000000000000000000002136,3084,2,129.0
000000000000000000002136,1827,2,249.0
000000000000000000002136,4841,1,1920.0
000000000000000000002136,141,3,1189.0
000000000000000000002137,4324,1,120.0
000000000000000000002138,3360,3,999.0
000000000000000000002138,175,3,3099.0
000000000000000000002139,2040,1,428.0
000000000000000000002139,3192,1,249.9
00000000000000000000213a,2813,2,4409.0
00000000000000000000213a,5175,3,629.91
00000000000000000000213b,2758,1,4259.0
00000000000000000000213b,1293,3,120.9
00000000000000000000213c,3134,2,29.9
00000000000000000000213d,132,1,2549.0
00000000000000000000213d,4747,1,799.0
00000000000000000000213e,4945,3,99.0
00000000000000000000213e,82,1,389.0
00000000000000000000213e,685,1,179.9
00000000000000000000213e,2696,3,3999.0
00000000000000000000213f,3471,1,185.0
00000000000000000000213f,2956,3,749.0
000000000000000000002140,4369,3,103.9
000000000000000000002141,428,1,122.9
000000000000000000002142,1663,2,1038.0
000000000000000000002142,2327,3,764.0
000000000000000000002143,530,1,59.0
000000000000000000002144,3381,2,1229.0
000000000000000000002145,3603,1,42.0
000000000000000000002145,4065,2,69.0
000000000000000000002146,3191,3,425.0
000000000000000000002146,4501,3,49.9
000000000000000000002147,1026,3,680.0
000000000000000000002147,838,1,489.0
000000000000000000002148,4957,3,86.9
000000000000000000002149,4853,1,98.0
000000000000000000002149,3046,3,349.9
00000000000000000000214a,4117,2,19.96
00000000000000000000214a,189,1,1699.0
00000000000000000000214b,3183,2,219.9
00000000000000000000214c,3066,2,1500.0
00000000000000000000214c,1990,1,499.0
00000000000000000000214c,315,1,1499.0
00000000000000000000214c,1594,1,1599.0
00000000000000000000214d,2723,1,1649.0
00000000000000000000214d,894,1,677.0
00000000000000000000214d,18,3,399.0
00000000000000000000214e,1390,2,2729.0
00000000000000000000214e,3239,1,2299.0
00000000000000000000214e,2224,2,125.0
00000000000000000000214f,2960,3,989.0
00000000000000000000214f,4699,2,109.0
00000000000000000000214f,2005,2,925.0
000000000000000000002150,2130,2,209.0
000000000000000000002150,1517,2,399.0
000000000000000000002151,4761,3,109.0
000000000000000000002152,2671,3,4449.0
000000000000000000002152,735,3,630.0
000000000000000000002153,903,1,769.0
000000000000000000002153,3244,3,349.9
000000000000000000002153,243,3,1760.0
000000000000000000002153,1669,3,979.0
000000000000000000002154,3961,1,269.0
000000000000000000002154,4572,3,40.0
000000000000000000002154,5011,2,189.9
000000000000000000002154,2482,1,27.9
000000000000000000002155,1127,1,304.9
000000000000000000002155,4114,3,209.9
000000000000000000002156,313,3,899.0
000000000000000000002157,4712,1,35.0
000000000000000000002157,4233,2,64.9
000000000000000000002157,5111,1,289.0
000000000000000000002158,1420,1,359.0
000000000000000000002158,2589,2,2361.0
000000000000000000002159,4132,2,69.9
000000000000000000002159,2697,1,1149.0
000000000000000000002159,303,2,794.0
00000000000000000000215a,4323,3,120.0
00000000000000000000215a,4374,3,103.9
00000000000000000000215b,1506,2,2619.0
00000000000000000000215b,3214,2,14.9
00000000000000000000215c,1937,1,220.0
00000000000000000000215d,2553,2,49.9
00000000000000000000215e,3015,3,800.0
00000000000000000000215f,86,3,469.0
00000000000000000000215f,2413,2,83.9
000000000000000000002160,3164,1,100.0
000000000000000000002160,997,3,2499.0
000000000000000000002160,2111,3,29.9
000000000000000000002160,2744,3,3199.0
000000000000000000002161,1878,1,449.0
000000000000000000002162,326,1,399.9
000000000000000000002162,2472,2,389.0
000000000000000000002162,4778,2,168.94
000000000000000000002163,508,2,79.0
000000000000000000002164,2385,3,309.0
000000000000000000002164,465,2,189.9
000000000000000000002165,2359,1,185.0
000000000000000000002165,2412,3,83.9
000000000000000000002165,2844,1,3599.0
000000000000000000002166,1310,3,74.9
000000000000000000002166,4386,3,249.9
000000000000000000002167,2325,1,76.9
000000000000000000002167,4894,3,199.99
000000000000000000002167,3897,2,39.9
000000000000000000002168,2459,3,60.0
000000000000000000002169,4091,2,49.9
00000000000000000000216a,1533,3,1399.0
00000000000000000000216a,1698,1,799.0
00000000000000000000216a,4492,3,55.9
00000000000000000000216b,3543,3,349.0
00000000000000000000216b,4604,1,165.0
00000000000000000000216b,5024,3,69.0
00000000000000000000216c,263,1,3449.0
00000000000000000000216c,3871,2,55.0
00000000000000000000216d,2653,3,1599.0
00000000000000000000216e,852,2,509.0
00000000000000000000216e,1779,1,899.0
00000000000000000000216e,3555,3,1159.0
00000000000000000000216e,101,2,539.0
00000000000000000000216f,1501,1,1799.0
00000000000000000000216f,4085,2,42.9
000000000000000000002170,4092,1,49.9
000000000000000000002170,2561,1,39.99
000000000000000000002171,3257,3,1139.9
000000000000000000002171,1717,2,1599.0
000000000000000000002171,5055,1,320.0
000000000000000000002172,4734,3,101.34
000000000000000000002173,5156,2,139.9
000000000000000000002174,317,3,425.9
000000000000000000002175,2307,2,309.9
000000000000000000002175,845,1,1199.0
000000000000000000002175,1167,2,199.0
000000000000000000002175,3117,1,550.0
000000000000000000002176,3790,2,50.9
000000000000000000002177,3727,1,70.0
000000000000000000002178,3568,1,140.9
000000000000000000002179,1819,2,849.9
000000000000000000002179,4997,2,39.9
00000000000000000000217a,4238,2,144.0
00000000000000000000217a,89,2,409.0
00000000000000000000217a,2903,2,979.99
00000000000000000000217b,1939,3,262.0
00000000000000000000217b,38,1,519.0
00000000000000000000217c,2018,2,249.0
00000000000000000000217c,1906,1,849.0
00000000000000000000217c,3204,3,226.9
00000000000000000000217d,1305,3,319.0
00000000000000000000217d,4570,1,27.3
00000000000000000000217e,4656,2,129.9
00000000000000000000217f,4038,3,23.9
000000000000000000002180,3404,2,4049.0
000000000000000000002180,4160,1,199.0
000000000000000000002180,1243,1,429.9
000000000000000000002180,87,3,469.0
000000000000000000002181,3800,3,99.99
000000000000000000002181,2426,2,489.0
000000000000000000002181,1379,3,1799.0
000000000000000000002182,4575,1,49.9
000000000000000000002182,3854,2,49.9
000000000000000000002183,3132,2,79.9
000000000000000000002184,1757,2,74.9
000000000000000000002184,881,2,399.0
000000000000000000002185,4549,2,69.9
000000000000000000002185,3820,1,105.0
000000000000000000002186,2427,2,489.0
000000000000000000002187,4298,1,119.9
000000000000000000002188,1172,1,87.27
000000000000000000002188,4469,3,79.0
000000000000000000002189,5178,1,5999.99
000000000000000000002189,5047,1,475.0
00000000000000000000218a,2311,2,89.0
00000000000000000000218a,2795,3,2999.0
00000000000000000000218b,4125,3,64.9
00000000000000000000218c,812,3,193.0
00000000000000000000218c,5015,2,119.9
00000000000000000000218c,3338,3,2399.0
00000000000000000000218d,2043,2,475.0
00000000000000000000218d,1996,2,558.0
00000000000000000000218d,2918,1,979.0
00000000000000000000218e,1356,2,74.9
00000000000000000000218e,1483,3,1789.0
00000000000000000000218e,3659,3,29.9
00000000000000000000218e,73,3,345.0
00000000000000000000218f,2559,3,378.9
00000000000000000000218f,1478,3,1789.0
000000000000000000002190,1739,3,1699.0
000000000000000000002190,3543,1,349.0
000000000000000000002191,3172,3,199.9
000000000000000000002191,2003,1,599.0
000000000000000000002191,1159,1,340.0
000000000000000000002192,2097,3,199.0
000000000000000000002193,4396,3,349.9
000000000000000000002193,3398,2,139.0
000000000000000000002194,4727,1,99.0
000000000000000000002194,2097,3,199.0
000000000000000000002194,4704,2,319.0
000000000000000000002195,4129,1,59.5
000000000000000000002195,456,1,1089.0
000000000000000000002196,4473,1,59.9
000000000000000000002197,920,3,622.0
000000000000000000002198,4872,1,119.0
000000000000000000002198,3888,3,209.0
000000000000000000002198,1840,3,899.0
000000000000000000002199,848,3,999.0
000000000000000000002199,3410,2,145.0
00000000000000000000219a,2835,3,3599.0
00000000000000000000219a,2361,1,60.0
00000000000000000000219b,822,2,654.44
00000000000000000000219b,2629,3,819869.0
00000000000000000000219c,791,3,1269.0
00000000000000000000219c,3689,2,1199.0
00000000000000000000219d,1859,3,409.0
00000000000000000000219d,2320,2,89.9
00000000000000000000219e,1554,2,8900.0
00000000000000000000219e,1150,2,99.9
00000000000000000000219f,2066,1,110.0
00000000000000000000219f,5166,1,79.0
0000000000000000000021a0,3495,3,1799.0
0000000000000000000021a0,3160,3,519.0
0000000000000000000021a1,717,1,799.0
0000000000000000000021a2,3889,1,71.9
0000000000000000000021a2,3135,3,1049.0
0000000000000000000021a2,2939,2,279.9
0000000000000000000021a2,1267,2,50.9
0000000000000000000021a3,1537,3,1599.0
0000000000000000000021a3,4225,1,77.9
0000000000000000000021a4,493,3,39.0
0000000000000000000021a4,2348,2,240.0
0000000000000000000021a5,215,1,949.0
0000000000000000000021a5,3727,2,70.0
0000000000000000000021a5,2584,3,2054.0
0000000000000000000021a6,607,2,239.0
0000000000000000000021a7,576,1,109.0
0000000000000000000021a7,4191,1,132.3
0000000000000000000021a7,4737,3,699.5
0000000000000000000021a8,2225,2,130.0
0000000000000000000021a8,1028,1,218.0
0000000000000000000021a9,1951,2,259.0
0000000000000000000021aa,1329,2,2589.0
0000000000000000000021ab,2095,2,299.0
0000000000000000000021ab,938,2,625.0
0000000000000000000021ab,2493,1,599.99
0000000000000000000021ac,4001,1,24.89
0000000000000000000021ad,3964,3,349.0
0000000000000000000021ad,719,2,779.0
0000000000000000000021ae,426,1,69.0
0000000000000000000021ae,2094,1,88.0
0000000000000000000021ae,4719,3,190.0
0000000000000000000021ae,4741,3,93.9
0000000000000000000021af,242,3,1760.0
0000000000000000000021b0,599,1,409.9
0000000000000000000021b1,3556,3,2499.0
0000000000000000000021b1,4015,2,22.99
0000000000000000000021b1,2003,2,599.0
0000000000000000000021b1,4410,2,49.9
0000000000000000000021b2,3747,3,65.0
0000000000000000000021b2,207,3,3279.0
0000000000000000000021b2,1986,1,278.0
0000000000000000000021b3,4461,1,249.0
0000000000000000000021b4,1799,1,1300.0
0000000000000000000021b5,303,2,794.0
0000000000000000000021b5,843,2,449.9
0000000000000000000021b5,2401,1,289.0
0000000000000000000021b6,1508,1,3170.0
0000000000000000000021b6,3999,1,25.9
0000000000000000000021b7,1939,1,262.0
0000000000000000000021b7,3086,2,639.0
0000000000000000000021b8,3575,3,100.0
0000000000000000000021b8,2026,2,89.9
0000000000000000000021b9,4153,2,109.0
0000000000000000000021ba,3701,1,9.9
0000000000000000000021ba,4945,1,99.0
0000000000000000000021bb,3076,2,86.9
0000000000000000000021bc,3888,1,209.0
0000000000000000000021bd,3800,1,99.99
0000000000000000000021be,900,2,379.0
0000000000000000000021bf,2681,1,999.0
0000000000000000000021c0,2700,2,1149.0
0000000000000000000021c0,1969,2,449.99
0000000000000000000021c0,4456,2,195.0
0000000000000000000021c1,2230,3,499.0
0000000000000000000021c2,4773,3,74.9
0000000000000000000021c2,1089,1,120.0
0000000000000000000021c3,3959,3,169.0
0000000000000000000021c4,4920,2,139.0
0000000000000000000021c4,3123,3,24.9
0000000000000000000021c4,4373,2,108.9
0000000000000000000021c5,2759,2,6899.0
0000000000000000000021c5,4310,2,179.9
0000000000000000000021c6,3031,3,100.0
0000000000000000000021c7,244,2,1760.0
0000000000000000000021c7,2913,3,999.0
0000000000000000000021c8,1539,1,3109.0
0000000000000000000021c8,3575,1,100.0
0000000000000000000021c9,200,1,3259.0
0000000000000000000021c9,3483,3,1899.0
0000000000000000000021ca,1998,3,549.0
0000000000000000000021ca,3457,1,499.0
0000000000000000000021ca,4793,1,599.0
0000000000000000000021cb,532,1,32.9
0000000000000000000021cb,4723,2,64.9
0000000000000000000021cc,749,3,649.0
0000000000000000000021cc,3433,1,1099.0
0000000000000000000021cd,3865,3,19.9
0000000000000000000021ce,3972,1,189.0
0000000000000000000021ce,481,1,10.0
0000000000000000000021ce,1526,3,701.0
0000000000000000000021cf,890,3,589.0
0000000000000000000021d0,1534,3,1469.0
0000000000000000000021d0,4829,2,140.0
0000000000000000000021d1,1655,3,1089.0
0000000000000000000021d1,1613,1,1599.0
0000000000000000000021d1,2111,3,29.9
0000000000000000000021d2,1632,1,2099.0
0000000000000000000021d2,60,2,400.0
0000000000000000000021d3,5153,1,5590.0
0000000000000000000021d4,121,3,3099.0
0000000000000000000021d4,2092,2,129.0
0000000000000000000021d4,3962,2,349.0
0000000000000000000021d5,4207,1,461.3
0000000000000000000021d5,835,1,1049.0
0000000000000000000021d6,4575,2,49.9
0000000000000000000021d7,1623,2,789.0
0000000000000000000021d8,1795,1,129.9
0000000000000000000021d8,3733,1,69.9
0000000000000000000021d9,3267,1,365.0
0000000000000000000021da,180,2,1699.0
0000000000000000000021db,923,2,359.0
0000000000000000000021dc,2357,3,50.9
0000000000000000000021dc,2899,2,979.0
0000000000000000000021dd,1976,1,259.0
0000000000000000000021de,31,1,399.0
0000000000000000000021de,1383,1,339.0
0000000000000000000021de,3609,1,1199.0
0000000000000000000021df,4240,2,149.0
0000000000000000000021e0,4008,2,25.9
0000000000000000000021e1,4960,3,86.9
0000000000000000000021e1,5165,2,179.9
0000000000000000000021e2,3833,3,235.5
0000000000000000000021e3,4293,2,119.9
0000000000000000000021e3,750,1,3300.0
0000000000000000000021e4,4595,2,54.9
0000000000000000000021e5,1671,1,950.0
0000000000000000000021e6,503,3,39.0
0000000000000000000021e6,413,1,2319.0
0000000000000000000021e6,2371,3,609.0
0000000000000000000021e7,15,2,375.0
0000000000000000000021e7,4763,3,95.0
0000000000000000000021e8,412,1,1859.0
0000000000000000000021e9,4190,2,279.9
0000000000000000000021ea,4316,2,115.7
0000000000000000000021eb,2885,3,789.0
0000000000000000000021ec,4807,2,135.14
0000000000000000000021ed,3752,3,59.0
0000000000000000000021ee,727,3,527.0
0000000000000000000021ee,1897,1,569.0
0000000000000000000021ef,3220,3,10.49
0000000000000000000021f0,238,3,3599.0
0000000000000000000021f0,833,3,489.0
0000000000000000000021f0,1922,3,429.9
0000000000000000000021f1,1656,3,1198.0
0000000000000000000021f2,1536,1,1699.0
0000000000000000000021f2,4389,3,189.9
0000000000000000000021f2,2310,3,99.9
0000000000000000000021f3,1817,3,129.0
0000000000000000000021f4,419,1,160.0
0000000000000000000021f5,2947,2,1499.0
0000000000000000000021f5,762,3,2189.0
0000000000000000000021f5,3014,2,1599.99
0000000000000000000021f6,1110,2,129.0
0000000000000000000021f6,992,1,819.0
0000000000000000000021f6,4242,1,139.0
0000000000000000000021f7,4512,2,49.9
0000000000000000000021f7,4486,1,55.9
0000000000000000000021f7,4234,1,150.0
0000000000000000000021f8,567,3,129.9
0000000000000000000021f8,3374,3,899.9
0000000000000000000021f8,4713,1,35.0
0000000000000000000021f9,3147,1,15.9
0000000000000000000021fa,2733,2,3319.0
0000000000000000000021fa,2981,3,349.9
0000000000000000000021fa,3372,2,799.9
0000000000000000000021fa,997,3,2499.0
0000000000000000000021fb,689,1,99.0
0000000000000000000021fb,3931,2,157.0
0000000000000000000021fc,3828,2,229.0
0000000000000000000021fc,352,3,1399.0
0000000000000000000021fd,1833,2,739.0
0000000000000000000021fe,4084,2,42.9
0000000000000000000021fe,23,1,549.0
0000000000000000000021fe,3459,3,529.0
0000000000000000000021fe,4009,3,25.9
0000000000000000000021ff,448,3,85.0
0000000000000000000021ff,192,2,2949.0
000000000000000000002200,1187,1,110.0
000000000000000000002200,1593,2,1659.0
000000000000000000002201,508,2,79.0
000000000000000000002201,4444,3,119.92
000000000000000000002201,4387,2,125.93
000000000000000000002201,809,3,799.9
000000000000000000002202,558,1,169.0
000000000000000000002203,485,3,39.0
000000000000000000002203,3478,1,279.0
000000000000000000002204,1299,2,320.0
000000000000000000002204,5115,1,259.0
000000000000000000002205,1736,2,939.0
000000000000000000002205,4756,2,91.5
000000000000000000002205,3331,2,1549.0
000000000000000000002206,4560,1,25.0
000000000000000000002206,3255,2,999.0
000000000000000000002207,3643,1,170.0
000000000000000000002208,2313,1,999.9
000000000000000000002208,4250,3,238.7
000000000000000000002209,4402,2,479.9
000000000000000000002209,3734,2,69.9
00000000000000000000220a,3158,3,171.6
00000000000000000000220b,389,2,1599.0
00000000000000000000220c,4413,2,69.9
00000000000000000000220c,1267,3,50.9
00000000000000000000220c,237,3,3899.0
00000000000000000000220c,3946,2,269449.0
00000000000000000000220d,2015,1,359.0
00000000000000000000220e,598,2,409.9
00000000000000000000220f,2808,2,4929.0
00000000000000000000220f,2091,3,129.0
000000000000000000002210,1215,2,209.0
000000000000000000002211,4818,2,711.85
000000000000000000002211,1040,1,589.0
000000000000000000002211,293,1,419.0
000000000000000000002212,5088,3,650680.0
000000000000000000002213,1248,1,144.9
000000000000000000002213,4237,2,144.0
000000000000000000002214,89,2,409.0
000000000000000000002215,3245,1,899.0
000000000000000000002215,2388,2,559.0
000000000000000000002215,1170,3,158.86
000000000000000000002216,1079,1,290.0
000000000000000000002216,2560,1,31.9
000000000000000000002216,1419,2,199.0
000000000000000000002217,1245,1,55.0
000000000000000000002217,654,1,159.0
000000000000000000002217,863,2,469.0
000000000000000000002217,3752,1,59.0
000000000000000000002218,3866,1,19.9
000000000000000000002219,133,1,3359.0
00000000000000000000221a,745,2,589.0
00000000000000000000221b,4284,2,83.4
00000000000000000000221c,742,2,1800.0
00000000000000000000221c,3016,1,36.0
00000000000000000000221d,2770,2,3999.0
00000000000000000000221d,146,2,1179.0
00000000000000000000221e,1311,2,89.0
00000000000000000000221e,4242,3,139.0
00000000000000000000221e,2870,3,250.0
00000000000000000000221e,1867,3,449.0
00000000000000000000221f,3852,1,32.9
00000000000000000000221f,626,3,1359.0
000000000000000000002220,961,1,199.0
000000000000000000002221,3579,2,100.0
000000000000000000002221,2343,2,110.0
000000000000000000002221,2622,3,1099.0
000000000000000000002222,2287,3,79.9
000000000000000000002222,4741,3,93.9
000000000000000000002222,3883,1,75.0
000000000000000000002223,948,1,1809.0
000000000000000000002223,3315,3,1899.0
000000000000000000002224,3512,2,119.0
000000000000000000002224,2109,1,441.0
000000000000000000002225,3488,2,2599.0
000000000000000000002225,712,1,512.0
000000000000000000002226,1267,3,50.9
000000000000000000002227,4126,2,85.9
000000000000000000002227,2764,2,869.0
000000000000000000002227,876,2,1200.0
000000000000000000002228,1064,3,1039.0
000000000000000000002228,2589,1,2361.0
000000000000000000002228,4432,3,499.9
000000000000000000002228,1483,2,1789.0
000000000000000000002229,484,1,74.9
000000000000000000002229,3141,2,80.0
00000000000000000000222a,1711,1,1049.0
00000000000000000000222a,4377,1,112.9
00000000000000000000222a,709,2,681.9
00000000000000000000222b,3301,1,3499.0
00000000000000000000222c,3553,1,529.0
00000000000000000000222c,4884,2,107.0
00000000000000000000222d,875,1,699.0
00000000000000000000222e,4306,3,101.94
00000000000000000000222f,4192,2,159.2
00000000000000000000222f,4933,2,29.9
000000000000000000002230,2106,3,199.0
000000000000000000002230,3203,1,121.9
000000000000000000002231,1917,3,1299.9
000000000000000000002232,1359,1,79.9
000000000000000000002232,1497,2,1699.0
000000000000000000002233,305,3,830.0
000000000000000000002233,2730,1,2609.9
000000000000000000002234,5160,1,95.0
000000000000000000002234,4385,1,239.95
000000000000000000002234,3640,2,929.0
000000000000000000002235,3989,3,59.9
000000000000000000002235,3811,3,54.9
000000000000000000002236,4118,2,84.8
000000000000000000002236,1728,1,1389.0
000000000000000000002236,4940,1,29.9
000000000000000000002237,3501,3,1799.0
000000000000000000002237,4163,3,49.0
000000000000000000002238,1986,3,278.0
000000000000000000002238,3283,1,1.0
000000000000000000002238,3813,2,79.0
000000000000000000002239,68,1,375.0
000000000000000000002239,20,3,420.0
000000000000000000002239,1784,2,729.0
000000000000000000002239,4293,3,119.9
00000000000000000000223a,1676,1,699.0
00000000000000000000223b,1721,3,1099.0
00000000000000000000223b,3039,1,360.0
00000000000000000000223c,1507,2,2598.0
00000000000000000000223d,3617,2,75.0
00000000000000000000223d,4266,2,72.0
00000000000000000000223d,2471,1,599.0
00000000000000000000223d,1791,1,1379.0
00000000000000000000223e,4676,1,199.0
00000000000000000000223e,4191,3,132.3
00000000000000000000223f,3000,2,500.0
00000000000000000000223f,1225,3,249.0
000000000000000000002240,1506,2,2619.0
000000000000000000002241,1981,3,329.0
000000000000000000002242,4170,3,329.0
000000000000000000002243,2966,1,989.0
000000000000000000002243,4066,2,39.9
000000000000000000002243,2545,3,179.0
000000000000000000002244,4563,1,63.48
000000000000000000002244,3301,3,3499.0
000000000000000000002244,4774,3,45.0
000000000000000000002244,2735,1,4249.0
000000000000000000002245,404,2,479.0
000000000000000000002246,352,1,1399.0
000000000000000000002247,2886,2,309.9
000000000000000000002248,4176,2,139.3
000000000000000000002248,1174,1,99.77
000000000000000000002248,1217,1,42.0
000000000000000000002249,2670,1,4449.0
000000000000000000002249,3636,3,399.0
00000000000000000000224a,2941,2,219.9
00000000000000000000224b,4808,2,78.9
00000000000000000000224b,5012,3,32.9
00000000000000000000224b,897,1,795.0
00000000000000000000224c,2610,2,2879.0
00000000000000000000224c,3337,1,539.9
00000000000000000000224c,4933,1,29.9
00000000000000000000224c,997,2,2499.0
00000000000000000000224d,4126,2,85.9
00000000000000000000224d,4915,1,55.0
00000000000000000000224d,1667,2,1050.0
00000000000000000000224e,3960,2,51.9
00000000000000000000224e,1646,2,1899.0
00000000000000000000224f,4476,2,36.9
000000000000000000002250,2328,2,769.9
000000000000000000002251,2634,3,2799.0
000000000000000000002252,1735,1,1049.0
000000000000000000002252,183,1,1699.0
000000000000000000002252,1469,2,1464.0
000000000000000000002252,1283,1,406.9
000000000000000000002253,1647,1,1959.0
000000000000000000002253,2071,1,105.0
000000000000000000002254,2959,3,989.0
000000000000000000002254,499,2,21.5
000000000000000000002255,5083,2,580.0
000000000000000000002255,4393,2,39.9
000000000000000000002256,2367,2,249.0
000000000000000000002256,3283,3,1.0
000000000000000000002256,2643,1,1309.0
000000000000000000002257,182,2,1699.0
000000000000000000002257,3207,1,99.9
000000000000000000002257,550,3,20.0
000000000000000000002258,4932,3,29.9
000000000000000000002258,4180,2,159.0
000000000000000000002259,260,2,1599.0
000000000000000000002259,94,1,499.0
00000000000000000000225a,4043,2,23.9
00000000000000000000225a,2729,3,2299.0
00000000000000000000225a,5008,2,20.9
00000000000000000000225a,637,3,189.0
00000000000000000000225b,4612,1,106.0
00000000000000000000225c,3802,1,70.0
00000000000000000000225c,5161,2,499.0
00000000000000000000225d,1049,3,749.9
00000000000000000000225d,3872,3,67.9
00000000000000000000225d,1686,1,1699.0
00000000000000000000225e,1301,1,289.0
00000000000000000000225e,1141,3,179.9
00000000000000000000225f,1278,3,89.0
00000000000000000000225f,2385,2,309.0
000000000000000000002260,4002,1,259.0
000000000000000000002261,4268,1,119.0
000000000000000000002261,2648,1,2361.0
000000000000000000002262,1983,1,286.0
000000000000000000002262,4614,3,337.9
000000000000000000002263,2581,3,195.0
000000000000000000002264,2591,3,2361.0
000000000000000000002264,1075,2,619.0
000000000000000000002265,1287,2,110.9
000000000000000000002266,1799,1,1300.0
000000000000000000002266,177,1,3099.0
000000000000000000002267,1759,3,74.9
000000000000000000002268,3838,3,60.9
000000000000000000002269,1831,2,739.0
000000000000000000002269,1187,1,110.0
000000000000000000002269,3091,1,490.0
00000000000000000000226a,2618,1,2499.0
00000000000000000000226b,4619,3,192.5
00000000000000000000226c,3338,2,2399.0
00000000000000000000226d,2389,2,589.0
00000000000000000000226e,2098,1,74.9
00000000000000000000226e,1256,2,89.9
00000000000000000000226f,4648,2,229.0
000000000000000000002270,4706,1,65.0
000000000000000000002271,1201,2,255.9
000000000000000000002271,4989,1,99.0
000000000000000000002271,1203,3,255.9
000000000000000000002272,885,3,1149.0
000000000000000000002273,5021,3,24.9
000000000000000000002273,4541,1,49.9
000000000000000000002274,942,2,563.0
000000000000000000002274,3061,2,3576.0
000000000000000000002274,3029,2,115.0
000000000000000000002274,3539,1,329.0
000000000000000000002275,2296,2,159.0
000000000000000000002275,2468,1,309.0
000000000000000000002276,4196,2,199.0
000000000000000000002276,4731,3,1249.0
000000000000000000002276,799,1,869.0
000000000000000000002276,2594,3,3299.0
000000000000000000002277,1093,1,249.0
000000000000000000002277,2615,2,2699.0
000000000000000000002277,4098,3,25.9
000000000000000000002278,3843,1,449569.0
000000000000000000002278,1749,1,1099.0
000000000000000000002278,3388,2,1299.0
000000000000000000002278,100,2,539.0
000000000000000000002279,1096,1,1099.0
000000000000000000002279,278,2,898.0
000000000000000000002279,2164,3,49.5
00000000000000000000227a,3961,1,269.0
00000000000000000000227b,2707,1,2899.0
00000000000000000000227c,796,2,1119.0
00000000000000000000227c,2025,3,79.0
00000000000000000000227c,4663,1,189.0
00000000000000000000227c,1599,2,1199.0
00000000000000000000227d,583,2,119.0
00000000000000000000227e,1950,2,259.0
00000000000000000000227e,4120,2,73.9
00000000000000000000227f,636,1,155.0
00000000000000000000227f,4128,1,49.0
00000000000000000000227f,464,3,189.9
000000000000000000002280,1730,3,1279.0
000000000000000000002281,596,2,99.99
000000000000000000002282,1283,1,406.9
000000000000000000002282,1536,3,1699.0
000000000000000000002282,4990,3,69.9
000000000000000000002282,4739,1,65.0
000000000000000000002283,4617,2,192.5
000000000000000000002283,693,3,2439.0
000000000000000000002283,3837,1,129.0
000000000000000000002284,948,3,1809.0
000000000000000000002284,3741,2,100.0
000000000000000000002285,3251,1,210.0
000000000000000000002285,3579,1,100.0
000000000000000000002286,2116,2,42.0
000000000000000000002286,2545,2,179.0
000000000000000000002286,888,2,489.0
000000000000000000002286,2831,2,4999.0
000000000000000000002287,2752,1,5149.0
000000000000000000002287,4916,2,40.0
000000000000000000002287,4325,3,59.9
000000000000000000002288,116,1,1189.0
000000000000000000002288,777,3,699.0
000000000000000000002289,1551,2,1039.0
00000000000000000000228a,2496,3,105.9
00000000000000000000228a,5139,1,3829.0
00000000000000000000228b,2549,1,249.0
00000000000000000000228c,1729,1,1279.0
00000000000000000000228d,813,3,367.0
00000000000000000000228d,1255,2,89.9
00000000000000000000228e,267,3,2896.0
00000000000000000000228f,4970,1,55.0
000000000000000000002290,3549,3,529.0
000000000000000000002290,810,2,869.99
000000000000000000002290,2877,1,665.5
000000000000000000002291,3883,1,75.0
000000000000000000002291,2425,1,509.0
000000000000000000002291,1485,1,1789.0
000000000000000000002292,3954,2,39.0
000000000000000000002293,961,1,199.0
000000000000000000002293,4387,2,125.93
000000000000000000002294,3602,3,19.5
000000000000000000002295,951,3,599.0
000000000000000000002295,3923,3,84.9
000000000000000000002296,4165,2,22.9
000000000000000000002297,3300,2,2499.0
000000000000000000002297,539,3,45.5
000000000000000000002298,1218,1,459.0
000000000000000000002298,3691,3,1519.9
000000000000000000002298,2322,3,1259.9
000000000000000000002299,340,1,1298.0
00000000000000000000229a,2458,2,60.0
00000000000000000000229a,168,3,1749.0
00000000000000000000229b,2452,3,259.0
00000000000000000000229c,1052,1,795.0
00000000000000000000229c,381,3,2999.0
00000000000000000000229c,4093,2,49.9
00000000000000000000229d,3465,3,42.9
00000000000000000000229d,1063,1,54899.0
00000000000000000000229d,4743,1,349.0
00000000000000000000229d,2585,2,2054.0
00000000000000000000229e,2099,3,89.9
00000000000000000000229e,544,2,19.9
00000000000000000000229f,4501,3,49.9
0000000000000000000022a0,2557,2,3300.0
0000000000000000000022a0,2178,2,65.1
0000000000000000000022a0,1116,1,599799.0
0000000000000000000022a1,2901,3,819.0
0000000000000000000022a1,1820,2,1639.9
0000000000000000000022a2,2703,1,1149.0
0000000000000000000022a3,1945,1,259.0
0000000000000000000022a3,890,2,589.0
0000000000000000000022a3,2811,2,3889.0
0000000000000000000022a3,3022,1,800.0
0000000000000000000022a4,1240,2,150.0
0000000000000000000022a5,3202,1,22.9
0000000000000000000022a6,4833,2,799.0
0000000000000000000022a6,4028,1,23.9
0000000000000000000022a7,4544,2,49.9
0000000000000000000022a7,1504,1,2619.0
0000000000000000000022a7,3558,2,239.0
0000000000000000000022a7,1936,1,465.0
0000000000000000000022a8,95,2,469.0
0000000000000000000022a8,135,1,2659.0
0000000000000000000022a9,1442,1,540.0
0000000000000000000022a9,2683,3,2299.0
0000000000000000000022a9,4376,1,114.99
0000000000000000000022a9,3302,1,1049.0
0000000000000000000022aa,4109,2,69.9
0000000000000000000022aa,3828,1,229.0
0000000000000000000022aa,2120,2,60.0
0000000000000000000022aa,1270,3,200.0
0000000000000000000022ab,3077,2,59.8
0000000000000000000022ab,1029,2,533.33
0000000000000000000022ab,3869,3,19.9
0000000000000000000022ac,780,1,696.0
0000000000000000000022ad,2830,3,2799.0
0000000000000000000022ad,1274,3,69.9
0000000000000000000022ae,1591,1,1399.0
0000000000000000000022af,3062,2,2899.0
0000000000000000000022af,4895,1,90.0
0000000000000000000022b0,511,2,125.9
0000000000000000000022b1,2596,2,3599.0
0000000000000000000022b1,2678,1,1799.0
0000000000000000000022b1,2649,1,2160.0
0000000000000000000022b2,2649,3,2160.0
0000000000000000000022b2,954,1,999.0
0000000000000000000022b3,3067,3,1499.0
0000000000000000000022b4,3669,3,14.5
0000000000000000000022b4,3546,3,529.0
0000000000000000000022b5,2215,3,79.0
0000000000000000000022b5,181,3,1699.0
0000000000000000000022b6,3710,3,93.0
0000000000000000000022b6,1263,1,431.9
0000000000000000000022b7,200,3,3259.0
0000000000000000000022b8,4439,2,29.9
0000000000000000000022b8,821,1,1259.0
0000000000000000000022b9,2815,2,4149.0
0000000000000000000022b9,1220,2,133.9
0000000000000000000022ba,765,3,2189.0
0000000000000000000022ba,909,3,519.0
0000000000000000000022bb,5165,3,179.9
0000000000000000000022bc,922,3,4599.0
0000000000000000000022bc,2988,2,2709.0
0000000000000000000022bd,3875,2,123.99
0000000000000000000022bd,4664,1,118.0
0000000000000000000022bd,4385,2,239.95
0000000000000000000022be,213,3,949.0
0000000000000000000022be,3076,3,86.9
0000000000000000000022bf,1012,3,253.15
0000000000000000000022bf,4911,1,39.9
0000000000000000000022c0,3331,2,1549.0
0000000000000000000022c0,2779,3,3499.0
0000000000000000000022c0,515,1,59.0
0000000000000000000022c1,2557,3,3300.0
0000000000000000000022c2,3885,1,199.0
0000000000000000000022c3,4050,2,96.0
0000000000000000000022c4,2702,2,1149.0
0000000000000000000022c4,2287,1,79.9
0000000000000000000022c5,3861,2,35.0
0000000000000000000022c6,2565,3,949.0
0000000000000000000022c6,2784,1,528.9
0000000000000000000022c7,3331,3,1549.0
0000000000000000000022c8,3196,1,62.0
0000000000000000000022c8,2975,1,500.5
0000000000000000000022c9,1091,2,1089.9
0000000000000000000022c9,5161,2,499.0
0000000000000000000022ca,1253,2,100.0
0000000000000000000022ca,4471,1,289.0
0000000000000000000022ca,1971,3,1599.0
0000000000000000000022cb,5024,2,69.0
0000000000000000000022cc,4988,1,159.0
0000000000000000000022cd,1045,2,534.9
0000000000000000000022ce,2303,1,589.0
0000000000000000000022ce,4289,1,130.0
0000000000000000000022cf,2663,2,1449.0
0000000000000000000022d0,3547,3,529.0
0000000000000000000022d1,4296,1,99.96
0000000000000000000022d2,5137,3,144.0
0000000000000000000022d3,3978,3,39.0
0000000000000000000022d4,54,2,399.0
0000000000000000000022d5,1097,2,1699.0
0000000000000000000022d5,260,1,1599.0
0000000000000000000022d5,3736,1,45.0
0000000000000000000022d6,4563,1,63.48
0000000000000000000022d6,922,1,4599.0
0000000000000000000022d7,1313,1,5999.0
0000000000000000000022d7,4581,2,58.0
0000000000000000000022d8,529,1,59.0
0000000000000000000022d9,2365,1,209.0
0000000000000000000022d9,53,2,399.0
0000000000000000000022d9,2464,3,389.0
0000000000000000000022da,1837,1,999.0
0000000000000000000022da,3436,2,1199.0
0000000000000000000022db,652,2,211.19
0000000000000000000022db,1655,2,1089.0
0000000000000000000022db,299,1,2249.0
0000000000000000000022db,379,1,3099.0
0000000000000000000022dc,1397,1,2199.0
0000000000000000000022dd,4898,1,39.9
0000000000000000000022dd,4751,3,89.0
0000000000000000000022dd,3401,2,820.0
0000000000000000000022dd,4510,2,49.9
0000000000000000000022de,2017,2,239.0
0000000000000000000022de,1799,1,1300.0
0000000000000000000022df,1377,2,1699.0
0000000000000000000022df,2466,2,989.0
0000000000000000000022e0,1087,2,70.0
0000000000000000000022e0,4046,2,269.0
0000000000000000000022e0,702,3,2499.0
0000000000000000000022e0,4513,1,49.9
0000000000000000000022e1,4911,3,39.9
0000000000000000000022e1,3745,3,669.0
0000000000000000000022e2,4195,2,219.0
0000000000000000000022e3,1767,3,899.0
0000000000000000000022e3,3567,1,140.9
0000000000000000000022e4,4029,1,23.9
0000000000000000000022e4,1517,1,399.0
0000000000000000000022e5,789,1,849.0
0000000000000000000022e6,4374,3,103.9
0000000000000000000022e7,2368,1,329.0
0000000000000000000022e7,4709,1,35.0
0000000000000000000022e8,4975,3,29.9
0000000000000000000022e8,1613,1,1599.0
0000000000000000000022e8,3995,1,25.9
0000000000000000000022e9,862,1,390.0
0000000000000000000022e9,53,2,399.0
0000000000000000000022e9,2048,2,379.0
0000000000000000000022e9,56,1,279.0
0000000000000000000022ea,3279,1,1.0
0000000000000000000022ea,1061,3,919.0
0000000000000000000022ea,946,3,1829.0
0000000000000000000022eb,884,3,1199.0
0000000000000000000022eb,2491,3,229.0
0000000000000000000022ec,3079,1,679.0
0000000000000000000022ed,172,1,1185.0
0000000000000000000022ee,648,3,269.0
0000000000000000000022ee,2785,2,528.9
0000000000000000000022ee,150,2,1149.0
0000000000000000000022ee,4959,3,85.0
0000000000000000000022ef,1874,2,449.0
0000000000000000000022f0,769,2,2455.0
0000000000000000000022f1,1281,2,93.9
0000000000000000000022f1,1703,3,799.0
0000000000000000000022f2,1370,3,1749.0
0000000000000000000022f2,3516,2,209.0
0000000000000000000022f2,1363,2,209.0
0000000000000000000022f3,2604,1,4669.0
0000000000000000000022f4,3895,3,118.9
0000000000000000000022f5,331,1,879.0
0000000000000000000022f6,2205,3,155.0
0000000000000000000022f7,530,1,59.0
0000000000000000000022f7,4031,2,23.9
0000000000000000000022f8,926,1,1999.0
0000000000000000000022f9,889,2,599.0
0000000000000000000022fa,1792,1,1169.0
0000000000000000000022fa,4590,2,54.9
0000000000000000000022fb,4156,2,124.9
0000000000000000000022fb,1835,2,899.0
0000000000000000000022fb,2535,2,59.0
0000000000000000000022fb,1650,2,1249.0
0000000000000000000022fc,4677,2,34.9
0000000000000000000022fd,3206,2,259.0
0000000000000000000022fe,3794,1,84.0
0000000000000000000022ff,1124,3,169.9
000000000000000000002300,2186,1,179.0
000000000000000000002300,2431,2,79.9
000000000000000000002300,2718,2,1649.0
000000000000000000002300,2687,3,4732.0
000000000000000000002301,166,3,1159.0
000000000000000000002301,1608,3,1599.0
000000000000000000002301,3997,2,25.9
000000000000000000002302,2695,3,3999.0
000000000000000000002302,3551,2,529.0
000000000000000000002302,4346,2,139.9
000000000000000000002303,4991,2,765.0
000000000000000000002303,3086,1,639.0
000000000000000000002303,2490,3,95.0
000000000000000000002304,4288,1,79.0
000000000000000000002304,4972,3,39.9
000000000000000000002305,4758,2,159.0
000000000000000000002305,1917,3,1299.9
000000000000000000002305,2404,2,1098.0
000000000000000000002305,4097,1,29.99
000000000000000000002306,2588,1,1747.0
000000000000000000002306,1038,2,639.0
000000000000000000002306,3299,3,279.0
000000000000000000002307,4343,1,149.9
000000000000000000002307,980,1,1586.67
000000000000000000002308,2140,2,229.0
000000000000000000002309,311,3,899.0
00000000000000000000230a,4248,2,109.99
00000000000000000000230b,3149,3,16.9
00000000000000000000230b,556,3,179.0
00000000000000000000230b,3922,1,33.0
00000000000000000000230c,4901,2,189.9
00000000000000000000230c,854,3,609.0
00000000000000000000230d,1106,2,450.0
00000000000000000000230e,5105,3,259.0
00000000000000000000230f,5030,3,57.0
000000000000000000002310,1544,3,1489.0
000000000000000000002311,4235,2,150.0
000000000000000000002312,2869,1,220.0
000000000000000000002312,3929,1,139.99
000000000000000000002313,4568,3,27.3
000000000000000000002313,2387,2,609.0
000000000000000000002313,3933,1,109.9
000000000000000000002314,398,1,479.0
000000000000000000002314,5102,1,259.0
000000000000000000002314,1261,3,249.0
000000000000000000002315,92,1,399.0
000000000000000000002315,1587,2,1419.0
000000000000000000002316,704,3,339.9
000000000000000000002317,3041,2,339.0
000000000000000000002317,681,1,249.0
000000000000000000002318,1138,3,159.9
000000000000000000002318,705,2,2149.0
000000000000000000002319,725,3,1299.9
000000000000000000002319,4521,3,49.9
00000000000000000000231a,1596,1,1699.0
00000000000000000000231a,1176,2,92.95
00000000000000000000231a,2939,2,279.9
00000000000000000000231b,91,2,399.0
00000000000000000000231b,2659,1,1499.0
00000000000000000000231c,19,1,399.0
00000000000000000000231c,4967,2,69.0
00000000000000000000231c,1422,3,1299.0
00000000000000000000231d,3652,2,28.9
00000000000000000000231d,709,3,681.9
00000000000000000000231d,350,1,3999.0
00000000000000000000231e,36,1,379.0
00000000000000000000231e,1835,1,899.0
00000000000000000000231f,4047,3,84.0
000000000000000000002320,1127,2,304.9
000000000000000000002321,3240,1,119.0
000000000000000000002322,1374,1,179.9
000000000000000000002322,1859,2,409.0
000000000000000000002322,5088,3,650680.0
000000000000000000002322,3996,3,25.9
000000000000000000002323,4822,3,471.8
000000000000000000002323,3113,1,59.9
000000000000000000002324,784,2,1999.0
000000000000000000002325,4349,1,84.95
000000000000000000002325,635,3,155.0
000000000000000000002325,3378,2,1139.0
000000000000000000002325,3035,3,1099.9
000000000000000000002326,1648,1,1149.0
000000000000000000002326,5124,3,450.0
000000000000000000002326,1269,3,240.0
000000000000000000002327,2254,3,159.0
000000000000000000002328,4362,3,103.9
000000000000000000002328,120,2,2999.0
000000000000000000002328,433,2,79.0
000000000000000000002329,3742,3,69.0
000000000000000000002329,4826,1,170.5
00000000000000000000232a,4957,3,86.9
00000000000000000000232a,1397,3,2199.0
00000000000000000000232b,4170,1,329.0
00000000000000000000232b,89,1,409.0
00000000000000000000232c,278,2,898.0
00000000000000000000232c,2624,2,2700.0
00000000000000000000232c,2551,2,599.0
00000000000000000000232d,4607,1,89.0
00000000000000000000232e,2978,1,272.9
00000000000000000000232f,4397,1,299.9
000000000000000000002330,3554,3,529.0
000000000000000000002331,4802,2,80.0
000000000000000000002331,3296,2,939.0
000000000000000000002331,1875,1,459.0
000000000000000000002331,608,1,349.0
000000000000000000002332,1712,2,949.0
000000000000000000002332,2557,2,3300.0
000000000000000000002332,794,1,799.0
000000000000000000002333,5108,3,259.0
000000000000000000002333,1775,2,899.0
000000000000000000002334,1241,2,149.9
000000000000000000002334,355,2,3099.0
000000000000000000002334,4454,3,108.9
000000000000000000002335,2197,1,300.0
000000000000000000002335,2042,3,429.0
000000000000000000002336,2658,1,1499.0
000000000000000000002337,105,1,799.0
000000000000000000002337,2841,3,3099.0
000000000000000000002338,3071,1,54.8
000000000000000000002338,5087,1,650.0
000000000000000000002338,1819,2,849.9
000000000000000000002339,2415,2,359.0
000000000000000000002339,135,3,2659.0
000000000000000000002339,4080,1,42.9
00000000000000000000233a,1193,3,139.0
00000000000000000000233a,2625,2,919.0
00000000000000000000233a,1089,2,120.0
00000000000000000000233b,1727,2,1249.0
00000000000000000000233b,1115,1,799.0
00000000000000000000233b,1244,1,349.9
00000000000000000000233b,3921,3,27.9
00000000000000000000233c,4101,2,49.9
00000000000000000000233c,310,1,899.0
00000000000000000000233c,3183,3,219.9
00000000000000000000233d,4154,2,75.38
00000000000000000000233d,3476,3,799.0
00000000000000000000233e,2005,3,925.0
00000000000000000000233e,69,2,459.0
00000000000000000000233f,2589,1,2361.0
000000000000000000002340,2768,2,2289.0
000000000000000000002340,5090,2,330.0
000000000000000000002340,1933,2,248.9
000000000000000000002341,4670,3,99.0
000000000000000000002341,2582,3,195.0
000000000000000000002342,5139,1,3829.0
000000000000000000002342,2030,3,349.0
000000000000000000002343,2491,3,229.0
000000000000000000002343,1993,3,900.0
000000000000000000002343,1787,3,1039.0
000000000000000000002344,1443,3,211.0
000000000000000000002344,3878,1,59.9
000000000000000000002345,3332,3,799.0
000000000000000000002345,3956,3,70.0
000000000000000000002346,2589,1,2361.0
000000000000000000002347,1670,2,949.0
000000000000000000002348,2626,2,919.0
000000000000000000002349,732,2,399.0
00000000000000000000234a,2507,2,149.0
00000000000000000000234b,2908,3,989.0
00000000000000000000234c,995,1,1501.0
00000000000000000000234c,4728,3,109.0
00000000000000000000234c,204,2,3279.0
00000000000000000000234c,2821,3,4799.0
00000000000000000000234d,2599,3,3899.0
00000000000000000000234e,3252,3,1799.0
00000000000000000000234f,3268,3,690.0
00000000000000000000234f,1560,2,829.0
00000000000000000000234f,2390,2,609.0
000000000000000000002350,4565,3,34.3
000000000000000000002350,1115,3,799.0
000000000000000000002351,1090,1,490.0
000000000000000000002351,1221,2,329.0
000000000000000000002352,3506,2,39.9
000000000000000000002352,4247,2,98.0
000000000000000000002352,2472,2,389.0
000000000000000000002352,4792,2,599.0
000000000000000000002353,3818,1,70.0
000000000000000000002353,3292,2,749.0
000000000000000000002354,2435,1,114.9
000000000000000000002354,1903,3,128.0
000000000000000000002355,755,2,719.0
000000000000000000002355,751,1,419.0
000000000000000000002356,4578,3,79.9
000000000000000000002356,3259,3,399.0
000000000000000000002356,1368,1,1699.0
000000000000000000002357,2046,3,329.0
000000000000000000002358,2680,3,2999.0
000000000000000000002359,4296,3,99.96
000000000000000000002359,4685,2,149.0
000000000000000000002359,2064,3,149.0
000000000000000000002359,3900,3,25.0
00000000000000000000235a,2832,1,3999.0
00000000000000000000235b,2456,3,199.0
00000000000000000000235b,3331,3,1549.0
00000000000000000000235b,1484,2,1789.0
00000000000000000000235c,51,2,399.0
00000000000000000000235c,3255,2,999.0
00000000000000000000235c,2177,1,190.2
00000000000000000000235d,1017,3,1058.0
00000000000000000000235e,3936,3,59.9
00000000000000000000235f,1445,3,1399.9
000000000000000000002360,2075,1,88.0
000000000000000000002361,504,2,99.0
000000000000000000002361,5079,2,300.0
000000000000000000002362,789,2,849.0
000000000000000000002362,3463,2,499.0
000000000000000000002362,4311,2,135.0
000000000000000000002363,2755,3,4029.0
000000000000000000002363,845,3,1199.0
000000000000000000002364,2980,3,329.9
000000000000000000002364,4389,1,189.9
000000000000000000002364,1869,1,449.0
000000000000000000002364,2813,1,4409.0
000000000000000000002365,201,3,3259.0
000000000000000000002365,2019,3,419.0
000000000000000000002366,3753,2,119.9
000000000000000000002366,1551,1,1039.0
000000000000000000002367,1159,1,340.0
000000000000000000002367,4403,1,479.9
000000000000000000002367,995,1,1501.0
000000000000000000002368,4495,1,59.0
000000000000000000002369,2436,1,1039.0
000000000000000000002369,876,3,1200.0
00000000000000000000236a,3600,2,85.9
00000000000000000000236a,2184,3,2090.0
00000000000000000000236b,2111,1,29.9
00000000000000000000236b,1071,2,310.0
00000000000000000000236c,254,3,2049.0
00000000000000000000236c,1318,1,89.0
00000000000000000000236d,1224,2,105.5
00000000000000000000236d,1271,1,399.0
00000000000000000000236d,179,3,1699.0
00000000000000000000236e,839,2,799.0
00000000000000000000236e,2819,1,4679.0
00000000000000000000236e,3818,3,70.0
00000000000000000000236e,947,2,495.0
00000000000000000000236f,2366,2,289.0
000000000000000000002370,635,1,155.0
000000000000000000002370,1700,3,849.0
000000000000000000002370,4120,3,73.9
000000000000000000002371,3275,3,2649.0
000000000000000000002371,3012,3,58.0
000000000000000000002371,4390,3,129.9
000000000000000000002371,2271,3,199.0
000000000000000000002372,16,3,375.0
000000000000000000002372,3487,1,1949.0
000000000000000000002373,1737,1,999.0
000000000000000000002373,3733,3,69.9
000000000000000000002373,140,3,2659.0
000000000000000000002373,1516,2,2449.0
000000000000000000002374,3449,2,979.0
000000000000000000002375,983,2,1599.0
000000000000000000002376,1487,3,1789.0
000000000000000000002377,460,3,173.9
000000000000000000002377,1398,3,669.0
000000000000000000002377,3101,1,59.0
000000000000000000002377,2010,1,269.0
000000000000000000002378,1909,2,799.0
000000000000000000002378,4649,3,179.0
000000000000000000002379,3469,2,89.0
000000000000000000002379,8,3,699.0
00000000000000000000237a,3783,1,69.5
00000000000000000000237a,1442,1,540.0
00000000000000000000237a,4874,2,59.9
00000000000000000000237a,3984,2,60.99
00000000000000000000237b,356,2,2191.0
00000000000000000000237b,1405,2,385.0
00000000000000000000237b,2050,3,659.0
00000000000000000000237c,3860,1,36.0
00000000000000000000237c,2380,1,29.0
00000000000000000000237d,2534,3,26.9
00000000000000000000237e,1614,1,1699.0
00000000000000000000237e,1966,3,389.0
00000000000000000000237e,1381,1,509.0
00000000000000000000237e,743,1,799.0
00000000000000000000237f,1120,1,249.9
00000000000000000000237f,3255,1,999.0
00000000000000000000237f,3820,2,105.0
000000000000000000002380,2317,2,329.0
000000000000000000002380,4020,2,23.9
000000000000000000002381,1716,1,1299.0
000000000000000000002382,2523,3,29.9
000000000000000000002383,3211,1,159.0
000000000000000000002384,4318,1,75.0
000000000000000000002384,479,2,12.0
000000000000000000002385,3215,2,24.9
000000000000000000002385,3005,2,520.0
000000000000000000002385,2133,1,179.0
000000000000000000002385,325,1,599.0
000000000000000000002386,277,2,2599.0
000000000000000000002387,186,1,1739.0
000000000000000000002387,2604,2,4669.0
000000000000000000002387,2519,3,599.0
000000000000000000002388,2138,3,119.0
000000000000000000002389,481,1,10.0
000000000000000000002389,4480,2,44.95
00000000000000000000238a,2651,1,1199.0
00000000000000000000238a,4994,3,139.0
00000000000000000000238a,5145,3,1189.0
00000000000000000000238a,4907,1,39.9
00000000000000000000238b,4814,1,499.0
00000000000000000000238b,3515,1,209.0
00000000000000000000238c,3355,2,779.0
00000000000000000000238c,2249,1,169.9
00000000000000000000238d,3372,1,799.9
00000000000000000000238e,4087,1,49.9
00000000000000000000238e,4377,3,112.9
00000000000000000000238e,3327,2,429.0
00000000000000000000238e,561,1,229.0
00000000000000000000238f,3808,1,79.9
00000000000000000000238f,169,2,1699.0
00000000000000000000238f,280,1,908.0
00000000000000000000238f,4145,2,600.0
000000000000000000002390,2847,1,3199.0
000000000000000000002391,4704,3,319.0
000000000000000000002391,1991,3,1049.0
000000000000000000002392,3218,3,1249.0
000000000000000000002393,1052,2,795.0
000000000000000000002393,2962,2,209.9
000000000000000000002394,2339,2,329.0
000000000000000000002394,1458,2,1549.0
000000000000000000002394,4397,3,299.9
000000000000000000002395,1024,2,279.0
000000000000000000002395,3811,1,54.9
000000000000000000002395,3148,1,37.9
000000000000000000002396,2270,1,159.0
000000000000000000002397,680,1,149.0
000000000000000000002397,42,3,499.0
000000000000000000002398,2557,3,3300.0
000000000000000000002399,1063,1,54899.0
00000000000000000000239a,3907,3,45.0
00000000000000000000239b,4279,2,250.0
00000000000000000000239b,4905,1,39.9
00000000000000000000239c,1970,3,449.99
00000000000000000000239d,1525,3,1899.0
00000000000000000000239e,1381,3,509.0
00000000000000000000239e,2685,2,6069.0
00000000000000000000239e,409,1,1349.0
00000000000000000000239f,777,3,699.0
00000000000000000000239f,4476,3,36.9
00000000000000000000239f,1499,1,1899.0
00000000000000000000239f,4406,3,129.9
0000000000000000000023a0,2623,2,1099.0
0000000000000000000023a1,2937,1,999.9
0000000000000000000023a1,2404,1,1098.0
0000000000000000000023a2,489,2,39.0
0000000000000000000023a3,244,3,1760.0
0000000000000000000023a4,432,2,79.0
0000000000000000000023a4,4429,3,119.99
0000000000000000000023a4,677,2,139.0
0000000000000000000023a5,3050,3,699.0
0000000000000000000023a5,819,1,1199.9
0000000000000000000023a6,1740,2,1399.99
0000000000000000000023a7,50,3,459.0
0000000000000000000023a8,4004,1,25.9
0000000000000000000023a8,4552,1,99.9
0000000000000000000023a9,72,1,529.0
0000000000000000000023aa,4811,3,78.9
0000000000000000000023ab,3173,1,169.0
0000000000000000000023ab,903,2,769.0
0000000000000000000023ab,4451,2,103.9
0000000000000000000023ac,4347,3,139.9
0000000000000000000023ad,2520,2,699.0
0000000000000000000023ad,3775,2,79.0
0000000000000000000023ae,2563,1,34.8
0000000000000000000023ae,5180,1,1949.0
0000000000000000000023ae,164,1,1159.0
0000000000000000000023af,1331,1,2719.0
0000000000000000000023af,2183,2,30.7
0000000000000000000023af,5034,1,520.08
0000000000000000000023b0,1367,1,209.0
0000000000000000000023b1,3,3,449.0
0000000000000000000023b1,4950,3,85.0
0000000000000000000023b2,1856,2,759.0
0000000000000000000023b2,2802,1,3369.0
0000000000000000000023b3,2870,1,250.0
0000000000000000000023b4,4390,3,129.9
0000000000000000000023b5,135,2,2659.0
0000000000000000000023b5,3940,3,79.9
0000000000000000000023b6,2163,2,349.0
0000000000000000000023b6,4965,2,59.0
0000000000000000000023b6,4473,1,59.9
0000000000000000000023b6,4748,3,151.9
0000000000000000000023b7,3425,2,849.0
0000000000000000000023b8,5084,2,249.9
0000000000000000000023b9,3551,2,529.0
0000000000000000000023ba,3176,2,299.9
0000000000000000000023bb,518,3,14.9
0000000000000000000023bb,4546,2,49.9
0000000000000000000023bc,2611,1,3439.0
0000000000000000000023bc,72,1,529.0
0000000000000000000023bc,4395,1,135.2
0000000000000000000023bc,2889,2,699.0
0000000000000000000023bd,3445,3,599.0
0000000000000000000023be,3389,1,109.0
0000000000000000000023bf,528,3,1233.9
0000000000000000000023c0,5169,3,190.0
0000000000000000000023c1,3224,3,112.9
0000000000000000000023c1,752,3,349.0
0000000000000000000023c2,4618,1,192.5
0000000000000000000023c3,4364,3,108.9
0000000000000000000023c4,2041,1,429.0
0000000000000000000023c5,4291,2,119.9
0000000000000000000023c6,435,2,79.0
0000000000000000000023c7,3333,1,779.0
0000000000000000000023c8,436,2,50.0
0000000000000000000023c8,4981,1,89.0
0000000000000000000023c8,3587,1,165.0
0000000000000000000023c8,1220,3,133.9
0000000000000000000023c9,3897,3,39.9
0000000000000000000023c9,2186,2,179.0
0000000000000000000023ca,707,3,1099.0
0000000000000000000023ca,4928,1,29.9
0000000000000000000023cb,3917,2,78.5
0000000000000000000023cc,3856,1,49.9
0000000000000000000023cc,1203,2,255.9
0000000000000000000023cc,4287,1,79.0
0000000000000000000023cd,3298,1,499.0
0000000000000000000023cd,4150,2,121.9
0000000000000000000023ce,4672,3,179.0
0000000000000000000023cf,4962,2,69.0
0000000000000000000023d0,1396,3,349.0
0000000000000000000023d0,3312,2,299.0
0000000000000000000023d1,3979,2,233.0
0000000000000000000023d2,2958,3,989.0
0000000000000000000023d3,4870,1,110.0
0000000000000000000023d3,2830,1,2799.0
0000000000000000000023d4,2974,2,500.5
0000000000000000000023d4,2037,3,148.9
0000000000000000000023d4,383,3,3719.0
0000000000000000000023d5,1894,3,699.0
0000000000000000000023d5,4123,1,30.9
0000000000000000000023d6,675,3,518.0
0000000000000000000023d7,3098,1,1390.0
0000000000000000000023d7,3886,2,269.0
0000000000000000000023d8,2873,2,180.0
0000000000000000000023d8,4236,1,134.0
0000000000000000000023d9,3855,2,49.9
0000000000000000000023da,2434,2,28.0
0000000000000000000023da,2506,3,131.9
0000000000000000000023da,526,1,26.99
0000000000000000000023da,4420,1,49.9
0000000000000000000023db,4878,2,56.0
0000000000000000000023db,4255,1,84.9
0000000000000000000023db,2517,2,339.0
0000000000000000000023db,1954,3,389.0
0000000000000000000023dc,3880,1,84.8
0000000000000000000023dc,4934,2,55.0
0000000000000000000023dd,2033,3,369.0
0000000000000000000023dd,4447,2,229.9
0000000000000000000023de,236,3,2185.0
0000000000000000000023de,1876,1,449.0
0000000000000000000023df,1228,2,159.0
0000000000000000000023e0,663,3,3209.0
0000000000000000000023e0,3882,2,38.99
0000000000000000000023e1,2810,2,3299.0
0000000000000000000023e1,4075,1,119.9
0000000000000000000023e2,299,3,2249.0
0000000000000000000023e2,514,1,240.0
0000000000000000000023e2,4329,2,101.99
0000000000000000000023e3,4943,1,54.9
0000000000000000000023e4,4970,1,55.0
0000000000000000000023e4,329,2,649.0
0000000000000000000023e4,4772,1,69.0
0000000000000000000023e5,2300,2,179.0
0000000000000000000023e6,3922,1,33.0
0000000000000000000023e6,4849,3,69.9
0000000000000000000023e6,2405,2,369.0
0000000000000000000023e7,5119,2,259.0
0000000000000000000023e7,2677,2,1799.0
0000000000000000000023e7,1067,2,279.0
0000000000000000000023e7,213,3,949.0
0000000000000000000023e8,1002,1,629.0
0000000000000000000023e8,4176,3,139.3
0000000000000000000023e9,3936,1,59.9
0000000000000000000023e9,2508,3,109.0
0000000000000000000023e9,2547,2,289.99
0000000000000000000023ea,4216,3,179.0
0000000000000000000023ea,2506,3,131.9
0000000000000000000023ea,4237,2,144.0
0000000000000000000023eb,3452,2,46.9
0000000000000000000023eb,802,3,929.0
0000000000000000000023ec,525,3,99.9
0000000000000000000023ec,2116,1,42.0
0000000000000000000023ed,2747,1,3999.0
0000000000000000000023ed,3730,1,79.0
0000000000000000000023ee,3751,3,59.0
0000000000000000000023ee,2737,1,3829.0
0000000000000000000023ef,4274,3,320.0
0000000000000000000023f0,797,1,869.0
0000000000000000000023f0,3500,3,1799.0
0000000000000000000023f1,1388,2,3199.0
0000000000000000000023f2,113,3,529.0
0000000000000000000023f3,4796,2,379.0
0000000000000000000023f3,4806,3,135.14
0000000000000000000023f4,4768,3,39.0
0000000000000000000023f4,2597,1,5798.0
0000000000000000000023f4,4586,3,59.9
0000000000000000000023f5,4745,1,529.0
0000000000000000000023f5,3491,3,1699.0
0000000000000000000023f5,1549,1,1136.0
0000000000000000000023f6,2777,3,2999.0
0000000000000000000023f6,930,3,649.0
0000000000000000000023f7,4804,1,93.9
0000000000000000000023f8,3421,3,999.0
0000000000000000000023f8,2358,1,59.9
0000000000000000000023f9,2779,2,3499.0
0000000000000000000023fa,2225,1,130.0
0000000000000000000023fb,3976,2,74.4
0000000000000000000023fc,4584,2,54.9
0000000000000000000023fc,1303,2,302.9
0000000000000000000023fd,3816,1,55.9
0000000000000000000023fd,4712,1,35.0
0000000000000000000023fd,4542,2,49.9
0000000000000000000023fe,4762,1,444.0
0000000000000000000023fe,5120,3,679.0
0000000000000000000023fe,1795,3,129.9
0000000000000000000023ff,1837,1,999.0
0000000000000000000023ff,3151,3,299.0
000000000000000000002400,4814,3,499.0
000000000000000000002401,4327,1,159.0
000000000000000000002401,3762,3,55.9
000000000000000000002402,3756,2,79.0
000000000000000000002403,4319,1,79.0
000000000000000000002403,3601,3,8.9
000000000000000000002403,696,1,88.9
000000000000000000002404,1095,3,529.9
000000000000000000002405,1818,2,419.0
000000000000000000002405,1056,3,849.0
000000000000000000002406,1962,1,389.0
000000000000000000002406,3475,3,89.0
000000000000000000002406,307,3,869.0
000000000000000000002406,342,2,1099.0
000000000000000000002407,4130,1,150.9
000000000000000000002408,3847,3,215.0
000000000000000000002408,255,3,2049.0
000000000000000000002408,684,1,169.9
000000000000000000002409,1074,3,1185.0
00000000000000000000240a,4415,2,69.9
00000000000000000000240a,4140,2,24.8
00000000000000000000240b,1620,1,1699.0
00000000000000000000240b,1097,1,1699.0
00000000000000000000240c,1314,2,109.0
00000000000000000000240d,1733,1,1668.0
00000000000000000000240e,2014,2,8.0
00000000000000000000240e,2373,1,713.9
00000000000000000000240e,1122,1,699.0
00000000000000000000240e,428,2,122.9
00000000000000000000240f,1727,2,1249.0
00000000000000000000240f,2336,1,289.0
000000000000000000002410,1472,3,1539.0
000000000000000000002411,3865,1,19.9
000000000000000000002411,3044,2,349.9
000000000000000000002412,1457,1,1549.0
000000000000000000002412,4156,1,124.9
000000000000000000002412,3700,1,10.9
000000000000000000002413,4740,3,9.9
000000000000000000002414,3640,3,929.0
000000000000000000002414,2295,3,154.9
000000000000000000002415,3445,3,599.0
000000000000000000002416,3433,2,1099.0
000000000000000000002416,3517,3,209.0
000000000000000000002416,62,2,361.0
000000000000000000002417,308,1,899.0
000000000000000000002417,4045,3,49.0
000000000000000000002417,4008,2,25.9
000000000000000000002417,844,3,949.0
000000000000000000002418,4483,3,49.9
000000000000000000002419,23,1,549.0
000000000000000000002419,2845,1,3499.0
000000000000000000002419,2203,1,279.0
00000000000000000000241a,3687,2,229.0
00000000000000000000241b,4049,2,48.0
00000000000000000000241c,517,3,185.0
00000000000000000000241d,2613,3,2799.0
00000000000000000000241e,2510,3,89.9
00000000000000000000241f,70,2,799.0
00000000000000000000241f,2427,1,489.0
00000000000000000000241f,3466,2,42.9
000000000000000000002420,4601,3,65.0
000000000000000000002420,191,1,2775.0
000000000000000000002420,1870,2,449.0
000000000000000000002421,200,3,3259.0
000000000000000000002421,2644,2,2499.0
000000000000000000002421,3737,3,85.0
000000000000000000002422,2824,3,1899.0
000000000000000000002422,1336,3,219.4
000000000000000000002422,294,3,479.0
000000000000000000002422,818,2,399.0
000000000000000000002423,3547,1,529.0
000000000000000000002423,1641,1,1969.99
000000000000000000002424,4553,1,45.9
000000000000000000002425,3808,3,79.9
000000000000000000002425,5072,2,390.0
000000000000000000002425,875,1,699.0
000000000000000000002426,4560,2,25.0
000000000000000000002426,2928,1,350.0
000000000000000000002427,2068,2,109.0
000000000000000000002428,2130,1,209.0
000000000000000000002428,4448,1,129.9
000000000000000000002428,33,3,599.0
000000000000000000002428,4332,2,264.95
000000000000000000002429,337,1,899.0
000000000000000000002429,657,1,99.0
00000000000000000000242a,987,2,339.0
00000000000000000000242a,534,3,20.0
00000000000000000000242a,216,2,949.0
00000000000000000000242a,4176,2,139.3
00000000000000000000242b,1838,1,2599.0
00000000000000000000242b,4242,1,139.0
00000000000000000000242c,3263,2,469.0
00000000000000000000242d,2455,2,215.0
00000000000000000000242e,1662,2,800.0
00000000000000000000242e,66,1,375.0
00000000000000000000242f,3648,2,189.0
000000000000000000002430,860,2,6614.79
000000000000000000002430,3948,3,38.99
000000000000000000002430,1849,2,849.0
000000000000000000002431,1283,2,406.9
000000000000000000002431,931,2,609.0
000000000000000000002432,2626,2,919.0
000000000000000000002432,4619,2,192.5
000000000000000000002432,2804,2,3369.0
000000000000000000002432,1605,2,1499.0
000000000000000000002433,4889,2,2499.0
000000000000000000002433,1594,1,1599.0
000000000000000000002434,4383,3,239.95
000000000000000000002435,2506,3,131.9
000000000000000000002436,1958,2,399.0
000000000000000000002436,3254,3,999.0
000000000000000000002437,354,2,2999.0
000000000000000000002437,2950,1,879.0
000000000000000000002437,1148,1,99.9
000000000000000000002438,2506,3,131.9
000000000000000000002438,3869,1,19.9
000000000000000000002438,3951,1,209.0
000000000000000000002438,4551,2,99.9
000000000000000000002439,4638,1,49.9
000000000000000000002439,5088,2,650680.0
00000000000000000000243a,3667,3,123.0
00000000000000000000243a,4908,3,39.9
00000000000000000000243a,919,2,1199.0
00000000000000000000243b,2121,2,39.9
00000000000000000000243c,2155,3,49.4
00000000000000000000243d,1304,1,302.9
00000000000000000000243d,4003,3,20.89
00000000000000000000243d,2167,2,67.2
00000000000000000000243e,2710,3,4521.0
00000000000000000000243f,192,2,2949.0
00000000000000000000243f,2115,3,109.0
00000000000000000000243f,938,3,625.0
000000000000000000002440,2624,2,2700.0
000000000000000000002440,148,3,1179.0
000000000000000000002441,4305,2,101.94
000000000000000000002441,4050,1,96.0
000000000000000000002442,1767,1,899.0
000000000000000000002442,430,2,79.0
000000000000000000002442,254,1,2049.0
000000000000000000002442,4735,1,101.34
000000000000000000002443,4047,3,84.0
000000000000000000002443,203,2,3279.0
000000000000000000002443,1166,3,140.68
000000000000000000002444,618,1,157.9
000000000000000000002444,2949,3,209.9
000000000000000000002444,3707,1,30.99
000000000000000000002444,4024,2,23.9
000000000000000000002445,3134,1,29.9
000000000000000000002445,4871,1,119.0
000000000000000000002446,3350,3,1299.0
000000000000000000002447,3373,2,1199.0
000000000000000000002447,4779,2,354.84
000000000000000000002447,606,1,119.0
000000000000000000002447,4804,2,93.9
000000000000000000002448,3016,2,36.0
000000000000000000002449,3975,3,74.4
000000000000000000002449,2509,1,49.9
00000000000000000000244a,1573,3,899.99
00000000000000000000244a,797,1,869.0
00000000000000000000244a,4475,3,79.0
00000000000000000000244b,4032,1,23.9
00000000000000000000244c,1713,1,1499.0
00000000000000000000244c,3363,3,379.0
00000000000000000000244d,1909,1,799.0
00000000000000000000244e,2413,3,83.9
00000000000000000000244f,1414,3,169.0
00000000000000000000244f,4564,3,76.9
000000000000000000002450,4454,3,108.9
000000000000000000002451,2854,3,699.0
000000000000000000002451,1307,2,302.9
000000000000000000002452,3448,1,1499.0
000000000000000000002452,5034,1,520.08
000000000000000000002452,4305,1,101.94
000000000000000000002453,4630,2,169.0
000000000000000000002453,3329,2,629.0
000000000000000000002454,551,3,16.0
000000000000000000002454,1302,3,319.0
000000000000000000002454,4466,3,119.0
000000000000000000002454,1713,1,1499.0
000000000000000000002455,2777,1,2999.0
000000000000000000002456,2248,1,369.0
000000000000000000002456,4046,1,269.0
000000000000000000002456,1807,3,649.0
000000000000000000002457,4178,3,899.0
000000000000000000002458,1773,2,899.0
000000000000000000002458,2889,2,699.0
000000000000000000002459,4820,2,1799.0
000000000000000000002459,152,3,1179.0
000000000000000000002459,896,2,450.0
00000000000000000000245a,1419,1,199.0
00000000000000000000245b,863,1,469.0
00000000000000000000245b,2956,2,749.0
00000000000000000000245c,1086,1,88.0
00000000000000000000245c,1043,2,649.99
00000000000000000000245d,4377,3,112.9
00000000000000000000245e,1500,1,1719.0
00000000000000000000245e,506,3,79.9
00000000000000000000245f,865,2,499.0
000000000000000000002460,2306,1,519.0
000000000000000000002461,4307,3,129.9
000000000000000000002461,2385,2,309.0
000000000000000000002462,2182,2,35.5
000000000000000000002463,1101,2,269.0
000000000000000000002464,303,2,794.0
000000000000000000002465,1656,3,1198.0
000000000000000000002465,5097,2,89.9
000000000000000000002466,1006,2,1329.0
000000000000000000002466,4982,3,89.0
000000000000000000002467,2090,1,129.0
000000000000000000002467,1791,3,1379.0
000000000000000000002468,305,2,830.0
000000000000000000002469,506,1,79.9
000000000000000000002469,3248,3,44.9
00000000000000000000246a,660,2,99.0
00000000000000000000246a,4497,2,49.9
00000000000000000000246a,3816,3,55.9
00000000000000000000246a,542,3,30.0
00000000000000000000246b,2791,2,2699.0
00000000000000000000246c,1080,3,199.9
00000000000000000000246c,285,2,909.0
00000000000000000000246c,3628,1,299.0
00000000000000000000246d,2809,2,3629.0
00000000000000000000246e,922,2,4599.0
00000000000000000000246e,2160,2,29.0
00000000000000000000246e,1816,3,280.0
00000000000000000000246f,4899,1,99.9
000000000000000000002470,1275,2,119.9
000000000000000000002471,3232,1,499.9
000000000000000000002472,938,1,625.0
000000000000000000002473,204,3,3279.0
000000000000000000002474,5010,1,319.0
000000000000000000002474,1549,3,1136.0
000000000000000000002474,3757,3,69.0
000000000000000000002475,1217,3,42.0
000000000000000000002476,100,3,539.0
000000000000000000002476,1253,3,100.0
000000000000000000002476,1670,2,949.0
000000000000000000002476,1395,1,349.0
000000000000000000002477,769,2,2455.0
000000000000000000002478,4850,3,199.9
000000000000000000002478,4195,3,219.0
000000000000000000002479,1390,1,2729.0
000000000000000000002479,4849,3,69.9
00000000000000000000247a,2198,2,291.0
00000000000000000000247b,3545,2,329.0
00000000000000000000247b,5092,3,485.0
00000000000000000000247b,1085,1,699.0
00000000000000000000247c,4308,1,129.9
00000000000000000000247d,616,3,199.0
00000000000000000000247e,4394,1,39.9
00000000000000000000247e,2820,1,7069.0
00000000000000000000247e,3412,3,199.0
00000000000000000000247e,2397,1,539.0
00000000000000000000247f,2160,3,29.0
000000000000000000002480,4987,2,59.0
000000000000000000002480,406,2,2199.0
000000000000000000002480,3199,2,112.9
000000000000000000002480,5165,2,179.9
000000000000000000002481,1112,1,463.9
000000000000000000002482,1493,3,1688.0
000000000000000000002482,1830,3,739.0
000000000000000000002482,264,3,2499.0
000000000000000000002483,2145,1,189.0
000000000000000000002483,5040,1,93.9
000000000000000000002483,2451,2,249.0
000000000000000000002483,2730,2,2609.9
000000000000000000002484,3388,3,1299.0
000000000000000000002485,3102,1,53.0
000000000000000000002485,932,1,609.0
000000000000000000002486,4995,2,19.9
000000000000000000002487,72,2,529.0
000000000000000000002487,1300,3,273.9
000000000000000000002487,3558,3,239.0
000000000000000000002488,15,1,375.0
000000000000000000002488,2572,3,139.9
000000000000000000002488,4007,1,25.9
000000000000000000002489,1503,1,949.0
000000000000000000002489,481,1,10.0
00000000000000000000248a,4581,1,58.0
00000000000000000000248b,31,1,399.0
00000000000000000000248c,2739,2,3599.0
00000000000000000000248c,939,1,625.0
00000000000000000000248d,453,1,729.0
00000000000000000000248e,4872,2,119.0
00000000000000000000248e,2909,1,989.0
00000000000000000000248e,3004,3,500.0
00000000000000000000248f,2479,1,35.0
000000000000000000002490,1633,1,1299.0
000000000000000000002491,3950,3,239.0
000000000000000000002491,2699,2,1149.0
000000000000000000002491,2557,1,3300.0
000000000000000000002491,2085,1,129.0
000000000000000000002492,2557,1,3300.0
000000000000000000002492,3976,3,74.4
000000000000000000002493,189,3,1699.0
000000000000000000002493,120,2,2999.0
000000000000000000002493,873,1,399.0
000000000000000000002494,497,2,89.0
000000000000000000002494,4944,3,99.9
000000000000000000002495,91,1,399.0
000000000000000000002495,1316,3,59.9
000000000000000000002495,2237,1,243.9
000000000000000000002496,1434,1,1619.0
000000000000000000002497,4506,1,49.9
000000000000000000002498,4212,2,149.5
000000000000000000002498,921,1,389.0
000000000000000000002499,4713,1,35.0
000000000000000000002499,77,2,420.0
000000000000000000002499,2670,3,4449.0
00000000000000000000249a,2743,3,4139.0
00000000000000000000249a,4051,3,20.0
00000000000000000000249a,1225,2,249.0
00000000000000000000249b,3472,1,89.0
00000000000000000000249b,1044,2,599.9
00000000000000000000249b,4549,1,69.9
00000000000000000000249c,2392,3,589.0
00000000000000000000249d,4702,1,279.0
00000000000000000000249d,2619,1,3038.9
00000000000000000000249d,4628,3,60.9
00000000000000000000249e,2621,2,1299.0
00000000000000000000249f,3634,1,29.9
00000000000000000000249f,170,2,1749.0
0000000000000000000024a0,3454,1,499.0
0000000000000000000024a0,777,3,699.0
0000000000000000000024a1,312,2,889.0
0000000000000000000024a1,4001,3,24.89
0000000000000000000024a2,1289,2,79.0
0000000000000000000024a2,4265,2,168.0
0000000000000000000024a3,4266,2,72.0
0000000000000000000024a3,2809,3,3629.0
0000000000000000000024a3,1273,3,843.0
0000000000000000000024a4,2905,3,989.0
0000000000000000000024a5,1810,1,1250.0
0000000000000000000024a5,4949,1,85.0
0000000000000000000024a5,2746,3,4139.0
0000000000000000000024a6,4148,2,45.0
0000000000000000000024a7,522,3,79.0
0000000000000000000024a8,4815,2,179.0
0000000000000000000024a9,3502,2,1799.0
0000000000000000000024a9,3011,1,58.0
0000000000000000000024aa,962,3,199.0
0000000000000000000024ab,843,1,449.9
0000000000000000000024ab,990,3,1999.0
0000000000000000000024ab,3472,1,89.0
0000000000000000000024ac,4471,2,289.0
0000000000000000000024ad,4346,2,139.9
0000000000000000000024ae,1595,2,1899.0
0000000000000000000024ae,123,2,3999.0
0000000000000000000024ae,3287,2,369.0
0000000000000000000024ae,950,1,1299.0
0000000000000000000024af,3782,1,89.0
0000000000000000000024b0,1096,3,1099.0
0000000000000000000024b1,75,3,345.0
0000000000000000000024b1,3557,3,331.9
0000000000000000000024b1,1719,3,1109.0
0000000000000000000024b1,1245,2,55.0
0000000000000000000024b2,2758,2,4259.0
0000000000000000000024b3,4849,1,69.9
0000000000000000000024b3,4655,2,209.0
0000000000000000000024b3,882,1,1195.0
0000000000000000000024b3,2707,2,2899.0
0000000000000000000024b4,854,2,609.0
0000000000000000000024b5,1814,1,1119.0
0000000000000000000024b6,2523,3,29.9
0000000000000000000024b7,1302,2,319.0
0000000000000000000024b7,1662,1,800.0
0000000000000000000024b8,4489,1,55.9
0000000000000000000024b8,1887,1,199.0
0000000000000000000024b9,4439,2,29.9
0000000000000000000024b9,2093,2,79.9
0000000000000000000024ba,3957,1,70.0
0000000000000000000024ba,420,1,249.0
0000000000000000000024ba,3131,3,429.0
0000000000000000000024bb,3381,1,1229.0
0000000000000000000024bb,32,1,599.0
0000000000000000000024bb,1611,3,1499.0
0000000000000000000024bb,1238,1,169.9
0000000000000000000024bc,1118,2,799.0
0000000000000000000024bd,833,1,489.0
0000000000000000000024bd,903,1,769.0
0000000000000000000024be,2139,3,38.0
0000000000000000000024bf,1165,2,139.0
0000000000000000000024c0,3700,1,10.9
0000000000000000000024c0,848,1,999.0
0000000000000000000024c1,2509,1,49.9
0000000000000000000024c1,15,2,375.0
0000000000000000000024c1,5087,1,650.0
0000000000000000000024c2,4693,1,195.0
0000000000000000000024c2,865,1,499.0
0000000000000000000024c2,2291,1,149.0
0000000000000000000024c2,4509,2,49.9
0000000000000000000024c3,222,3,2099.0
0000000000000000000024c4,2715,2,999.0
0000000000000000000024c5,1492,3,1688.0
0000000000000000000024c6,172,3,1185.0
0000000000000000000024c7,94,3,499.0
0000000000000000000024c7,2842,1,3449.0
0000000000000000000024c7,662,3,109.0
0000000000000000000024c8,3484,1,1949.0
0000000000000000000024c8,962,1,199.0
0000000000000000000024c8,729,3,636.0
0000000000000000000024c9,4894,1,199.99
0000000000000000000024c9,3235,1,949.0
0000000000000000000024ca,733,1,919.0
0000000000000000000024cb,2962,2,209.9
0000000000000000000024cc,123,1,3999.0
0000000000000000000024cd,3692,2,120.0
0000000000000000000024ce,3887,3,334.0
0000000000000000000024cf,5065,1,370.0
0000000000000000000024cf,3,3,449.0
0000000000000000000024d0,4981,1,89.0
0000000000000000000024d1,214,2,949.0
0000000000000000000024d2,3985,3,206.0
0000000000000000000024d2,837,2,749.0
0000000000000000000024d2,1188,2,165.0
0000000000000000000024d3,4590,1,54.9
0000000000000000000024d3,158,1,1799.0
0000000000000000000024d4,2414,3,369.0
0000000000000000000024d4,4059,1,58.9
0000000000000000000024d4,2120,1,60.0
0000000000000000000024d5,813,3,367.0
0000000000000000000024d6,4782,3,929.44
0000000000000000000024d6,1468,2,1549.0
0000000000000000000024d6,1389,1,3399.0
0000000000000000000024d7,153,2,1288.0
0000000000000000000024d7,3942,2,94.9
0000000000000000000024d7,1279,3,89.0
0000000000000000000024d7,948,3,1809.0
0000000000000000000024d8,375,2,3099.0
0000000000000000000024d9,461,1,174.9
0000000000000000000024d9,3221,3,119.0
0000000000000000000024da,344,1,1099.0
0000000000000000000024da,5115,2,259.0
0000000000000000000024da,3641,1,2959.0
0000000000000000000024da,2352,1,64.9
0000000000000000000024db,4749,1,229.0
0000000000000000000024db,60,3,400.0
0000000000000000000024db,4756,1,91.5
0000000000000000000024dc,4290,3,119.9
0000000000000000000024dc,2646,1,1699.0
0000000000000000000024dd,3188,1,999.0
0000000000000000000024de,4102,2,54.99
0000000000000000000024de,5,1,475.0
0000000000000000000024df,525,3,99.9
0000000000000000000024e0,3702,3,409.0
0000000000000000000024e1,150,2,1149.0
0000000000000000000024e2,3500,1,1799.0
0000000000000000000024e2,4495,2,59.0
0000000000000000000024e3,473,1,49.0
0000000000000000000024e4,3642,3,170.0
0000000000000000000024e5,1534,1,1469.0
0000000000000000000024e6,3189,2,49.0
0000000000000000000024e6,3084,1,129.0
0000000000000000000024e6,4831,2,539.0
0000000000000000000024e7,4178,3,899.0
0000000000000000000024e8,3063,3,639.0
0000000000000000000024e8,1055,3,793.0
0000000000000000000024e9,241,3,1760.0
0000000000000000000024e9,2864,2,899.0
0000000000000000000024ea,1974,1,244.0
0000000000000000000024eb,4863,3,98.0
0000000000000000000024eb,4802,2,80.0
0000000000000000000024ec,4740,3,9.9
0000000000000000000024ed,1739,2,1699.0
0000000000000000000024ed,1529,1,829.0
0000000000000000000024ee,5033,2,199.0
0000000000000000000024ef,1420,1,359.0
0000000000000000000024f0,228,3,5890.0
0000000000000000000024f1,3943,2,79.5
0000000000000000000024f2,2726,2,1440.0
0000000000000000000024f3,1266,3,49.9
0000000000000000000024f3,3965,3,349.0
0000000000000000000024f3,4874,3,59.9
0000000000000000000024f4,987,3,339.0
0000000000000000000024f4,4228,3,78.9
0000000000000000000024f4,5064,1,450.0
0000000000000000000024f5,3124,2,559.9
0000000000000000000024f6,318,3,999.0
0000000000000000000024f6,256,2,3599.0
0000000000000000000024f6,1351,3,84.9
0000000000000000000024f6,1466,2,1549.0
0000000000000000000024f7,3072,1,120.9
0000000000000000000024f8,4276,2,250.0
0000000000000000000024f8,4028,3,23.9
0000000000000000000024f8,3223,3,131.9
0000000000000000000024f9,4914,2,29.9
0000000000000000000024fa,2005,2,925.0
0000000000000000000024fa,2331,2,39.0
0000000000000000000024fb,5125,3,380.0
0000000000000000000024fb,1786,2,719.0
0000000000000000000024fb,2479,3,35.0
0000000000000000000024fc,4749,3,229.0
0000000000000000000024fc,544,2,19.9
0000000000000000000024fc,2488,1,1550.0
0000000000000000000024fc,1647,1,1959.0
0000000000000000000024fd,3752,1,59.0
0000000000000000000024fe,4954,3,87.0
0000000000000000000024fe,1133,3,3129.0
0000000000000000000024fe,3436,1,1199.0
0000000000000000000024ff,3748,1,28.0
0000000000000000000024ff,35,3,599.0
0000000000000000000024ff,4202,3,209.3
0000000000000000000024ff,1934,3,299.99
000000000000000000002500,1625,2,699.0
000000000000000000002500,4338,3,559.9
000000000000000000002500,1054,3,775.0
000000000000000000002500,4154,3,75.38
000000000000000000002501,2770,1,3999.0
000000000000000000002502,4883,3,1059.0
000000000000000000002503,1722,3,1789.0
000000000000000000002504,1702,2,759.0
000000000000000000002505,4202,3,209.3
000000000000000000002506,942,2,563.0
000000000000000000002506,333,2,739.0
000000000000000000002507,4380,1,249.95
000000000000000000002508,4470,3,279.0
000000000000000000002508,4667,3,141.9
000000000000000000002508,4511,1,49.9
000000000000000000002509,1947,3,259.0
00000000000000000000250a,5175,2,629.91
00000000000000000000250b,2787,3,99.0
00000000000000000000250c,2572,1,139.9
00000000000000000000250d,679,2,159.0
00000000000000000000250d,4528,3,49.9
00000000000000000000250e,3459,2,529.0
00000000000000000000250e,1447,1,1939.0
00000000000000000000250f,3037,2,350.0
00000000000000000000250f,2015,3,359.0
000000000000000000002510,3246,3,24.9
000000000000000000002510,478,2,10.0
000000000000000000002511,5056,3,420.0
000000000000000000002512,1840,2,899.0
000000000000000000002513,1473,3,1690.0
000000000000000000002514,659,2,3189.0
000000000000000000002514,54,3,399.0
000000000000000000002515,3835,2,63.9
000000000000000000002515,2029,1,149.9
000000000000000000002515,3533,1,329.0
000000000000000000002516,2895,2,989.0
000000000000000000002516,4730,2,499.0
000000000000000000002517,1832,1,599.0
000000000000000000002517,185,2,1739.0
000000000000000000002517,4456,1,195.0
000000000000000000002518,3789,1,69.9
000000000000000000002519,3742,1,69.0
000000000000000000002519,1413,3,199.0
000000000000000000002519,3552,2,529.0
00000000000000000000251a,1330,2,2589.0
00000000000000000000251b,2377,2,169.99
00000000000000000000251b,1596,3,1699.0
00000000000000000000251c,4175,2,139.3
00000000000000000000251c,2719,1,1649.0
00000000000000000000251c,3670,3,24.5
00000000000000000000251d,864,3,1240.0
00000000000000000000251d,2048,2,379.0
00000000000000000000251e,2602,3,2599.0
00000000000000000000251e,1448,2,3869.0
00000000000000000000251e,2758,3,4259.0
00000000000000000000251e,3203,3,121.9
00000000000000000000251f,3929,1,139.99
000000000000000000002520,2830,2,2799.0
000000000000000000002521,1458,2,1549.0
000000000000000000002521,5039,1,93.9
000000000000000000002521,791,2,1269.0
000000000000000000002521,1449,2,1945.9
000000000000000000002522,495,1,139.0
000000000000000000002522,3364,3,809.0
000000000000000000002522,4280,1,77.4
000000000000000000002522,2172,2,169.0
000000000000000000002523,871,1,765.0
000000000000000000002524,1937,2,220.0
000000000000000000002524,4290,3,119.9
000000000000000000002524,3776,2,109.0
000000000000000000002525,4145,3,600.0
000000000000000000002525,128,1,2529.0
000000000000000000002526,3827,3,79.0
000000000000000000002527,869,2,639.0
000000000000000000002528,1085,1,699.0
000000000000000000002528,1004,2,658.0
000000000000000000002529,3313,1,299.0
000000000000000000002529,979,1,798.0
00000000000000000000252a,3380,3,849.0
00000000000000000000252a,894,2,677.0
00000000000000000000252a,2344,1,110.9
00000000000000000000252b,827,2,459.0
00000000000000000000252b,4941,2,69.9
00000000000000000000252b,2506,2,131.9
00000000000000000000252b,3038,3,560.0
00000000000000000000252c,1029,2,533.33
00000000000000000000252c,4773,2,74.9
00000000000000000000252d,27,3,599.0
00000000000000000000252e,5013,1,59.0
00000000000000000000252e,4621,3,192.5
00000000000000000000252e,1389,3,3399.0
00000000000000000000252f,3004,3,500.0
00000000000000000000252f,2414,1,369.0
000000000000000000002530,1532,2,1399.0
000000000000000000002531,394,1,699.0
000000000000000000002531,1267,3,50.9
000000000000000000002532,3102,3,53.0
000000000000000000002532,3744,1,159.0
000000000000000000002533,2684,2,2299.0
000000000000000000002533,5111,1,289.0
000000000000000000002533,203,2,3279.0
000000000000000000002534,944,1,8499.99
000000000000000000002534,87,3,469.0
000000000000000000002534,1242,1,93.9
000000000000000000002535,2001,1,279.0
000000000000000000002535,1137,1,169.9
000000000000000000002535,3187,3,49.9
000000000000000000002536,4347,2,139.9
000000000000000000002536,3315,1,1899.0
000000000000000000002537,4688,1,50.0
000000000000000000002537,707,1,1099.0
000000000000000000002538,3283,2,1.0
000000000000000000002538,266,2,1849.0
000000000000000000002539,2086,3,179.0
000000000000000000002539,2108,3,549.0
00000000000000000000253a,624,2,63.9
00000000000000000000253a,115,2,529.0
00000000000000000000253b,308,1,899.0
00000000000000000000253c,770,2,2609.0
00000000000000000000253c,5180,1,1949.0
00000000000000000000253c,4550,1,109.9
00000000000000000000253d,3283,1,1.0
00000000000000000000253e,538,2,249.0
00000000000000000000253f,2775,3,2999.0
00000000000000000000253f,4045,1,49.0
000000000000000000002540,1993,1,900.0
000000000000000000002541,313,1,899.0
000000000000000000002541,14,1,529.0
000000000000000000002541,3387,2,1999.0
000000000000000000002541,4635,1,195.0
000000000000000000002542,3413,3,129.0
000000000000000000002542,3962,1,349.0
000000000000000000002542,2337,2,195.0
000000000000000000002542,4126,3,85.9
000000000000000000002543,1920,1,420.0
000000000000000000002543,268,3,1298.0
000000000000000000002544,1761,3,20.0
000000000000000000002545,4798,3,469.0
000000000000000000002546,1693,1,1149.0
000000000000000000002546,2087,1,129.9
000000000000000000002547,4452,1,103.9
000000000000000000002547,2728,2,2189.9
000000000000000000002548,4824,1,684.3
000000000000000000002548,3094,2,660.0
000000000000000000002548,3941,3,125.0
000000000000000000002548,53,3,399.0
000000000000000000002549,1988,2,339.0
000000000000000000002549,1296,3,120.9
00000000000000000000254a,581,2,449.0
00000000000000000000254a,495,3,139.0
00000000000000000000254b,1915,2,999.0
00000000000000000000254b,604,2,339.99
00000000000000000000254b,4100,1,149.9
00000000000000000000254c,5000,2,34.9
00000000000000000000254c,23,3,549.0
00000000000000000000254d,3119,1,399.9
00000000000000000000254d,4884,1,107.0
00000000000000000000254e,2491,1,229.0
00000000000000000000254f,4800,3,80.0
00000000000000000000254f,3532,2,329.0
000000000000000000002550,3829,3,139.0
000000000000000000002551,1997,2,619.0
000000000000000000002552,4634,2,120.0
000000000000000000002553,827,1,459.0
000000000000000000002554,4413,1,69.9
000000000000000000002555,166,1,1159.0
000000000000000000002555,4129,2,59.5
000000000000000000002556,1247,1,199.0
000000000000000000002556,202,1,3259.0
000000000000000000002556,978,1,539.0
000000000000000000002556,1613,1,1599.0
000000000000000000002557,3061,2,3576.0
000000000000000000002558,2064,2,149.0
000000000000000000002558,3984,3,60.99
000000000000000000002558,1314,1,109.0
000000000000000000002558,5132,1,198.9
000000000000000000002559,3935,2,59.9
000000000000000000002559,1902,3,128.0
000000000000000000002559,3030,2,100.0
000000000000000000002559,699,3,499.0
00000000000000000000255a,3561,2,169.0
00000000000000000000255a,3360,1,999.0
00000000000000000000255a,2182,1,35.5
00000000000000000000255b,4317,2,179.4
00000000000000000000255c,4884,1,107.0
00000000000000000000255c,4288,2,79.0
00000000000000000000255c,341,3,999.0
00000000000000000000255d,3557,3,331.9
00000000000000000000255d,1900,1,119.0
00000000000000000000255e,742,2,1800.0
00000000000000000000255e,336,3,1114.0
00000000000000000000255e,5037,1,93.9
00000000000000000000255f,2723,3,1649.0
000000000000000000002560,619,2,148.9
000000000000000000002561,2570,3,59.0
000000000000000000002562,1259,3,379.0
000000000000000000002563,2249,3,169.9
000000000000000000002564,273,3,939.0
000000000000000000002565,3824,3,169.0
000000000000000000002566,2905,3,989.0
000000000000000000002567,3815,3,89.0
000000000000000000002567,634,1,155.0
000000000000000000002567,4330,3,98.9
000000000000000000002568,3436,2,1199.0
000000000000000000002568,811,2,329.0
000000000000000000002568,2970,3,699.0
000000000000000000002569,4264,2,168.0
00000000000000000000256a,1207,1,325.91
00000000000000000000256b,1964,2,299.0
00000000000000000000256b,3317,3,1849.0
00000000000000000000256c,2918,3,979.0
00000000000000000000256c,3129,2,280.0
00000000000000000000256d,4929,2,29.9
00000000000000000000256d,4339,2,559.9
00000000000000000000256d,2597,1,5798.0
00000000000000000000256d,1705,2,819.0
00000000000000000000256e,3244,2,349.9
00000000000000000000256f,874,1,1409.0
00000000000000000000256f,2903,1,979.99
00000000000000000000256f,1952,3,259.0
000000000000000000002570,733,1,919.0
000000000000000000002571,2407,2,979.0
000000000000000000002571,3937,3,59.9
000000000000000000002572,4158,2,53.55
000000000000000000002573,2468,2,309.0
000000000000000000002574,1402,2,199.0
000000000000000000002575,1961,1,289.0
000000000000000000002575,1917,2,1299.9
000000000000000000002575,1730,2,1279.0
000000000000000000002576,569,2,81.9
000000000000000000002576,1982,1,259.0
000000000000000000002576,2915,3,999.0
000000000000000000002577,3635,3,5.9
000000000000000000002577,5083,2,580.0
000000000000000000002577,3558,2,239.0
000000000000000000002577,814,3,459.0
000000000000000000002578,2805,2,2999.0
000000000000000000002578,557,1,149.0
000000000000000000002579,1816,1,280.0
000000000000000000002579,944,3,8499.99
00000000000000000000257a,1134,3,89.9
00000000000000000000257b,2799,2,4339.0
00000000000000000000257c,4185,3,129.9
00000000000000000000257d,1463,2,1549.0
00000000000000000000257e,3384,3,3499.0
00000000000000000000257e,1395,1,349.0
00000000000000000000257e,1250,1,229.9
00000000000000000000257e,4943,2,54.9
00000000000000000000257f,1604,2,1689.0
000000000000000000002580,765,2,2189.0
000000000000000000002580,4290,2,119.9
000000000000000000002581,1535,2,1199.0
000000000000000000002582,3670,1,24.5
000000000000000000002582,1575,1,1089.0
000000000000000000002583,4176,1,139.3
000000000000000000002584,1819,1,849.9
000000000000000000002584,4446,2,129.9
000000000000000000002585,4982,1,89.0
000000000000000000002585,370,1,478.0
000000000000000000002585,1907,3,599.0
000000000000000000002586,3498,3,1899.0
000000000000000000002586,3731,1,69.9
000000000000000000002586,1941,2,239.0
000000000000000000002587,4564,3,76.9
000000000000000000002587,3971,2,189.0
000000000000000000002588,2383,2,309.0
000000000000000000002589,1114,3,799.0
00000000000000000000258a,1792,3,1169.0
00000000000000000000258a,3248,3,44.9
00000000000000000000258b,2292,3,159.0
00000000000000000000258b,2894,3,350.0
00000000000000000000258c,2095,3,299.0
00000000000000000000258c,3566,1,140.9
00000000000000000000258c,4650,2,105.0
00000000000000000000258d,3649,1,189.0
00000000000000000000258d,1398,1,669.0
00000000000000000000258e,2467,2,309.9
00000000000000000000258e,2482,1,27.9
00000000000000000000258e,4484,3,49.9
00000000000000000000258f,1516,1,2449.0
000000000000000000002590,4043,2,23.9
000000000000000000002590,1258,1,329.0
000000000000000000002591,173,2,1185.0
000000000000000000002592,4006,2,25.9
000000000000000000002593,3012,3,58.0
000000000000000000002594,4065,2,69.0
000000000000000000002594,2862,2,699.0
000000000000000000002594,4730,2,499.0
000000000000000000002595,872,1,590.0
000000000000000000002596,3457,1,499.0
000000000000000000002597,886,1,1449.0
000000000000000000002597,4137,3,229.0
000000000000000000002598,3168,2,159.0
000000000000000000002598,2355,2,89.9
000000000000000000002598,4757,3,135.0
000000000000000000002599,230,2,5890.0
00000000000000000000259a,1948,3,259.0
00000000000000000000259b,1850,3,999.0
00000000000000000000259b,2397,3,539.0
00000000000000000000259c,2446,3,249.0
00000000000000000000259c,613,2,179.0
00000000000000000000259c,4561,1,25.0
00000000000000000000259c,2367,2,249.0
00000000000000000000259d,330,2,649.0
00000000000000000000259d,3016,2,36.0
00000000000000000000259e,4886,1,408.0
00000000000000000000259f,4462,3,79.9
0000000000000000000025a0,613,3,179.0
0000000000000000000025a0,3114,2,36.9
0000000000000000000025a1,4879,1,50.0
0000000000000000000025a2,3811,1,54.9
0000000000000000000025a2,2284,1,659.0
0000000000000000000025a2,4542,2,49.9
0000000000000000000025a3,109,3,459.0
0000000000000000000025a4,4696,1,29.0
0000000000000000000025a5,4095,2,49.9
0000000000000000000025a6,1346,3,71.9
0000000000000000000025a7,2444,3,249.0
0000000000000000000025a8,1112,1,463.9
0000000000000000000025a9,3394,1,109.0
0000000000000000000025aa,1500,3,1719.0
0000000000000000000025aa,4683,2,145.0
0000000000000000000025ab,248,1,1729.0
0000000000000000000025ab,3040,3,3599.0
0000000000000000000025ac,4715,3,35.0
0000000000000000000025ac,3863,1,19.9
0000000000000000000025ac,2953,3,300.0
0000000000000000000025ad,5123,3,450.0
0000000000000000000025ad,877,2,429.0
0000000000000000000025ae,2933,3,999.0
0000000000000000000025ae,1414,1,169.0
0000000000000000000025af,2993,1,1199.0
0000000000000000000025af,4475,1,79.0
0000000000000000000025b0,2057,1,349.0
0000000000000000000025b0,1113,2,2799.0
0000000000000000000025b0,3265,2,619.0
0000000000000000000025b0,194,1,4169.0
0000000000000000000025b1,3156,1,99.0
0000000000000000000025b2,2528,2,349.9
0000000000000000000025b2,4438,1,149.9
0000000000000000000025b3,1431,1,2880.0
0000000000000000000025b4,208,1,3279.0
0000000000000000000025b4,3044,3,349.9
0000000000000000000025b4,4095,2,49.9
0000000000000000000025b4,908,1,1599.0
0000000000000000000025b5,842,1,979.0
0000000000000000000025b6,361,1,6899.0
0000000000000000000025b6,2392,1,589.0
0000000000000000000025b6,4896,3,469.99
0000000000000000000025b6,3217,1,19.9
0000000000000000000025b7,5046,3,125.0
0000000000000000000025b8,1114,2,799.0
0000000000000000000025b9,1042,2,619.0
0000000000000000000025ba,3695,1,43.8
0000000000000000000025bb,91,3,399.0
0000000000000000000025bb,407,2,940.0
0000000000000000000025bb,4224,3,279.9
0000000000000000000025bc,1731,3,1889.0
0000000000000000000025bc,2986,3,2169.0
0000000000000000000025bc,919,3,1199.0
0000000000000000000025bd,4037,3,23.9
0000000000000000000025bd,3149,2,16.9
0000000000000000000025bd,2325,2,76.9
0000000000000000000025be,4752,3,67.5
0000000000000000000025bf,2115,2,109.0
0000000000000000000025bf,3189,2,49.0
0000000000000000000025c0,660,3,99.0
0000000000000000000025c0,4202,1,209.3
0000000000000000000025c1,1225,2,249.0
0000000000000000000025c2,3525,1,39.99
0000000000000000000025c3,4180,2,159.0
0000000000000000000025c4,3384,1,3499.0
0000000000000000000025c4,4387,1,125.93
0000000000000000000025c4,1615,2,1699.0
0000000000000000000025c5,1945,3,259.0
0000000000000000000025c6,2284,1,659.0
0000000000000000000025c7,1420,1,359.0
0000000000000000000025c7,2049,3,449.9
0000000000000000000025c7,1834,2,2599.0
0000000000000000000025c7,1277,3,109.9
0000000000000000000025c8,126,3,2529.0
0000000000000000000025c8,2137,1,118.0
0000000000000000000025c9,2005,3,925.0
0000000000000000000025c9,3108,2,159.9
0000000000000000000025ca,4408,2,149.0
0000000000000000000025cb,782,1,329.0
0000000000000000000025cc,3258,2,104.9
0000000000000000000025cc,4200,3,199.0
0000000000000000000025cc,2772,2,3999.0
0000000000000000000025cd,4516,3,49.9
0000000000000000000025cd,139,1,2679.0
0000000000000000000025cd,93,1,499.0
0000000000000000000025cd,1372,2,255.0
0000000000000000000025ce,447,3,1799.0
0000000000000000000025ce,3095,1,1069.9
0000000000000000000025ce,2555,2,74.9
0000000000000000000025cf,1524,3,789.0
0000000000000000000025d0,824,1,560.0
0000000000000000000025d1,372,3,799.0
0000000000000000000025d2,4188,1,230.3
0000000000000000000025d2,2232,3,295.0
0000000000000000000025d3,4844,3,149.0
0000000000000000000025d3,2232,3,295.0
0000000000000000000025d3,738,1,749.0
0000000000000000000025d4,4964,1,41.9
0000000000000000000025d5,1623,1,789.0
0000000000000000000025d6,5137,3,144.0
0000000000000000000025d6,2955,3,374.9
0000000000000000000025d6,2491,1,229.0
0000000000000000000025d7,2803,2,3369.0
0000000000000000000025d7,4046,1,269.0
0000000000000000000025d8,3499,2,1899.0
0000000000000000000025d9,441,2,25.5
0000000000000000000025d9,2190,3,55.9
0000000000000000000025da,5039,2,93.9
0000000000000000000025da,4553,1,45.9
0000000000000000000025db,2748,2,4799.0
0000000000000000000025db,2123,1,194.0
0000000000000000000025db,1279,1,89.0
0000000000000000000025dc,1415,3,179.0
0000000000000000000025dc,806,3,30.0
0000000000000000000025dc,5157,3,265.0
0000000000000000000025dc,3751,3,59.0
0000000000000000000025dd,1266,2,49.9
0000000000000000000025dd,3180,1,44.9
0000000000000000000025de,3057,2,2299.0
0000000000000000000025de,2322,2,1259.9
0000000000000000000025de,4204,1,79.9
0000000000000000000025de,1890,2,2599.0
0000000000000000000025df,1765,1,899.0
0000000000000000000025df,4820,1,1799.0
0000000000000000000025df,2689,1,4732.0
0000000000000000000025df,1618,2,1699.0
0000000000000000000025e0,1918,3,1649.9
0000000000000000000025e0,866,3,48310.0
0000000000000000000025e0,2773,3,570.0
0000000000000000000025e1,2746,3,4139.0
0000000000000000000025e1,345,2,1099.0
0000000000000000000025e2,830,3,1199.0
0000000000000000000025e2,407,3,940.0
0000000000000000000025e3,4917,1,50.0
0000000000000000000025e3,4577,1,49.9
0000000000000000000025e3,2732,1,3999.0
0000000000000000000025e4,1813,1,639.0
0000000000000000000025e5,1858,2,459.0
0000000000000000000025e6,15,1,375.0
0000000000000000000025e6,3691,3,1519.9
0000000000000000000025e7,3520,3,142.0
0000000000000000000025e7,4962,1,69.0
0000000000000000000025e7,3094,3,660.0
0000000000000000000025e8,3627,1,349.9
0000000000000000000025e8,4761,2,109.0
0000000000000000000025e8,4135,2,24.9
0000000000000000000025e9,4953,1,87.0
0000000000000000000025e9,2069,1,120.0
0000000000000000000025e9,4803,2,80.0
0000000000000000000025ea,1724,2,1310.0
0000000000000000000025ea,446,3,1799.0
0000000000000000000025eb,383,1,3719.0
0000000000000000000025ec,550,3,20.0
0000000000000000000025ed,602,1,799.0
0000000000000000000025ee,2405,2,369.0
0000000000000000000025ee,1374,2,179.9
0000000000000000000025ee,2017,3,239.0
0000000000000000000025ef,786,1,1600.0
0000000000000000000025f0,4649,1,179.0
0000000000000000000025f1,5042,2,1280.0
0000000000000000000025f2,3606,1,899.0
0000000000000000000025f3,687,1,1129.0
0000000000000000000025f3,3490,1,1899.0
0000000000000000000025f4,4222,1,299.0
0000000000000000000025f5,4355,3,329.95
0000000000000000000025f6,916,2,858.0
0000000000000000000025f6,692,2,2439.0
0000000000000000000025f6,2287,2,79.9
0000000000000000000025f7,2910,2,989.0
0000000000000000000025f8,3628,3,299.0
0000000000000000000025f9,4192,1,159.2
0000000000000000000025fa,1845,1,1859.0
0000000000000000000025fa,1053,1,1099.0
0000000000000000000025fa,2076,1,88.0
0000000000000000000025fb,2409,2,149.0
0000000000000000000025fb,1036,3,709.0
0000000000000000000025fb,4904,3,45.0
0000000000000000000025fc,1716,1,1299.0
0000000000000000000025fc,1006,2,1329.0
0000000000000000000025fc,1658,2,1299.0
0000000000000000000025fd,2545,1,179.0
0000000000000000000025fe,3837,3,129.0
0000000000000000000025fe,3828,1,229.0
0000000000000000000025fe,1243,2,429.9
0000000000000000000025ff,2285,3,599.0
000000000000000000002600,3699,3,10.9
000000000000000000002601,1225,2,249.0
000000000000000000002601,488,2,39.0
000000000000000000002601,4085,1,42.9
000000000000000000002602,1655,1,1089.0
000000000000000000002602,3785,2,64.9
000000000000000000002603,3990,3,99.0
000000000000000000002603,2277,1,299.0
000000000000000000002604,1195,1,165.9
000000000000000000002605,3724,3,70.0
000000000000000000002605,1825,2,249.0
000000000000000000002605,2432,2,74.9
000000000000000000002606,669,2,1699.0
000000000000000000002607,191,2,2775.0
000000000000000000002607,4972,2,39.9
000000000000000000002607,887,3,1099.0
000000000000000000002608,984,1,359.0
000000000000000000002608,2138,3,119.0
000000000000000000002609,5084,2,249.9
00000000000000000000260a,2669,1,1349.0
00000000000000000000260b,1278,2,89.0
00000000000000000000260b,4564,3,76.9
00000000000000000000260b,3433,3,1099.0
00000000000000000000260b,4385,3,239.95
00000000000000000000260c,3179,3,99.0
00000000000000000000260c,424,3,44.9
00000000000000000000260d,2923,3,817.9
00000000000000000000260e,1247,3,199.0
00000000000000000000260f,115,3,529.0
000000000000000000002610,4009,2,25.9
000000000000000000002610,610,2,609.0
000000000000000000002611,2047,3,799.0
000000000000000000002612,3619,3,369.0
000000000000000000002612,3415,1,115.0
000000000000000000002613,2665,3,1449.0
000000000000000000002614,3965,1,349.0
000000000000000000002615,2302,2,249.0
000000000000000000002616,4909,1,51.5
000000000000000000002616,1780,3,899.0
000000000000000000002617,486,3,39.0
000000000000000000002617,2964,1,769.0
000000000000000000002618,3975,1,74.4
000000000000000000002618,913,2,1249.0
000000000000000000002618,1602,1,1528.0
000000000000000000002619,5078,2,169.0
000000000000000000002619,650,2,389.0
000000000000000000002619,3692,3,120.0
000000000000000000002619,114,1,529.0
00000000000000000000261a,716,3,799.0
00000000000000000000261a,1003,1,650.0
00000000000000000000261a,2173,3,55.9
00000000000000000000261b,1590,1,1409.0
00000000000000000000261b,4285,1,230.0
00000000000000000000261c,4239,2,139.0
00000000000000000000261c,1597,2,2099.0
00000000000000000000261d,572,3,81.9
00000000000000000000261e,1123,2,699.0
00000000000000000000261f,1482,2,1789.0
000000000000000000002620,4851,2,49.0
000000000000000000002620,4029,2,23.9
000000000000000000002620,2761,1,979.0
000000000000000000002620,1127,1,304.9
000000000000000000002621,2186,3,179.0
000000000000000000002621,4959,2,85.0
000000000000000000002622,2542,3,199.0
000000000000000000002623,1730,2,1279.0
000000000000000000002624,450,3,165.0
000000000000000000002624,2258,3,329.9
000000000000000000002625,85,1,469.0
000000000000000000002626,1374,3,179.9
000000000000000000002626,3080,1,679.0
000000000000000000002626,4679,2,168.0
000000000000000000002627,4849,2,69.9
000000000000000000002627,1039,3,749.0
000000000000000000002628,4342,1,149.9
000000000000000000002629,1813,1,639.0
000000000000000000002629,892,3,669.0
00000000000000000000262a,783,3,329.0
00000000000000000000262a,2414,3,369.0
00000000000000000000262b,4367,3,200.0
00000000000000000000262b,3322,1,1999.0
00000000000000000000262b,3977,2,309.0
00000000000000000000262b,2049,1,449.9
00000000000000000000262c,2209,2,99.0
00000000000000000000262d,859,3,399.0
00000000000000000000262d,1517,3,399.0
00000000000000000000262e,3703,3,539.0
00000000000000000000262f,310,2,899.0
00000000000000000000262f,3097,1,1390.0
00000000000000000000262f,2547,3,289.99
000000000000000000002630,3335,3,1599.0
000000000000000000002631,2972,2,1300.0
000000000000000000002631,4366,3,134.91
000000000000000000002632,249,1,2649.0
000000000000000000002633,4895,2,90.0
000000000000000000002634,2827,1,799.0
000000000000000000002634,2160,1,29.0
000000000000000000002634,1531,1,1399.0
000000000000000000002635,2439,2,389.0
000000000000000000002636,850,2,1139.0
000000000000000000002637,3700,3,10.9
000000000000000000002638,924,3,589.99
000000000000000000002638,4586,1,59.9
000000000000000000002639,4831,2,539.0
000000000000000000002639,2054,2,399.0
000000000000000000002639,691,2,1499.0
000000000000000000002639,1504,1,2619.0
00000000000000000000263a,4412,3,69.9
00000000000000000000263b,4149,3,24.99
00000000000000000000263c,2427,3,489.0
00000000000000000000263c,4039,1,23.9
00000000000000000000263d,966,3,25.0
00000000000000000000263d,1843,3,999.0
00000000000000000000263e,418,1,49.0
00000000000000000000263e,3862,1,45.0
00000000000000000000263f,2623,2,1099.0
00000000000000000000263f,1308,3,68.8
000000000000000000002640,1570,3,1399.0
000000000000000000002640,3040,1,3599.0
000000000000000000002641,1172,1,87.27
000000000000000000002641,636,1,155.0
000000000000000000002642,4461,1,249.0
000000000000000000002643,2450,3,259.0
000000000000000000002643,35,3,599.0
000000000000000000002643,4276,2,250.0
000000000000000000002644,239,2,1760.0
000000000000000000002644,3013,2,66.0
000000000000000000002645,1435,1,7909.0
000000000000000000002646,5117,2,259.0
000000000000000000002646,2226,3,150.0
000000000000000000002646,4176,3,139.3
000000000000000000002647,1219,3,135.0
000000000000000000002647,1782,3,749.0
000000000000000000002648,603,3,1359.0
000000000000000000002648,4190,1,279.9
000000000000000000002648,1675,3,699.0
000000000000000000002648,5178,3,5999.99
000000000000000000002649,5089,3,480.0
00000000000000000000264a,3320,1,1299.0
00000000000000000000264a,4412,3,69.9
00000000000000000000264b,4883,2,1059.0
00000000000000000000264b,1137,3,169.9
00000000000000000000264b,2706,3,2699.0
00000000000000000000264b,332,3,879.0
00000000000000000000264c,2257,2,609.9
00000000000000000000264c,2993,3,1199.0
00000000000000000000264c,5150,3,130.0
00000000000000000000264d,4545,1,49.9
00000000000000000000264d,3997,2,25.9
00000000000000000000264e,3432,3,1099.0
00000000000000000000264f,885,2,1149.0
00000000000000000000264f,1108,2,749.0
000000000000000000002650,4413,3,69.9
000000000000000000002650,4403,3,479.9
000000000000000000002651,4601,1,65.0
000000000000000000002652,53,1,399.0
000000000000000000002653,4310,2,179.9
000000000000000000002654,1026,2,680.0
000000000000000000002654,1335,2,119.0
000000000000000000002655,3276,2,2099.0
000000000000000000002656,1778,2,899.0
000000000000000000002657,4284,1,83.4
000000000000000000002657,3719,1,69.99
000000000000000000002658,3061,3,3576.0
000000000000000000002658,3883,2,75.0
000000000000000000002658,3332,2,799.0
000000000000000000002659,4996,3,78.9
000000000000000000002659,1412,3,169.0
00000000000000000000265a,4033,3,23.9
00000000000000000000265b,3506,2,39.9
00000000000000000000265c,2675,2,4449.0
00000000000000000000265d,4968,2,59.9
00000000000000000000265d,4902,1,100.0
00000000000000000000265e,2954,2,249.9
00000000000000000000265f,3406,1,4399.0
000000000000000000002660,1671,3,950.0
000000000000000000002660,3909,1,29.9
000000000000000000002660,199,2,3259.0
000000000000000000002661,4435,1,449.9
000000000000000000002661,1731,2,1889.0
000000000000000000002661,765,3,2189.0
000000000000000000002661,3512,2,119.0
000000000000000000002662,69,2,459.0
000000000000000000002663,3742,2,69.0
000000000000000000002664,4338,3,559.9
000000000000000000002664,1152,2,99.9
000000000000000000002664,2477,3,399.0
000000000000000000002665,5109,3,259.0
000000000000000000002665,4770,3,93.9
000000000000000000002666,839,1,799.0
000000000000000000002667,4493,2,55.9
000000000000000000002668,2681,1,999.0
000000000000000000002669,1699,3,799.0
00000000000000000000266a,656,1,69.9
00000000000000000000266b,2304,3,589.0
00000000000000000000266b,1514,1,2498.9
00000000000000000000266b,1401,2,399.0
00000000000000000000266c,4412,3,69.9
00000000000000000000266c,4939,1,239.9
00000000000000000000266d,2928,1,350.0
00000000000000000000266d,3338,2,2399.0
00000000000000000000266d,58,2,59.0
00000000000000000000266e,2137,2,118.0
00000000000000000000266e,527,3,24.0
00000000000000000000266e,3921,3,27.9
00000000000000000000266f,4869,3,35.5
00000000000000000000266f,2176,1,290.5
000000000000000000002670,3083,2,949.0
000000000000000000002670,1593,1,1659.0
000000000000000000002671,4612,1,106.0
000000000000000000002671,536,3,69.9
000000000000000000002672,1116,1,599799.0
000000000000000000002673,1308,3,68.8
000000000000000000002673,3952,2,369.0
000000000000000000002673,581,1,449.0
000000000000000000002674,758,2,249.0
000000000000000000002674,4450,3,129.9
000000000000000000002675,2446,1,249.0
000000000000000000002675,1317,3,199.0
000000000000000000002676,2459,2,60.0
000000000000000000002676,635,3,155.0
000000000000000000002676,3312,2,299.0
000000000000000000002676,2331,3,39.0
000000000000000000002677,1974,1,244.0
000000000000000000002677,1087,3,70.0
000000000000000000002678,4135,1,24.9
000000000000000000002678,3856,2,49.9
000000000000000000002678,2158,1,310.0
000000000000000000002679,2531,3,199.0
000000000000000000002679,4238,3,144.0
00000000000000000000267a,2012,3,295.0
00000000000000000000267b,4210,2,139.3
00000000000000000000267b,1715,2,1499.0
00000000000000000000267c,2905,1,989.0
00000000000000000000267c,3008,3,690.0
00000000000000000000267d,45,2,479.0
00000000000000000000267e,1133,3,3129.0
00000000000000000000267e,2622,1,1099.0
00000000000000000000267e,881,1,399.0
00000000000000000000267e,3438,3,1199.0
00000000000000000000267f,5179,1,679.0
000000000000000000002680,703,1,78.0
000000000000000000002681,3809,1,79.9
000000000000000000002681,710,2,681.9
000000000000000000002681,2920,1,549.9
000000000000000000002682,1490,1,1688.0
000000000000000000002682,928,1,663.9
000000000000000000002682,4007,3,25.9
000000000000000000002683,651,1,211.19
000000000000000000002683,770,1,2609.0
000000000000000000002684,2490,2,95.0
000000000000000000002684,503,3,39.0
000000000000000000002685,4288,2,79.0
000000000000000000002685,3150,3,299.0
000000000000000000002686,1458,3,1549.0
000000000000000000002686,475,1,43.0
000000000000000000002686,4486,2,55.9
000000000000000000002686,2918,2,979.0
000000000000000000002687,3535,1,329.0
000000000000000000002687,1940,2,619.0
000000000000000000002688,4421,3,69.9
000000000000000000002688,2651,2,1199.0
000000000000000000002688,3721,1,69.95
000000000000000000002689,4050,3,96.0
000000000000000000002689,3433,2,1099.0
000000000000000000002689,4804,3,93.9
00000000000000000000268a,508,1,79.0
00000000000000000000268a,2237,3,243.9
00000000000000000000268a,1075,2,619.0
00000000000000000000268b,1818,1,419.0
00000000000000000000268b,4758,3,159.0
00000000000000000000268c,2277,3,299.0
00000000000000000000268c,2358,1,59.9
00000000000000000000268c,5085,1,699.0
00000000000000000000268c,1673,3,1449.0
00000000000000000000268d,1331,3,2719.0
00000000000000000000268d,1565,3,729.0
00000000000000000000268d,1221,1,329.0
00000000000000000000268e,3436,2,1199.0
00000000000000000000268e,4625,2,394.9
00000000000000000000268f,1731,2,1889.0
000000000000000000002690,4962,1,69.0
000000000000000000002690,1421,1,949.0
000000000000000000002690,4607,2,89.0
000000000000000000002691,780,3,696.0
000000000000000000002691,3422,3,22.9
000000000000000000002692,1986,3,278.0
000000000000000000002692,1773,1,899.0
000000000000000000002692,262,2,2799.0
000000000000000000002693,2727,3,2999.0
000000000000000000002694,2078,2,36.9
000000000000000000002694,2095,3,299.0
000000000000000000002694,1805,3,885.0
000000000000000000002695,3172,2,199.9
000000000000000000002695,1011,2,3222.22
000000000000000000002695,1584,2,2159.0
000000000000000000002695,2960,1,989.0
000000000000000000002696,2570,3,59.0
000000000000000000002697,1412,3,169.0
000000000000000000002697,4971,3,69.0
000000000000000000002697,2414,3,369.0
000000000000000000002698,2506,3,131.9
000000000000000000002698,920,2,622.0
000000000000000000002699,4536,1,49.9
00000000000000000000269a,3837,2,129.0
00000000000000000000269a,2924,2,2945.0
00000000000000000000269b,4319,3,79.0
00000000000000000000269c,2590,2,2361.0
00000000000000000000269d,2578,1,1850.0
00000000000000000000269e,3841,3,64.9
00000000000000000000269f,2778,1,3299.0
00000000000000000000269f,438,1,167.0
0000000000000000000026a0,4903,1,75.0
0000000000000000000026a0,4279,1,250.0
0000000000000000000026a1,1611,2,1499.0
0000000000000000000026a1,2402,3,699.0
0000000000000000000026a2,1189,3,165.0
0000000000000000000026a3,3845,2,25.9
0000000000000000000026a3,1249,3,226.9
0000000000000000000026a3,1843,3,999.0
0000000000000000000026a3,1207,2,325.91
0000000000000000000026a4,3670,2,24.5
0000000000000000000026a5,4331,1,192.0
0000000000000000000026a6,4705,3,55.0
0000000000000000000026a6,2079,1,230.0
0000000000000000000026a6,2510,1,89.9
0000000000000000000026a7,1614,2,1699.0
0000000000000000000026a7,1150,1,99.9
0000000000000000000026a7,720,3,919.0
0000000000000000000026a8,400,1,479.0
0000000000000000000026a9,2349,2,64.9
0000000000000000000026aa,1040,1,589.0
0000000000000000000026aa,726,1,399.0
0000000000000000000026ab,504,1,99.0
0000000000000000000026ab,2516,1,189.0
0000000000000000000026ac,434,3,79.0
0000000000000000000026ad,1855,1,499.0
0000000000000000000026ad,3128,2,280.0
0000000000000000000026ad,1848,3,129.0
0000000000000000000026ae,1824,2,249.0
0000000000000000000026ae,4554,2,45.9
0000000000000000000026ae,4388,1,119.9
0000000000000000000026ae,2776,3,3299.0
0000000000000000000026af,221,2,1649.0
0000000000000000000026af,3465,3,42.9
0000000000000000000026af,1589,3,1399.0
0000000000000000000026b0,118,1,1189.0
0000000000000000000026b0,1120,3,249.9
0000000000000000000026b1,2627,1,799.0
0000000000000000000026b2,4723,2,64.9
0000000000000000000026b3,4324,2,120.0
0000000000000000000026b3,3425,1,849.0
0000000000000000000026b3,2560,1,31.9
0000000000000000000026b3,2224,1,125.0
0000000000000000000026b4,3081,1,679.0
0000000000000000000026b4,4437,2,399.9
0000000000000000000026b4,3291,1,939.0
0000000000000000000026b5,4253,2,175.7
0000000000000000000026b5,785,3,1969.0
0000000000000000000026b5,4251,2,49.9
0000000000000000000026b6,610,3,609.0
0000000000000000000026b6,248,1,1729.0
0000000000000000000026b7,3712,3,115.0
0000000000000000000026b8,4947,2,35.9
0000000000000000000026b9,687,3,1129.0
0000000000000000000026b9,3326,1,699.0
0000000000000000000026ba,92,1,399.0
0000000000000000000026bb,333,1,739.0
0000000000000000000026bb,4443,1,135.92
0000000000000000000026bb,1482,2,1789.0
0000000000000000000026bb,3915,2,32.99
0000000000000000000026bc,2840,3,3600.0
0000000000000000000026bd,4236,2,134.0
0000000000000000000026be,1517,2,399.0
0000000000000000000026be,2993,2,1199.0
0000000000000000000026be,3901,1,21.9
0000000000000000000026bf,1555,1,8900.0
0000000000000000000026bf,2064,3,149.0
0000000000000000000026bf,843,1,449.9
0000000000000000000026bf,2076,3,88.0
0000000000000000000026c0,4110,1,69.9
0000000000000000000026c0,3427,1,1099.0
0000000000000000000026c0,1528,1,700.0
0000000000000000000026c1,1434,2,1619.0
0000000000000000000026c1,277,2,2599.0
0000000000000000000026c2,4198,1,149.9
0000000000000000000026c3,4760,1,165.0
0000000000000000000026c3,160,1,1699.0
0000000000000000000026c4,820,3,1049.0
0000000000000000000026c4,1471,1,1464.0
0000000000000000000026c4,781,2,299.0
0000000000000000000026c5,4687,2,149.0
0000000000000000000026c6,1260,3,359.0
0000000000000000000026c6,4014,2,22.99
0000000000000000000026c7,1910,1,799.0
0000000000000000000026c7,1242,3,93.9
0000000000000000000026c7,4320,3,93.9
0000000000000000000026c8,323,1,498.0
0000000000000000000026c9,1018,1,1180.0
0000000000000000000026ca,350,3,3999.0
0000000000000000000026cb,2539,1,199.0
0000000000000000000026cc,1339,1,219.4
0000000000000000000026cc,2373,1,713.9
0000000000000000000026cd,2337,2,195.0
0000000000000000000026cd,4499,3,39.0
0000000000000000000026cd,2409,3,149.0
0000000000000000000026ce,4860,3,93.9
0000000000000000000026cf,2009,1,529.0
0000000000000000000026d0,3036,2,520.0
0000000000000000000026d0,3433,3,1099.0
0000000000000000000026d1,3107,2,55.0
0000000000000000000026d1,449,1,165.0
0000000000000000000026d2,3727,3,70.0
0000000000000000000026d3,211,1,1489.0
0000000000000000000026d3,4575,1,49.9
0000000000000000000026d3,2310,2,99.9
0000000000000000000026d4,359,3,6499.0
0000000000000000000026d5,816,3,399.0
0000000000000000000026d5,3939,1,59.9
0000000000000000000026d6,1851,2,999.99
0000000000000000000026d7,2510,2,89.9
0000000000000000000026d7,1086,1,88.0
0000000000000000000026d8,4581,1,58.0
0000000000000000000026d8,3644,1,34.9
0000000000000000000026d9,3720,1,145.0
0000000000000000000026d9,2794,1,2399.0
0000000000000000000026da,3111,3,39.9
0000000000000000000026db,489,3,39.0
0000000000000000000026db,2028,3,149.0
0000000000000000000026db,1239,1,249.9
0000000000000000000026dc,3364,3,809.0
0000000000000000000026dc,3326,1,699.0
0000000000000000000026dc,4590,1,54.9
0000000000000000000026dd,2597,1,5798.0
0000000000000000000026dd,2234,1,243.9
0000000000000000000026dd,3041,3,339.0
0000000000000000000026de,4689,1,50.0
0000000000000000000026de,4322,1,55.0
0000000000000000000026df,2512,1,349.9
0000000000000000000026df,3130,3,129.0
0000000000000000000026e0,4151,3,19.9
0000000000000000000026e0,2685,2,6069.0
0000000000000000000026e0,2634,1,2799.0
0000000000000000000026e0,2260,3,329.9
0000000000000000000026e1,2505,2,320.0
0000000000000000000026e2,3520,1,142.0
0000000000000000000026e2,4432,3,499.9
0000000000000000000026e2,4490,3,55.9
0000000000000000000026e3,3977,3,309.0
0000000000000000000026e3,990,2,1999.0
0000000000000000000026e4,4835,1,549.0
0000000000000000000026e4,2477,2,399.0
0000000000000000000026e4,4561,1,25.0
0000000000000000000026e5,4303,3,129.9
0000000000000000000026e5,3448,2,1499.0
0000000000000000000026e5,1157,2,8631.18
0000000000000000000026e6,1681,3,979.0
0000000000000000000026e7,3743,1,74.9
0000000000000000000026e8,4950,1,85.0
0000000000000000000026e8,371,1,799.0
0000000000000000000026e9,637,2,189.0
0000000000000000000026ea,220,3,2099.0
0000000000000000000026eb,2479,2,35.0
0000000000000000000026eb,1232,1,239.0
0000000000000000000026ec,4410,1,49.9
0000000000000000000026ed,4656,3,129.9
0000000000000000000026ee,2758,1,4259.0
0000000000000000000026ee,2798,1,3369.0
0000000000000000000026ee,3135,2,1049.0
0000000000000000000026ee,2075,1,88.0
0000000000000000000026ef,4925,1,139.0
0000000000000000000026ef,3784,3,50.9
0000000000000000000026ef,31,1,399.0
0000000000000000000026f0,4915,2,55.0
0000000000000000000026f0,2450,1,259.0
0000000000000000000026f0,4757,2,135.0
0000000000000000000026f0,358,3,2449.0
0000000000000000000026f1,565,3,129.9
0000000000000000000026f1,1516,1,2449.0
0000000000000000000026f2,4154,1,75.38
0000000000000000000026f3,3304,2,1349.0
0000000000000000000026f4,2784,1,528.9
0000000000000000000026f5,3369,2,699.0
0000000000000000000026f5,3893,1,66.9
0000000000000000000026f6,3103,3,34.49
0000000000000000000026f6,4592,3,54.9
0000000000000000000026f6,1221,2,329.0
0000000000000000000026f7,4079,2,42.9
0000000000000000000026f7,4774,2,45.0
0000000000000000000026f8,4050,2,96.0
0000000000000000000026f8,3799,3,124.0
0000000000000000000026f9,3262,3,469.0
0000000000000000000026f9,4836,3,599.0
0000000000000000000026fa,378,3,3099.0
0000000000000000000026fb,48,2,459.0
0000000000000000000026fb,2057,2,349.0
0000000000000000000026fb,2012,3,295.0
0000000000000000000026fc,3015,1,800.0
0000000000000000000026fd,2105,3,88.0
0000000000000000000026fd,1449,2,1945.9
0000000000000000000026fd,1002,1,629.0
0000000000000000000026fe,4465,2,119.0
0000000000000000000026fe,3661,3,52.9
0000000000000000000026ff,4446,1,129.9
0000000000000000000026ff,698,2,79.0
0000000000000000000026ff,1364,2,229.0
0000000000000000000026ff,2321,3,599.9
000000000000000000002700,4516,3,49.9
000000000000000000002700,1144,1,3999.0
000000000000000000002700,2206,2,89.9
000000000000000000002701,5126,3,690.0
000000000000000000002701,2346,1,104.9
000000000000000000002701,380,2,3199.0
000000000000000000002702,3881,2,249.0
000000000000000000002703,4434,1,449.9
000000000000000000002704,3283,2,1.0
000000000000000000002705,2686,1,2499.0
000000000000000000002705,3340,2,3359.0
000000000000000000002705,4819,1,1099.0
000000000000000000002706,4583,2,25.0
000000000000000000002706,3549,2,529.0
000000000000000000002707,2939,3,279.9
000000000000000000002707,1123,1,699.0
000000000000000000002707,1264,2,119.99
000000000000000000002708,3378,1,1139.0
000000000000000000002709,2712,1,2499.0
000000000000000000002709,2696,1,3999.0
00000000000000000000270a,2235,1,243.9
00000000000000000000270b,784,3,1999.0
00000000000000000000270c,884,2,1199.0
00000000000000000000270d,385,3,3449.0
00000000000000000000270e,43,3,529.0
00000000000000000000270e,1897,3,569.0
00000000000000000000270e,4768,3,39.0
00000000000000000000270f,311,1,899.0
00000000000000000000270f,2450,1,259.0
00000000000000000000270f,5011,1,189.9
000000000000000000002710,1320,1,159.0
000000000000000000002711,2976,2,1859.0
000000000000000000002711,2054,3,399.0
000000000000000000002711,3969,3,349.0
000000000000000000002711,500,1,22.0
000000000000000000002712,1047,3,630.9
000000000000000000002713,167,3,1159.0
000000000000000000002713,4509,2,49.9
000000000000000000002713,3332,3,799.0
000000000000000000002714,5051,2,320.0
000000000000000000002715,3281,2,2699.0
000000000000000000002715,1750,2,1239.0
000000000000000000002716,1267,1,50.9
000000000000000000002716,2519,2,599.0
000000000000000000002716,272,1,1009.0
000000000000000000002717,45,3,479.0
000000000000000000002718,3300,1,2499.0
000000000000000000002719,3765,1,99.9
000000000000000000002719,4841,3,1920.0
000000000000000000002719,3065,3,800.0
000000000000000000002719,2794,1,2399.0
00000000000000000000271a,3472,1,89.0
00000000000000000000271a,4917,3,50.0
00000000000000000000271a,3524,1,39.99
00000000000000000000271a,3938,1,55.9
00000000000000000000271b,56,3,279.0
00000000000000000000271b,4487,2,55.9
00000000000000000000271b,1584,1,2159.0
00000000000000000000271c,3286,2,859.0
00000000000000000000271d,3079,1,679.0
00000000000000000000271e,1834,2,2599.0
00000000000000000000271f,4220,2,209.3
00000000000000000000271f,4668,3,99.0
000000000000000000002720,3633,2,149.0
000000000000000000002720,1142,2,39.9
000000000000000000002721,4631,3,159.0
000000000000000000002721,3498,2,1899.0
000000000000000000002722,3963,1,349.0
000000000000000000002723,1405,1,385.0
000000000000000000002723,1558,3,949.0
000000000000000000002723,1729,3,1279.0
000000000000000000002723,4861,3,219.48
000000000000000000002724,253,2,1999.0
000000000000000000002724,1130,2,379.0
000000000000000000002724,4555,3,64.0
000000000000000000002725,1527,1,699.0
000000000000000000002725,1989,1,245.0
000000000000000000002726,5007,1,60.0
000000000000000000002726,777,1,699.0
000000000000000000002726,1128,2,304.9
000000000000000000002727,3675,2,1529.0
000000000000000000002728,3521,2,142.0
000000000000000000002729,1858,3,459.0
00000000000000000000272a,4011,1,25.9
00000000000000000000272b,1193,1,139.0
00000000000000000000272b,1585,1,1129.0
00000000000000000000272c,1771,2,899.0
00000000000000000000272d,767,1,2189.0
00000000000000000000272d,2789,3,2399.0
00000000000000000000272e,1711,1,1049.0
00000000000000000000272e,2104,2,78.0
00000000000000000000272e,530,2,59.0
00000000000000000000272e,3120,1,659.9
00000000000000000000272f,626,2,1359.0
00000000000000000000272f,2277,2,299.0
00000000000000000000272f,1143,2,469.0
000000000000000000002730,444,2,32.0
000000000000000000002731,1397,3,2199.0
000000000000000000002731,2117,1,39.0
000000000000000000002732,3046,2,349.9
000000000000000000002732,4775,2,899.0
000000000000000000002733,2799,2,4339.0
000000000000000000002733,472,2,99.0
000000000000000000002734,926,2,1999.0
000000000000000000002735,1972,3,389.0
000000000000000000002736,1596,1,1699.0
000000000000000000002736,790,1,1049.0
000000000000000000002737,2086,3,179.0
000000000000000000002737,3424,2,849.0
000000000000000000002738,1559,2,829.0
000000000000000000002739,1676,1,699.0
00000000000000000000273a,2846,3,3299.0
00000000000000000000273a,4264,1,168.0
00000000000000000000273a,1160,1,339.5
00000000000000000000273a,1244,1,349.9
00000000000000000000273b,3415,3,115.0
00000000000000000000273c,4521,2,49.9
00000000000000000000273c,4838,3,149.0
00000000000000000000273c,662,3,109.0
00000000000000000000273d,223,1,3149.0
00000000000000000000273e,3520,1,142.0
00000000000000000000273f,3138,2,216.9
00000000000000000000273f,2892,1,989.0
000000000000000000002740,2603,1,2799.0
000000000000000000002741,3121,1,389.9
000000000000000000002741,3686,3,10.9
000000000000000000002741,276,2,5099.0
000000000000000000002742,2923,2,817.9
000000000000000000002742,4464,3,139.9
000000000000000000002743,2439,1,389.0
000000000000000000002743,4846,2,599.0
000000000000000000002744,1486,2,1789.0
000000000000000000002745,4180,1,159.0
000000000000000000002745,2772,1,3999.0
000000000000000000002746,4758,3,159.0
000000000000000000002747,2099,3,89.9
000000000000000000002747,1281,2,93.9
000000000000000000002747,1337,1,219.4
000000000000000000002747,670,3,1199.0
000000000000000000002748,4112,2,139.0
000000000000000000002748,3795,3,59.0
000000000000000000002749,3809,3,79.9
00000000000000000000274a,1559,3,829.0
00000000000000000000274a,3072,1,120.9
00000000000000000000274a,4764,3,649.0
00000000000000000000274a,3748,1,28.0
00000000000000000000274b,4960,2,86.9
00000000000000000000274b,2045,1,475.0
00000000000000000000274b,1101,2,269.0
00000000000000000000274c,4046,3,269.0
00000000000000000000274d,1834,3,2599.0
00000000000000000000274d,4973,2,159.0
00000000000000000000274d,4098,3,25.9
00000000000000000000274e,2927,1,1009.0
00000000000000000000274e,2616,2,3999.0
00000000000000000000274f,3503,3,129.0
000000000000000000002750,435,3,79.0
000000000000000000002751,3575,2,100.0
000000000000000000002751,3851,1,159.0
000000000000000000002751,1633,3,1299.0
000000000000000000002752,1122,3,699.0
000000000000000000002753,1891,3,579.9
000000000000000000002754,4936,3,35.9
000000000000000000002754,190,2,4559.0
000000000000000000002754,4555,2,64.0
000000000000000000002755,1631,2,1499.0
000000000000000000002755,3061,2,3576.0
000000000000000000002755,4864,1,70.0
000000000000000000002755,2216,2,69.9
000000000000000000002756,3489,1,1899.0
000000000000000000002756,1280,2,69.9
000000000000000000002757,3115,1,64.9
000000000000000000002757,2650,3,1379.0
000000000000000000002757,2918,3,979.0
000000000000000000002758,4767,2,73.9
000000000000000000002758,3198,3,65.0
000000000000000000002758,3225,2,1919.9
000000000000000000002759,3593,1,25.0
000000000000000000002759,2992,2,3889.0
000000000000000000002759,4697,2,175.0
00000000000000000000275a,4594,1,71.1
00000000000000000000275b,1703,1,799.0
00000000000000000000275c,1103,2,339.0
00000000000000000000275c,2656,2,1599.0
00000000000000000000275c,2561,3,39.99
00000000000000000000275c,4596,3,54.9
00000000000000000000275d,392,3,849.0
00000000000000000000275d,1487,3,1789.0
00000000000000000000275d,693,1,2439.0
00000000000000000000275d,988,2,359.0
00000000000000000000275e,4736,2,101.34
00000000000000000000275e,2334,2,189.9
00000000000000000000275f,360,1,6699.0
00000000000000000000275f,2861,1,699.0
000000000000000000002760,1432,1,2399.0
000000000000000000002761,3793,3,60.0
000000000000000000002761,680,2,149.0
000000000000000000002761,244,2,1760.0
000000000000000000002762,4515,3,49.9
000000000000000000002763,4453,3,108.9
000000000000000000002763,841,3,2579.0
000000000000000000002763,3855,2,49.9
000000000000000000002764,1604,1,1689.0
000000000000000000002765,3620,1,22.9
000000000000000000002765,5046,3,125.0
000000000000000000002765,4868,2,35.5
000000000000000000002766,316,3,1399.0
000000000000000000002766,839,3,799.0
000000000000000000002767,2880,2,799.0
000000000000000000002768,1175,1,137.27
000000000000000000002768,3630,2,61.9
000000000000000000002768,519,3,14.9
000000000000000000002769,5035,3,103.9
00000000000000000000276a,896,2,450.0
00000000000000000000276a,2843,3,3599.0
00000000000000000000276a,3169,2,36.0
00000000000000000000276b,3815,1,89.0
00000000000000000000276b,3337,2,539.9
00000000000000000000276c,2037,2,148.9
00000000000000000000276c,1615,3,1699.0
00000000000000000000276c,2507,1,149.0
00000000000000000000276d,457,1,112.9
00000000000000000000276d,1287,1,110.9
00000000000000000000276e,2418,2,399.0
00000000000000000000276e,3709,2,137.5
00000000000000000000276f,2059,2,299.0
00000000000000000000276f,4378,3,112.9
000000000000000000002770,3646,3,65.0
000000000000000000002770,741,2,1550.0
000000000000000000002771,3972,3,189.0
000000000000000000002772,4390,3,129.9
000000000000000000002772,707,1,1099.0
000000000000000000002772,2934,2,999.0
000000000000000000002773,861,3,1199.0
000000000000000000002773,2671,1,4449.0
000000000000000000002774,1322,3,79.9
000000000000000000002775,4112,1,139.0
000000000000000000002775,4905,3,39.9
000000000000000000002775,4234,2,150.0
000000000000000000002776,2674,2,4449.0
000000000000000000002776,4975,1,29.9
000000000000000000002776,4184,2,199.9
000000000000000000002777,5152,2,59.9
000000000000000000002777,3355,1,779.0
000000000000000000002777,3853,2,49.9
000000000000000000002778,839,3,799.0
000000000000000000002778,1756,3,470.0
000000000000000000002779,4194,3,209.3
000000000000000000002779,5055,2,320.0
00000000000000000000277a,1735,2,1049.0
00000000000000000000277b,3404,1,4049.0
00000000000000000000277b,1981,1,329.0
00000000000000000000277b,3825,3,189.0
00000000000000000000277c,2802,3,3369.0
00000000000000000000277d,1153,2,447.0
00000000000000000000277d,2388,1,559.0
00000000000000000000277e,3729,2,75.0
00000000000000000000277f,1607,2,1499.0
000000000000000000002780,4203,1,239.2
000000000000000000002780,2176,3,290.5
000000000000000000002780,4206,3,461.3
000000000000000000002781,1001,3,504.0
000000000000000000002782,4622,2,192.5
000000000000000000002783,1079,1,290.0
000000000000000000002783,2295,1,154.9
000000000000000000002783,4015,1,22.99
000000000000000000002784,663,1,3209.0
000000000000000000002785,2782,3,569.99
000000000000000000002785,1417,2,399.0
000000000000000000002785,3978,3,39.0
000000000000000000002786,1443,1,211.0
000000000000000000002787,727,2,527.0
000000000000000000002787,1825,2,249.0
000000000000000000002787,304,2,708.0
000000000000000000002788,4623,1,192.5
000000000000000000002788,2053,1,399.0
000000000000000000002789,2918,1,979.0
000000000000000000002789,2551,2,599.0
000000000000000000002789,4453,1,108.9
00000000000000000000278a,771,3,1799.0
00000000000000000000278a,2275,3,197.0
00000000000000000000278b,1334,3,75.0
00000000000000000000278b,5065,3,370.0
00000000000000000000278b,3549,1,529.0
00000000000000000000278c,2196,2,299.0
00000000000000000000278d,1154,3,2389.9
00000000000000000000278e,4181,1,118.3
00000000000000000000278e,1066,1,349.9
00000000000000000000278f,182,3,1699.0
000000000000000000002790,3813,1,79.0
000000000000000000002790,1924,1,1399.0
000000000000000000002791,3393,2,109.0
000000000000000000002791,4529,1,49.9
000000000000000000002791,30,3,599.0
000000000000000000002791,4813,2,529.0
000000000000000000002792,3055,1,999.0
000000000000000000002792,5138,1,299.9
000000000000000000002792,2859,3,520.9
000000000000000000002792,3853,3,49.9
000000000000000000002793,4704,3,319.0
000000000000000000002793,4333,2,119.9
000000000000000000002793,3813,3,79.0
000000000000000000002793,2146,2,139.0
000000000000000000002794,4377,2,112.9
000000000000000000002794,3306,3,1699.0
000000000000000000002795,1354,3,70.9
000000000000000000002796,4653,2,160.0
000000000000000000002797,1096,1,1099.0
000000000000000000002798,4330,1,98.9
000000000000000000002799,215,1,949.0
00000000000000000000279a,1089,3,120.0
00000000000000000000279b,2612,2,3900.0
00000000000000000000279b,3977,2,309.0
00000000000000000000279b,4601,3,65.0
00000000000000000000279c,2901,3,819.0
00000000000000000000279c,4729,3,624.0
00000000000000000000279c,4256,2,99.0
00000000000000000000279d,1659,1,1399.0
00000000000000000000279d,2943,3,699.0
00000000000000000000279d,1180,2,189.9
00000000000000000000279d,2489,1,167.55
00000000000000000000279e,2593,3,1852.0
00000000000000000000279e,3958,1,169.0
00000000000000000000279e,379,3,3099.0
00000000000000000000279f,443,3,30.9
00000000000000000000279f,3309,2,1549.0
0000000000000000000027a0,1247,3,199.0
0000000000000000000027a1,3480,1,1199.0
0000000000000000000027a1,3829,2,139.0
0000000000000000000027a1,3422,3,22.9
0000000000000000000027a1,2180,3,55.1
0000000000000000000027a2,1238,1,169.9
0000000000000000000027a3,1928,3,309.0
0000000000000000000027a4,1045,3,534.9
0000000000000000000027a4,4805,1,69.0
0000000000000000000027a5,3245,1,899.0
0000000000000000000027a5,863,3,469.0
0000000000000000000027a6,4905,2,39.9
0000000000000000000027a6,1251,3,217.9
0000000000000000000027a6,4119,3,111.9
0000000000000000000027a6,738,1,749.0
0000000000000000000027a7,2753,2,3699.0
0000000000000000000027a7,4201,2,149.9
0000000000000000000027a7,3805,2,99.9
0000000000000000000027a8,2019,3,419.0
0000000000000000000027a9,2860,3,520.9
0000000000000000000027aa,1401,3,399.0
0000000000000000000027aa,3896,1,105.9
0000000000000000000027ab,3022,3,800.0
0000000000000000000027ac,1751,1,1999.0
0000000000000000000027ac,1406,1,1799.0
0000000000000000000027ac,746,3,580.0
0000000000000000000027ad,1213,3,1539.0
0000000000000000000027ad,1949,2,229.0
0000000000000000000027ae,865,2,499.0
0000000000000000000027ae,346,3,1099.0
0000000000000000000027af,3780,1,89.0
0000000000000000000027b0,2514,1,169.9
0000000000000000000027b0,1847,1,121.9
0000000000000000000027b1,1395,2,349.0
0000000000000000000027b1,3583,1,165.0
0000000000000000000027b2,1261,3,249.0
0000000000000000000027b2,4261,2,89.9
0000000000000000000027b3,2034,1,369.0
0000000000000000000027b4,1918,1,1649.9
0000000000000000000027b4,1803,2,1099.0
0000000000000000000027b5,1945,3,259.0
0000000000000000000027b5,1723,2,1499.0
0000000000000000000027b5,2593,2,1852.0
0000000000000000000027b6,5098,3,299.0
0000000000000000000027b6,2618,2,2499.0
0000000000000000000027b7,437,3,167.0
0000000000000000000027b8,212,2,1700.0
0000000000000000000027b8,3963,2,349.0
0000000000000000000027b8,3038,1,560.0
0000000000000000000027b9,624,3,63.9
0000000000000000000027b9,372,1,799.0
0000000000000000000027ba,2242,3,257.0
0000000000000000000027ba,4961,2,86.9
0000000000000000000027ba,3029,1,115.0
0000000000000000000027ba,3402,1,630.0
0000000000000000000027bb,2779,2,3499.0
0000000000000000000027bc,3309,1,1549.0
0000000000000000000027bd,3741,2,100.0
0000000000000000000027bd,2536,1,189.9
0000000000000000000027be,882,2,1195.0
0000000000000000000027be,5080,1,300.0
0000000000000000000027be,333,2,739.0
0000000000000000000027bf,741,2,1550.0
0000000000000000000027bf,3489,3,1899.0
0000000000000000000027bf,4083,2,42.9
0000000000000000000027c0,3155,1,490.0
0000000000000000000027c1,542,3,30.0
0000000000000000000027c1,873,1,399.0
0000000000000000000027c2,4601,2,65.0
0000000000000000000027c3,305,3,830.0
0000000000000000000027c4,4839,3,444.0
0000000000000000000027c4,1083,1,102.9
0000000000000000000027c5,5131,1,450.0
0000000000000000000027c5,4744,2,530.8
0000000000000000000027c5,5061,3,300.0
0000000000000000000027c6,4793,3,599.0
0000000000000000000027c6,4427,1,49.9
0000000000000000000027c6,4881,3,129.0
0000000000000000000027c7,4068,3,39.9
0000000000000000000027c8,1722,1,1789.0
0000000000000000000027c8,3810,3,49.9
0000000000000000000027c8,747,3,649.0
0000000000000000000027c8,4386,3,249.9
0000000000000000000027c9,2590,1,2361.0
0000000000000000000027c9,4833,2,799.0
0000000000000000000027ca,2913,2,999.0
0000000000000000000027ca,3595,2,344.0
0000000000000000000027cb,2060,2,569.0
0000000000000000000027cb,2785,2,528.9
0000000000000000000027cc,570,2,81.9
0000000000000000000027cd,4256,3,99.0
0000000000000000000027ce,623,2,189.0
0000000000000000000027cf,1143,1,469.0
0000000000000000000027cf,452,3,25.0
0000000000000000000027d0,3847,2,215.0
0000000000000000000027d0,1410,1,1799.0
0000000000000000000027d1,3705,2,70.0
0000000000000000000027d2,1144,3,3999.0
0000000000000000000027d3,2966,1,989.0
0000000000000000000027d4,1907,3,599.0
0000000000000000000027d5,2070,2,124.9
0000000000000000000027d6,3336,1,999.0
0000000000000000000027d6,4098,3,25.9
0000000000000000000027d7,2579,2,195.0
0000000000000000000027d7,5015,1,119.9
0000000000000000000027d8,4359,1,103.9
0000000000000000000027d8,522,3,79.0
0000000000000000000027d8,2866,2,699.0
0000000000000000000027d8,4151,3,19.9
0000000000000000000027d9,5151,3,849.0
0000000000000000000027d9,3140,1,159.9
0000000000000000000027da,1562,3,699.9
0000000000000000000027da,2620,3,1109.0
0000000000000000000027db,1861,3,419.0
0000000000000000000027db,1840,3,899.0
0000000000000000000027db,4043,1,23.9
0000000000000000000027db,2945,2,979.0
0000000000000000000027dc,5008,2,20.9
0000000000000000000027dc,3039,3,360.0
0000000000000000000027dc,1786,3,719.0
0000000000000000000027dc,3844,3,480.0
0000000000000000000027dd,2177,1,190.2
0000000000000000000027dd,5137,1,144.0
0000000000000000000027de,2104,3,78.0
0000000000000000000027df,717,3,799.0
0000000000000000000027df,4811,2,78.9
0000000000000000000027df,1518,3,235.9
0000000000000000000027df,3279,3,1.0
0000000000000000000027e0,729,2,636.0
0000000000000000000027e1,3245,1,899.0
0000000000000000000027e1,3956,3,70.0
0000000000000000000027e1,1767,1,899.0
0000000000000000000027e1,4693,1,195.0
0000000000000000000027e2,253,1,1999.0
0000000000000000000027e3,1092,1,179.9
0000000000000000000027e3,5068,3,390.0
0000000000000000000027e4,3992,2,25.9
0000000000000000000027e5,1099,2,1299.0
0000000000000000000027e5,1028,1,218.0
0000000000000000000027e5,2068,2,109.0
0000000000000000000027e6,2792,2,2699.0
0000000000000000000027e6,359,2,6499.0
0000000000000000000027e6,3242,1,7199.0
0000000000000000000027e7,3724,2,70.0
0000000000000000000027e7,3786,3,59.9
0000000000000000000027e7,3117,1,550.0
0000000000000000000027e7,4680,3,49.9
0000000000000000000027e8,4457,3,55.3
0000000000000000000027e8,1608,3,1599.0
0000000000000000000027e9,3751,1,59.0
0000000000000000000027ea,2933,2,999.0
0000000000000000000027ea,8,2,699.0
0000000000000000000027ea,2143,3,169.0
0000000000000000000027eb,3623,3,11.2
0000000000000000000027eb,1953,1,259.0
0000000000000000000027ec,1717,1,1599.0
0000000000000000000027ec,3423,3,799.0
0000000000000000000027ec,2600,1,1099.0
0000000000000000000027ec,4754,2,91.9
0000000000000000000027ed,3574,3,59.0
0000000000000000000027ed,4748,2,151.9
0000000000000000000027ee,1282,3,406.9
0000000000000000000027ee,1981,2,329.0
0000000000000000000027ee,2940,2,879.9
0000000000000000000027ef,3045,1,349.9
0000000000000000000027ef,3725,1,70.0
0000000000000000000027f0,926,2,1999.0
0000000000000000000027f1,4814,3,499.0
0000000000000000000027f1,1536,2,1699.0
0000000000000000000027f2,4197,2,159.2
0000000000000000000027f2,2361,2,60.0
0000000000000000000027f2,3494,3,1899.0
0000000000000000000027f2,977,1,799.0
0000000000000000000027f3,5134,3,209.9
0000000000000000000027f3,3670,3,24.5
0000000000000000000027f4,1126,1,304.9
0000000000000000000027f4,4479,3,44.95
0000000000000000000027f5,919,1,1199.0
0000000000000000000027f5,4228,3,78.9
0000000000000000000027f5,2671,3,4449.0
0000000000000000000027f6,4420,1,49.9
0000000000000000000027f6,454,2,1029.0
0000000000000000000027f6,4488,3,55.9
0000000000000000000027f7,4478,1,36.9
0000000000000000000027f7,1351,1,84.9
0000000000000000000027f7,5016,3,119.9
0000000000000000000027f7,4299,2,249.95
0000000000000000000027f8,4143,1,107.9
0000000000000000000027f9,1669,1,979.0
0000000000000000000027fa,4066,1,39.9
0000000000000000000027fa,2783,3,2799.0
0000000000000000000027fb,697,1,79.0
0000000000000000000027fb,2514,1,169.9
0000000000000000000027fb,5052,2,159.0
0000000000000000000027fc,4450,1,129.9
0000000000000000000027fd,3906,3,89.5
0000000000000000000027fe,2095,3,299.0
0000000000000000000027fe,4832,1,549.0
0000000000000000000027fe,2895,1,989.0
0000000000000000000027fe,1365,2,229.0
0000000000000000000027ff,5062,1,69.0
0000000000000000000027ff,2548,2,189.0
0000000000000000000027ff,1311,3,89.0
0000000000000000000027ff,1159,3,340.0
000000000000000000002800,2858,1,250.0
000000000000000000002800,981,1,690.9
000000000000000000002801,4631,2,159.0
000000000000000000002802,1491,3,1688.0
000000000000000000002803,3264,3,519.0
000000000000000000002804,3245,3,899.0
000000000000000000002804,3516,3,209.0
000000000000000000002804,3484,2,1949.0
000000000000000000002805,3781,1,89.0
000000000000000000002806,3635,2,5.9
000000000000000000002806,1367,2,209.0
000000000000000000002806,1917,2,1299.9
000000000000000000002807,3110,2,39.9
000000000000000000002807,4327,2,159.0
000000000000000000002807,2350,2,64.9
000000000000000000002808,17,2,419.0
000000000000000000002809,4726,2,93.9
00000000000000000000280a,3859,2,134.9
00000000000000000000280b,3197,1,750.0
00000000000000000000280c,916,3,858.0
00000000000000000000280d,3775,2,79.0
00000000000000000000280e,1465,2,1549.0
00000000000000000000280e,4009,2,25.9
00000000000000000000280f,3,2,449.0
00000000000000000000280f,4515,3,49.9
000000000000000000002810,238,3,3599.0
000000000000000000002811,4995,1,19.9
000000000000000000002811,2265,1,399.9
000000000000000000002812,1809,2,2199.0
000000000000000000002812,1535,1,1199.0
000000000000000000002813,839,3,799.0
000000000000000000002813,4093,1,49.9
000000000000000000002813,1472,1,1539.0
000000000000000000002813,3497,2,1799.0
000000000000000000002814,720,1,919.0
000000000000000000002814,4752,1,67.5
000000000000000000002815,524,3,119.0
000000000000000000002816,3091,3,490.0
000000000000000000002816,541,1,30.0
000000000000000000002816,4382,2,239.95
000000000000000000002817,4876,1,52.9
000000000000000000002818,4920,1,139.0
000000000000000000002818,3022,3,800.0
000000000000000000002819,119,1,2699.0
000000000000000000002819,2729,2,2299.0
000000000000000000002819,4288,2,79.0
000000000000000000002819,2656,3,1599.0
00000000000000000000281a,2350,1,64.9
00000000000000000000281b,4924,2,99.0
00000000000000000000281b,928,3,663.9
00000000000000000000281c,1121,2,24.9
00000000000000000000281c,2988,1,2709.0
00000000000000000000281d,1903,3,128.0
00000000000000000000281d,1729,1,1279.0
00000000000000000000281e,3051,1,1199.0
00000000000000000000281f,3474,2,89.0
000000000000000000002820,2224,1,125.0
000000000000000000002821,367,3,999.0
000000000000000000002822,4712,1,35.0
000000000000000000002822,4581,2,58.0
000000000000000000002823,1647,2,1959.0
000000000000000000002823,4490,2,55.9
000000000000000000002824,200,3,3259.0
000000000000000000002824,967,1,20.0
000000000000000000002825,1786,1,719.0
000000000000000000002826,1602,2,1528.0
000000000000000000002826,3407,1,109.0
000000000000000000002826,236,3,2185.0
000000000000000000002827,3950,3,239.0
000000000000000000002827,696,2,88.9
000000000000000000002827,4854,2,99.0
000000000000000000002827,2436,1,1039.0
000000000000000000002828,1968,3,449.0
000000000000000000002829,4503,1,49.9
00000000000000000000282a,2663,3,1449.0
00000000000000000000282a,4244,2,287.2
00000000000000000000282b,3301,1,3499.0
00000000000000000000282b,1705,1,819.0
00000000000000000000282c,3707,2,30.99
00000000000000000000282c,3914,3,46.0
00000000000000000000282c,4198,3,149.9
00000000000000000000282c,1018,3,1180.0
00000000000000000000282d,665,1,1179.0
00000000000000000000282e,4053,3,59.9
00000000000000000000282e,3732,2,69.9
00000000000000000000282e,3817,1,70.0
00000000000000000000282f,1444,1,400.0
000000000000000000002830,2101,1,85.9
000000000000000000002831,3690,1,1519.9
000000000000000000002832,1916,1,999.0
000000000000000000002832,2484,1,27.0
000000000000000000002832,3274,2,1649.0
000000000000000000002833,4848,2,269.0
000000000000000000002834,3614,3,5.2
000000000000000000002835,2727,3,2999.0
000000000000000000002835,1659,3,1399.0
000000000000000000002835,4407,1,129.9
000000000000000000002836,4171,1,329.0
000000000000000000002837,4693,1,195.0
000000000000000000002838,1019,3,420.0
000000000000000000002839,1353,2,70.9
000000000000000000002839,74,2,345.0
00000000000000000000283a,2689,3,4732.0
00000000000000000000283b,2896,2,989.0
00000000000000000000283c,76,3,345.0
00000000000000000000283c,4481,2,39.95
00000000000000000000283d,2441,2,319.0
00000000000000000000283d,4442,1,399.9
00000000000000000000283e,211,3,1489.0
00000000000000000000283f,2671,3,4449.0
00000000000000000000283f,1442,2,540.0
000000000000000000002840,4393,2,39.9
000000000000000000002840,80,1,369.0
000000000000000000002840,1423,2,3290.0
000000000000000000002841,2194,1,237.0
000000000000000000002842,2390,3,609.0
000000000000000000002843,4498,2,49.9
000000000000000000002844,1825,2,249.0
000000000000000000002845,1906,3,849.0
000000000000000000002846,4423,1,59.9
000000000000000000002846,468,3,189.0
000000000000000000002846,3169,2,36.0
000000000000000000002847,1331,1,2719.0
000000000000000000002847,3086,2,639.0
000000000000000000002848,4094,3,49.9
000000000000000000002848,4110,3,69.9
000000000000000000002848,1332,1,369.0
000000000000000000002848,2287,3,79.9
000000000000000000002849,3637,1,129.9
00000000000000000000284a,4903,3,75.0
00000000000000000000284b,49,2,459.0
00000000000000000000284c,4291,1,119.9
00000000000000000000284d,3768,3,99.9
00000000000000000000284e,765,2,2189.0
00000000000000000000284f,473,3,49.0
00000000000000000000284f,5020,2,109.9
000000000000000000002850,1233,1,599.0
000000000000000000002850,4192,1,159.2
000000000000000000002851,4196,3,199.0
000000000000000000002852,4059,1,58.9
000000000000000000002853,4399,3,349.9
000000000000000000002854,3746,2,22.9
000000000000000000002855,2117,3,39.0
000000000000000000002855,2031,1,179.99
000000000000000000002856,4744,3,530.8
000000000000000000002857,65,2,375.0
000000000000000000002857,2088,3,129.0
000000000000000000002857,4331,2,192.0
000000000000000000002858,3073,1,120.9
000000000000000000002859,603,2,1359.0
000000000000000000002859,3273,3,1399.0
000000000000000000002859,4331,2,192.0
00000000000000000000285a,2413,3,83.9
00000000000000000000285b,2064,2,149.0
00000000000000000000285b,5119,3,259.0
00000000000000000000285c,2,2,407.0
00000000000000000000285c,1466,3,1549.0
00000000000000000000285c,3591,1,149.0
00000000000000000000285d,5155,1,141.9
00000000000000000000285d,2940,3,879.9
00000000000000000000285d,3995,1,25.9
00000000000000000000285e,2100,3,90.0
00000000000000000000285f,4016,2,36.0
000000000000000000002860,4382,2,239.95
000000000000000000002860,3272,2,1389.0
000000000000000000002860,3095,2,1069.9
000000000000000000002861,4207,1,461.3
000000000000000000002862,4,3,459.0
000000000000000000002863,2510,2,89.9
000000000000000000002863,1718,3,1599.0
000000000000000000002864,1044,1,599.9
000000000000000000002864,2424,2,609.0
000000000000000000002865,4261,3,89.9
000000000000000000002865,733,1,919.0
000000000000000000002866,2232,1,295.0
000000000000000000002866,3601,1,8.9
000000000000000000002867,1658,3,1299.0
000000000000000000002868,3697,1,35.0
000000000000000000002868,4854,1,99.0
000000000000000000002869,73,2,345.0
000000000000000000002869,4600,3,13.9
000000000000000000002869,4932,2,29.9
00000000000000000000286a,2308,3,299.0
00000000000000000000286b,2443,2,379.0
00000000000000000000286c,4842,2,199.5
00000000000000000000286d,2591,1,2361.0
00000000000000000000286d,1979,2,259.0
00000000000000000000286d,2443,2,379.0
00000000000000000000286e,2046,2,329.0
00000000000000000000286e,3110,3,39.9
00000000000000000000286e,4373,2,108.9
00000000000000000000286f,3059,3,1480.0
000000000000000000002870,5155,1,141.9
000000000000000000002870,4059,3,58.9
000000000000000000002870,3917,1,78.5
000000000000000000002871,799,2,869.0
000000000000000000002872,2064,3,149.0
000000000000000000002872,2992,2,3889.0
000000000000000000002873,3468,3,99.0
000000000000000000002873,2659,2,1499.0
000000000000000000002874,3986,2,55.0
000000000000000000002875,112,2,529.0
000000000000000000002876,1024,1,279.0
000000000000000000002876,3298,3,499.0
000000000000000000002877,1951,2,259.0
000000000000000000002878,1225,1,249.0
000000000000000000002878,2331,3,39.0
000000000000000000002878,463,3,189.9
000000000000000000002878,3162,3,399.0
000000000000000000002879,4009,2,25.9
00000000000000000000287a,4664,3,118.0
00000000000000000000287a,4285,2,230.0
00000000000000000000287b,2568,3,659.0
00000000000000000000287b,2260,2,329.9
00000000000000000000287b,4005,2,25.9
00000000000000000000287c,3244,1,349.9
00000000000000000000287c,1386,2,2369.0
00000000000000000000287d,447,1,1799.0
00000000000000000000287d,1208,2,204.0
00000000000000000000287d,2576,3,3800.0
00000000000000000000287e,1495,1,1860.0
00000000000000000000287f,1079,3,290.0
00000000000000000000287f,3716,1,190.0
000000000000000000002880,2446,3,249.0
000000000000000000002880,4651,1,105.0
000000000000000000002881,4154,3,75.38
000000000000000000002881,3947,1,49.0
000000000000000000002882,4017,2,23.9
000000000000000000002883,1043,2,649.99
000000000000000000002883,2526,3,5549.9
000000000000000000002884,717,2,799.0
000000000000000000002884,3557,1,331.9
000000000000000000002884,3488,1,2599.0
000000000000000000002885,945,1,799.0
000000000000000000002885,1794,3,249.0
000000000000000000002886,1611,3,1499.0
000000000000000000002886,1319,3,159.0
000000000000000000002886,503,2,39.0
000000000000000000002886,3492,3,1799.0
000000000000000000002887,505,1,87.99
000000000000000000002887,1574,1,1159.0
000000000000000000002888,1001,3,504.0
000000000000000000002888,2293,2,154.9
000000000000000000002888,4056,1,59.9
000000000000000000002889,3498,1,1899.0
000000000000000000002889,1600,1,1529.0
000000000000000000002889,1519,1,230.0
00000000000000000000288a,2731,3,2609.9
00000000000000000000288a,3775,3,79.0
00000000000000000000288b,1301,2,289.0
00000000000000000000288c,3010,1,520.0
00000000000000000000288c,1933,2,248.9
00000000000000000000288d,901,3,745.0
00000000000000000000288d,3395,3,109.0
00000000000000000000288e,3110,1,39.9
00000000000000000000288e,1129,1,379.0
00000000000000000000288f,4715,2,35.0
000000000000000000002890,3605,2,1129.0
000000000000000000002891,2721,2,1649.0
000000000000000000002892,2127,3,159.0
000000000000000000002892,1289,2,79.0
000000000000000000002892,3838,1,60.9
000000000000000000002893,4367,3,200.0
000000000000000000002894,2300,2,179.0
000000000000000000002895,3308,2,1379.0
000000000000000000002896,2596,1,3599.0
000000000000000000002896,4408,2,149.0
000000000000000000002896,4033,1,23.9
000000000000000000002897,942,3,563.0
000000000000000000002898,1861,1,419.0
000000000000000000002899,3283,3,1.0
00000000000000000000289a,5112,3,289.0
00000000000000000000289b,4452,3,103.9
00000000000000000000289c,2445,2,389.0
00000000000000000000289c,1981,1,329.0
00000000000000000000289c,1269,2,240.0
00000000000000000000289d,4362,1,103.9
00000000000000000000289e,3873,3,154.9
00000000000000000000289f,5138,1,299.9
00000000000000000000289f,563,1,1037.0
00000000000000000000289f,3676,3,1179.0
00000000000000000000289f,2086,2,179.0
0000000000000000000028a0,439,1,29.9
0000000000000000000028a1,1664,2,1038.0
0000000000000000000028a1,2204,3,469.0
0000000000000000000028a1,334,1,729.0
0000000000000000000028a2,4025,2,23.9
0000000000000000000028a3,1962,2,389.0
0000000000000000000028a4,5176,2,499.9
0000000000000000000028a4,4767,1,73.9
0000000000000000000028a4,4791,1,509.0
0000000000000000000028a5,3741,3,100.0
0000000000000000000028a6,3633,2,149.0
0000000000000000000028a7,3477,2,84.0
0000000000000000000028a7,3954,2,39.0
0000000000000000000028a8,1161,3,390.68
0000000000000000000028a8,3974,2,74.4
0000000000000000000028a8,1868,3,449.0
0000000000000000000028a9,2404,2,1098.0
0000000000000000000028aa,3844,1,480.0
0000000000000000000028aa,3963,2,349.0
0000000000000000000028aa,298,2,949.0
0000000000000000000028aa,1516,2,2449.0
0000000000000000000028ab,4530,1,49.9
0000000000000000000028ab,1149,2,99.9
0000000000000000000028ac,2731,2,2609.9
0000000000000000000028ac,3612,2,160.0
0000000000000000000028ad,1615,2,1699.0
0000000000000000000028ad,3168,1,159.0
0000000000000000000028ad,3975,3,74.4
0000000000000000000028ae,1032,2,2159.0
0000000000000000000028ae,4234,1,150.0
0000000000000000000028af,289,2,959.0
0000000000000000000028af,153,2,1288.0
0000000000000000000028b0,61,1,358.0
0000000000000000000028b0,2208,2,45.2
0000000000000000000028b1,3571,2,140.9
0000000000000000000028b2,3083,2,949.0
0000000000000000000028b3,4227,1,77.9
0000000000000000000028b3,90,1,409.0
0000000000000000000028b4,3745,3,669.0
0000000000000000000028b5,902,3,745.0
0000000000000000000028b5,1677,3,1329.9
0000000000000000000028b6,1249,3,226.9
0000000000000000000028b6,4733,3,126.69
0000000000000000000028b6,3504,3,8.9
0000000000000000000028b6,2168,3,59.1
0000000000000000000028b7,934,2,899.0
0000000000000000000028b7,1677,2,1329.9
0000000000000000000028b7,4826,1,170.5
0000000000000000000028b7,2929,2,899.0
0000000000000000000028b8,1513,2,2990.0
0000000000000000000028b8,2658,3,1499.0
0000000000000000000028b9,4059,2,58.9
0000000000000000000028b9,4138,2,139.0
0000000000000000000028b9,3284,3,1679.0
0000000000000000000028b9,4893,1,39.9
0000000000000000000028ba,2982,1,379.9
0000000000000000000028ba,864,1,1240.0
0000000000000000000028bb,5028,2,57.0
0000000000000000000028bb,5037,3,93.9
0000000000000000000028bb,2683,1,2299.0
0000000000000000000028bb,1093,1,249.0
0000000000000000000028bc,338,1,1329.0
0000000000000000000028bd,3318,3,2349.0
0000000000000000000028bd,3195,1,399.0
0000000000000000000028bd,2841,2,3099.0
0000000000000000000028be,4255,2,84.9
0000000000000000000028be,344,1,1099.0
0000000000000000000028be,92,3,399.0
0000000000000000000028bf,4935,1,35.9
0000000000000000000028c0,1955,3,379.0
0000000000000000000028c0,2288,1,79.0
0000000000000000000028c1,2671,2,4449.0
0000000000000000000028c1,979,1,798.0
0000000000000000000028c2,4751,2,89.0
0000000000000000000028c3,4987,1,59.0
0000000000000000000028c3,254,1,2049.0
0000000000000000000028c4,845,1,1199.0
0000000000000000000028c4,4450,3,129.9
0000000000000000000028c5,820,3,1049.0
0000000000000000000028c5,1182,1,83.9
0000000000000000000028c5,4760,2,165.0
0000000000000000000028c6,863,3,469.0
0000000000000000000028c7,3881,1,249.0
0000000000000000000028c8,4911,3,39.9
0000000000000000000028c9,109,3,459.0
0000000000000000000028ca,927,2,535.9
0000000000000000000028cb,850,2,1139.0
0000000000000000000028cb,3326,1,699.0
0000000000000000000028cb,2383,3,309.0
0000000000000000000028cc,319,3,469.0
0000000000000000000028cd,636,3,155.0
0000000000000000000028ce,1051,1,749.0
0000000000000000000028ce,859,1,399.0
0000000000000000000028ce,4978,2,169.0
0000000000000000000028cf,2077,3,42.0
0000000000000000000028cf,986,1,319.0
0000000000000000000028d0,3920,3,104.99
0000000000000000000028d1,4616,2,337.9
0000000000000000000028d2,1697,3,799.0
0000000000000000000028d2,2726,3,1440.0
0000000000000000000028d2,1027,1,579.0
0000000000000000000028d3,3242,1,7199.0
0000000000000000000028d3,3383,3,1299.0
0000000000000000000028d4,5149,3,131.9
0000000000000000000028d4,4696,3,29.0
0000000000000000000028d4,1360,2,454.9
0000000000000000000028d5,3532,1,329.0
0000000000000000000028d5,2434,2,28.0
0000000000000000000028d6,4465,2,119.0
0000000000000000000028d7,4408,2,149.0
0000000000000000000028d7,1163,1,379.0
0000000000000000000028d8,916,1,858.0
0000000000000000000028d8,1737,3,999.0
0000000000000000000028d9,448,1,85.0
0000000000000000000028d9,1247,3,199.0
0000000000000000000028da,190,1,4559.0
0000000000000000000028db,3970,2,189.0
0000000000000000000028db,4376,1,114.99
0000000000000000000028dc,5087,1,650.0
0000000000000000000028dd,683,2,160.9
0000000000000000000028dd,4186,3,279.0
0000000000000000000028de,2211,3,290.5
0000000000000000000028de,1716,1,1299.0
0000000000000000000028df,390,3,6999.0
0000000000000000000028df,1535,1,1199.0
0000000000000000000028e0,5015,3,119.9
0000000000000000000028e0,4384,3,239.95
0000000000000000000028e1,3659,3,29.9
0000000000000000000028e1,3196,1,62.0
0000000000000000000028e2,302,3,439.0
0000000000000000000028e2,2970,1,699.0
0000000000000000000028e2,4391,2,179.99
0000000000000000000028e3,499,2,21.5
0000000000000000000028e3,3072,1,120.9
0000000000000000000028e4,2868,1,799.0
0000000000000000000028e4,2873,2,180.0
0000000000000000000028e5,3029,3,115.0
0000000000000000000028e5,179,1,1699.0
0000000000000000000028e5,4967,2,69.0
0000000000000000000028e5,832,3,999.0
0000000000000000000028e6,365,1,589.0
0000000000000000000028e7,289,3,959.0
0000000000000000000028e7,2629,2,819869.0
0000000000000000000028e8,3996,1,25.9
0000000000000000000028e8,4584,3,54.9
0000000000000000000028e8,901,3,745.0
0000000000000000000028e9,2211,1,290.5
0000000000000000000028e9,824,1,560.0
0000000000000000000028e9,163,2,1349.0
0000000000000000000028e9,77,3,420.0
0000000000000000000028ea,1613,1,1599.0
0000000000000000000028ea,4354,2,329.95
0000000000000000000028eb,4958,2,86.9
0000000000000000000028ec,2513,2,189.9
0000000000000000000028ec,76,2,345.0
0000000000000000000028ed,2449,2,199.0
0000000000000000000028ee,3803,1,89.0
0000000000000000000028ef,3039,1,360.0
0000000000000000000028ef,1685,1,1399.0
0000000000000000000028ef,1921,3,219.9
0000000000000000000028ef,1138,2,159.9
0000000000000000000028f0,4351,3,139.9
0000000000000000000028f0,3609,3,1199.0
0000000000000000000028f0,4436,2,89.9
0000000000000000000028f1,2157,3,259.2
0000000000000000000028f1,486,1,39.0
0000000000000000000028f2,3111,1,39.9
0000000000000000000028f2,5175,1,629.91
0000000000000000000028f2,2029,3,149.9
0000000000000000000028f3,2736,1,3549.0
0000000000000000000028f4,4183,3,110.9
0000000000000000000028f4,3438,1,1199.0
0000000000000000000028f5,2822,2,2169.0
0000000000000000000028f6,3744,1,159.0
0000000000000000000028f6,2346,2,104.9
0000000000000000000028f6,3925,2,65.9
0000000000000000000028f7,3927,2,89.99
0000000000000000000028f7,640,1,130.0
0000000000000000000028f8,1926,1,1089.0
0000000000000000000028f8,1636,1,1689.0
0000000000000000000028f9,2403,2,549.0
0000000000000000000028fa,4076,2,169.9
0000000000000000000028fa,805,1,34000.0
0000000000000000000028fa,1741,3,1349.9
0000000000000000000028fa,622,2,189.0
0000000000000000000028fb,1388,3,3199.0
0000000000000000000028fb,3815,3,89.0
0000000000000000000028fc,3616,2,779.0
0000000000000000000028fd,1007,2,2500.0
0000000000000000000028fe,807,3,3499.0
0000000000000000000028ff,4502,2,49.9
000000000000000000002900,710,2,681.9
000000000000000000002901,4483,3,49.9
000000000000000000002901,4689,2,50.0
000000000000000000002901,2485,1,34.9
000000000000000000002902,178,3,1699.0
000000000000000000002902,4214,3,179.0
000000000000000000002902,4642,2,289.0
000000000000000000002903,1371,3,185.0
000000000000000000002903,363,2,449.0
000000000000000000002903,4099,3,25.9
000000000000000000002904,4689,1,50.0
000000000000000000002904,2736,2,3549.0
000000000000000000002904,890,2,589.0
000000000000000000002904,4964,2,41.9
000000000000000000002905,5141,1,2600.0
000000000000000000002905,3166,2,120.0
000000000000000000002906,726,1,399.0
000000000000000000002906,1977,2,779.0
000000000000000000002906,2322,2,1259.9
000000000000000000002906,338,3,1329.0
000000000000000000002907,1051,2,749.0
000000000000000000002908,4832,2,549.0
000000000000000000002909,3933,3,109.9
00000000000000000000290a,2575,3,599.0
00000000000000000000290a,836,1,799.0
00000000000000000000290a,3691,3,1519.9
00000000000000000000290b,3769,2,138.0
00000000000000000000290c,743,3,799.0
00000000000000000000290d,549,3,50.0
00000000000000000000290d,2952,2,1089.0
00000000000000000000290d,3716,1,190.0
00000000000000000000290d,4383,3,239.95
00000000000000000000290e,4678,3,99.0
00000000000000000000290e,4551,1,99.9
00000000000000000000290e,671,1,449.0
00000000000000000000290f,3068,2,3599.0
000000000000000000002910,4488,2,55.9
000000000000000000002910,4279,1,250.0
000000000000000000002911,3379,3,999.0
000000000000000000002911,2551,2,599.0
000000000000000000002911,844,1,949.0
000000000000000000002912,2557,3,3300.0
000000000000000000002913,4812,1,78.9
000000000000000000002914,4177,3,119.9
000000000000000000002915,4848,3,269.0
000000000000000000002915,3481,2,1199.0
000000000000000000002915,797,1,869.0
000000000000000000002915,589,3,199.0
000000000000000000002916,4843,2,349.0
000000000000000000002916,1042,2,619.0
000000000000000000002916,561,3,229.0
000000000000000000002917,3121,2,389.9
000000000000000000002918,98,2,539.0
000000000000000000002918,2676,1,4449.0
000000000000000000002919,3497,1,1799.0
000000000000000000002919,4916,1,40.0
00000000000000000000291a,2508,2,109.0
00000000000000000000291b,1589,3,1399.0
00000000000000000000291b,3589,3,27.5
00000000000000000000291b,4716,3,36.0
00000000000000000000291c,1718,3,1599.0
00000000000000000000291c,4205,2,79.9
00000000000000000000291c,2281,1,179.0
00000000000000000000291d,1722,3,1789.0
00000000000000000000291d,1077,1,199.9
00000000000000000000291d,1367,1,209.0
00000000000000000000291e,202,1,3259.0
00000000000000000000291e,1537,2,1599.0
00000000000000000000291f,2821,2,4799.0
00000000000000000000291f,581,3,449.0
000000000000000000002920,1806,1,649.0
000000000000000000002920,2394,2,259.0
000000000000000000002921,3559,3,29.99
000000000000000000002922,1381,2,509.0
000000000000000000002923,2928,3,350.0
000000000000000000002923,1300,2,273.9
000000000000000000002924,3195,3,399.0
000000000000000000002924,1384,1,329.0
000000000000000000002925,2237,3,243.9
000000000000000000002925,3135,2,1049.0
000000000000000000002926,3899,3,178.0
000000000000000000002927,5049,2,169.0
000000000000000000002927,3986,1,55.0
000000000000000000002928,4568,3,27.3
000000000000000000002928,629,1,199.0
000000000000000000002929,3252,1,1799.0
000000000000000000002929,4456,1,195.0
00000000000000000000292a,4509,1,49.9
00000000000000000000292a,167,1,1159.0
00000000000000000000292b,2246,2,279.0
00000000000000000000292b,935,1,899.0
00000000000000000000292b,665,1,1179.0
00000000000000000000292b,1916,3,999.0
00000000000000000000292c,4266,1,72.0
00000000000000000000292d,3760,1,189.0
00000000000000000000292d,132,1,2549.0
00000000000000000000292d,4413,2,69.9
00000000000000000000292d,3945,2,311.0
00000000000000000000292e,2328,2,769.9
00000000000000000000292e,3235,2,949.0
00000000000000000000292e,4632,2,179.0
00000000000000000000292e,2616,2,3999.0
00000000000000000000292f,559,2,169.0
000000000000000000002930,5058,2,265.0
000000000000000000002930,423,3,24.5
000000000000000000002931,1715,3,1499.0
000000000000000000002932,364,1,449.0
000000000000000000002933,2145,3,189.0
000000000000000000002934,4287,1,79.0
000000000000000000002934,2120,3,60.0
000000000000000000002934,730,2,636.0
000000000000000000002934,2792,2,2699.0
000000000000000000002935,1540,3,1649.0
000000000000000000002935,697,1,79.0
000000000000000000002936,1517,2,399.0
000000000000000000002936,872,2,590.0
000000000000000000002936,4967,2,69.0
000000000000000000002937,1029,2,533.33
000000000000000000002938,2085,2,129.0
000000000000000000002939,3290,2,649.0
000000000000000000002939,2916,1,999.0
00000000000000000000293a,2207,1,44.9
00000000000000000000293a,1101,2,269.0
00000000000000000000293b,4635,3,195.0
00000000000000000000293b,2245,2,243.9
00000000000000000000293b,3783,2,69.5
00000000000000000000293c,3350,2,1299.0
00000000000000000000293c,1955,1,379.0
00000000000000000000293d,3508,2,239.99
00000000000000000000293d,410,2,1349.0
00000000000000000000293e,4070,2,29.9
00000000000000000000293e,2867,1,799.0
00000000000000000000293e,3694,3,290.0
00000000000000000000293e,511,2,125.9
00000000000000000000293f,2524,1,94.9
000000000000000000002940,2594,2,3299.0
000000000000000000002940,4345,1,149.9
000000000000000000002940,772,1,1729.0
000000000000000000002941,2966,2,989.0
000000000000000000002942,1399,3,4999.0
000000000000000000002942,1625,3,699.0
000000000000000000002943,2099,2,89.9
000000000000000000002943,4348,1,89.95
000000000000000000002944,3812,2,57.9
000000000000000000002944,5047,2,475.0
000000000000000000002944,4290,3,119.9
000000000000000000002944,2796,1,3239.0
000000000000000000002945,3023,1,729.9
000000000000000000002946,1078,3,399.0
000000000000000000002947,3232,3,499.9
000000000000000000002947,3730,3,79.0
000000000000000000002948,2256,1,279.9
000000000000000000002948,578,1,84.9
000000000000000000002948,45,1,479.0
000000000000000000002949,3986,3,55.0
00000000000000000000294a,165,3,1159.0
00000000000000000000294a,4368,1,200.0
00000000000000000000294b,2621,2,1299.0
00000000000000000000294b,532,2,32.9
00000000000000000000294b,5000,1,34.9
00000000000000000000294c,5014,2,119.9
00000000000000000000294d,4674,1,158.0
00000000000000000000294d,479,3,12.0
00000000000000000000294d,1741,1,1349.9
00000000000000000000294e,121,1,3099.0
00000000000000000000294f,3177,3,69.9
00000000000000000000294f,4888,2,189.0
00000000000000000000294f,1697,2,799.0
000000000000000000002950,4568,1,27.3
000000000000000000002950,4730,2,499.0
000000000000000000002950,4873,2,109.0
000000000000000000002951,2126,1,149.0
000000000000000000002952,3735,1,89.0
000000000000000000002952,4388,2,119.9
000000000000000000002952,4823,3,199.0
000000000000000000002952,4671,1,99.0
000000000000000000002953,1015,2,1059.0
000000000000000000002954,613,2,179.0
000000000000000000002954,2207,3,44.9
000000000000000000002955,3199,3,112.9
000000000000000000002956,402,2,479.0
000000000000000000002957,1226,3,249.0
000000000000000000002958,4537,1,49.9
000000000000000000002958,11,2,529.0
000000000000000000002959,2336,2,289.0
000000000000000000002959,3626,2,160.0
000000000000000000002959,807,3,3499.0
000000000000000000002959,1201,2,255.9
00000000000000000000295a,2934,2,999.0
00000000000000000000295a,3366,2,589.0
00000000000000000000295b,1942,2,269.99
00000000000000000000295b,80,2,369.0
00000000000000000000295c,2948,1,209.9
00000000000000000000295d,2039,2,388.0
00000000000000000000295d,2022,2,359.0
00000000000000000000295d,840,1,2889.0
00000000000000000000295d,4386,2,249.9
00000000000000000000295e,4625,2,394.9
00000000000000000000295f,5133,1,99.0
00000000000000000000295f,2731,1,2609.9
000000000000000000002960,3221,2,119.0
000000000000000000002960,4042,1,23.9
000000000000000000002961,626,1,1359.0
000000000000000000002962,2222,3,285.0
000000000000000000002963,862,2,390.0
000000000000000000002963,4032,3,23.9
000000000000000000002963,4545,2,49.9
000000000000000000002963,4270,2,184.0
000000000000000000002964,1132,2,359.9
000000000000000000002964,4561,3,25.0
000000000000000000002965,1535,3,1199.0
000000000000000000002966,4437,1,399.9
000000000000000000002967,5178,2,5999.99
000000000000000000002967,172,1,1185.0
000000000000000000002967,4362,2,103.9
000000000000000000002967,748,2,1399.0
000000000000000000002968,2543,1,179.0
000000000000000000002969,695,3,269.0
00000000000000000000296a,959,2,1299.0
00000000000000000000296a,893,2,819.0
00000000000000000000296b,1445,3,1399.9
00000000000000000000296b,5153,1,5590.0
00000000000000000000296c,4353,3,129.9
00000000000000000000296d,2221,1,240.9
00000000000000000000296e,135,3,2659.0
00000000000000000000296e,3111,1,39.9
00000000000000000000296e,1038,1,639.0
00000000000000000000296e,175,2,3099.0
00000000000000000000296f,1790,1,1499.0
000000000000000000002970,1322,2,79.9
000000000000000000002970,2456,3,199.0
000000000000000000002971,3282,2,1.0
000000000000000000002971,2231,3,266.9
000000000000000000002971,737,2,659.0
000000000000000000002971,1374,2,179.9
000000000000000000002972,1008,3,963.0
000000000000000000002972,875,1,699.0
000000000000000000002972,1151,3,99.9
000000000000000000002973,944,1,8499.99
000000000000000000002973,580,2,449.0
000000000000000000002974,1911,3,1419.0
000000000000000000002975,4279,1,250.0
000000000000000000002975,3920,3,104.99
000000000000000000002976,2169,2,99.9
000000000000000000002977,1190,3,99.0
000000000000000000002978,658,2,93.9
000000000000000000002978,4195,1,219.0
000000000000000000002978,2562,2,1479.0
000000000000000000002979,1907,1,599.0
00000000000000000000297a,2971,1,799.0
00000000000000000000297a,2921,1,729.9
00000000000000000000297a,4213,1,151.2
00000000000000000000297b,922,3,4599.0
00000000000000000000297b,3382,2,999.0
00000000000000000000297c,190,3,4559.0
00000000000000000000297d,946,3,1829.0
00000000000000000000297e,3312,2,299.0
00000000000000000000297e,3195,2,399.0
00000000000000000000297f,1167,2,199.0
000000000000000000002980,5047,2,475.0
000000000000000000002980,297,1,699.0
000000000000000000002981,2001,2,279.0
000000000000000000002982,2074,3,88.0
000000000000000000002982,2907,1,989.0
000000000000000000002983,2349,3,64.9
000000000000000000002983,2860,3,520.9
000000000000000000002983,4986,1,69.0
000000000000000000002984,854,2,609.0
000000000000000000002985,3657,2,49.9
000000000000000000002986,1748,1,185.0
000000000000000000002986,4965,1,59.0
000000000000000000002987,2292,3,159.0
000000000000000000002988,2739,3,3599.0
000000000000000000002988,4891,2,349.0
000000000000000000002989,5129,2,500.0
000000000000000000002989,4349,3,84.95
00000000000000000000298a,2848,1,3999.0
00000000000000000000298b,3182,1,163.9
00000000000000000000298c,2452,3,259.0
00000000000000000000298c,3742,3,69.0
00000000000000000000298d,1782,1,749.0
00000000000000000000298d,4193,3,209.3
00000000000000000000298e,508,1,79.0
00000000000000000000298f,895,1,450.0
000000000000000000002990,3223,2,131.9
000000000000000000002990,1304,3,302.9
000000000000000000002991,4754,1,91.9
000000000000000000002992,4553,3,45.9
000000000000000000002993,4392,2,49.9
000000000000000000002993,4559,3,25.0
000000000000000000002993,3021,3,800.0
000000000000000000002994,1132,1,359.9
000000000000000000002994,488,3,39.0
000000000000000000002995,2754,1,3909.0
000000000000000000002995,4248,1,109.99
000000000000000000002995,322,3,469.0
000000000000000000002996,2918,3,979.0
000000000000000000002996,4519,3,49.9
000000000000000000002997,1607,3,1499.0
000000000000000000002998,1855,3,499.0
000000000000000000002998,395,3,479.0
000000000000000000002998,4152,1,93.9
000000000000000000002998,3294,3,799.0
000000000000000000002999,998,3,2699.0
00000000000000000000299a,4974,2,89.0
00000000000000000000299a,2989,3,2309.0
00000000000000000000299b,868,3,730.0
00000000000000000000299c,4203,1,239.2
00000000000000000000299c,2845,2,3499.0
00000000000000000000299c,2326,2,679.9
00000000000000000000299d,4563,1,63.48
00000000000000000000299e,1481,1,1789.0
00000000000000000000299e,4208,3,649.9
00000000000000000000299e,477,3,54.9
00000000000000000000299f,866,2,48310.0
0000000000000000000029a0,4270,2,184.0
0000000000000000000029a1,2222,1,285.0
0000000000000000000029a2,3272,1,1389.0
0000000000000000000029a2,554,2,179.0
0000000000000000000029a3,1557,1,899.0
0000000000000000000029a4,5062,2,69.0
0000000000000000000029a4,45,1,479.0
0000000000000000000029a4,3827,2,79.0
0000000000000000000029a5,4700,2,93.9
0000000000000000000029a5,5107,1,259.0
0000000000000000000029a5,4512,2,49.9
0000000000000000000029a5,4100,2,149.9
0000000000000000000029a6,3096,1,1490.0
0000000000000000000029a6,4133,1,100.9
0000000000000000000029a6,4126,3,85.9
0000000000000000000029a6,1795,1,129.9
0000000000000000000029a7,2292,3,159.0
0000000000000000000029a7,684,1,169.9
0000000000000000000029a7,3149,3,16.9
0000000000000000000029a7,3169,3,36.0
0000000000000000000029a8,1957,1,298.0
0000000000000000000029a8,587,3,150.9
0000000000000000000029a9,705,1,2149.0
0000000000000000000029a9,3336,3,999.0
0000000000000000000029aa,3690,3,1519.9
0000000000000000000029ab,3731,2,69.9
0000000000000000000029ac,361,2,6899.0
0000000000000000000029ac,1779,2,899.0
0000000000000000000029ad,1331,2,2719.0
0000000000000000000029ae,4459,3,69.3
0000000000000000000029ae,3978,2,39.0
0000000000000000000029ae,3216,1,449.0
0000000000000000000029af,2741,3,2959.0
0000000000000000000029b0,1067,1,279.0
0000000000000000000029b0,2205,2,155.0
0000000000000000000029b0,249,3,2649.0
0000000000000000000029b1,2664,1,1449.0
0000000000000000000029b1,4827,3,119.0
0000000000000000000029b2,4043,3,23.9
0000000000000000000029b2,942,1,563.0
0000000000000000000029b2,2084,2,39.7
0000000000000000000029b3,4706,3,65.0
0000000000000000000029b4,2223,2,300.0
0000000000000000000029b4,1221,3,329.0
0000000000000000000029b5,2726,3,1440.0
0000000000000000000029b5,4245,1,175.7
0000000000000000000029b6,884,2,1199.0
0000000000000000000029b7,5176,2,499.9
0000000000000000000029b7,4950,2,85.0
0000000000000000000029b7,837,2,749.0
0000000000000000000029b8,1067,1,279.0
0000000000000000000029b9,4415,1,69.9
0000000000000000000029b9,3034,3,450.0
0000000000000000000029b9,3657,3,49.9
0000000000000000000029ba,2764,2,869.0
0000000000000000000029bb,432,2,79.0
0000000000000000000029bc,2382,1,36.9
0000000000000000000029bd,3866,2,19.9
0000000000000000000029be,1940,1,619.0
0000000000000000000029bf,4995,2,19.9
0000000000000000000029bf,2301,2,459.9
0000000000000000000029c0,299,1,2249.0
0000000000000000000029c0,1799,2,1300.0
0000000000000000000029c0,501,3,125.0
0000000000000000000029c1,623,3,189.0
0000000000000000000029c1,876,2,1200.0
0000000000000000000029c1,2724,1,931.0
0000000000000000000029c2,4530,2,49.9
0000000000000000000029c3,4783,3,388.64
0000000000000000000029c4,4828,3,199.0
0000000000000000000029c5,3705,2,70.0
0000000000000000000029c5,2502,3,719.0
0000000000000000000029c6,3683,3,129.0
0000000000000000000029c6,5160,2,95.0
0000000000000000000029c7,239,3,1760.0
0000000000000000000029c7,5005,2,49.9
0000000000000000000029c7,5141,1,2600.0
0000000000000000000029c8,4777,3,112.9
0000000000000000000029c9,63,1,361.0
0000000000000000000029ca,3412,2,199.0
0000000000000000000029ca,4840,2,67.54
0000000000000000000029ca,4141,2,35.0
0000000000000000000029cb,178,1,1699.0
0000000000000000000029cc,169,1,1699.0
0000000000000000000029cc,2760,2,5789.0
0000000000000000000029cc,1742,3,1629.0
0000000000000000000029cd,4395,2,135.2
0000000000000000000029cd,3275,1,2649.0
0000000000000000000029cd,5109,1,259.0
0000000000000000000029ce,3021,1,800.0
0000000000000000000029ce,3811,3,54.9
0000000000000000000029ce,3710,2,93.0
0000000000000000000029cf,5170,2,175.0
0000000000000000000029d0,59,1,59.0
0000000000000000000029d0,3669,1,14.5
0000000000000000000029d0,848,1,999.0
0000000000000000000029d1,3685,3,368.9
0000000000000000000029d2,593,2,329.0
0000000000000000000029d2,3679,1,9.9
0000000000000000000029d2,1275,2,119.9
0000000000000000000029d2,75,3,345.0
0000000000000000000029d3,3101,1,59.0
0000000000000000000029d4,1879,3,449.0
0000000000000000000029d5,3681,1,1699.0
0000000000000000000029d5,4377,1,112.9
0000000000000000000029d5,3009,2,520.0
0000000000000000000029d6,2147,3,199.0
0000000000000000000029d6,5120,1,679.0
0000000000000000000029d6,4998,1,19.9
0000000000000000000029d7,1604,2,1689.0
0000000000000000000029d7,2488,1,1550.0
0000000000000000000029d8,1806,2,649.0
0000000000000000000029d8,1283,1,406.9
0000000000000000000029d8,4072,3,119.9
0000000000000000000029d9,1101,1,269.0
0000000000000000000029da,1561,1,828.0
0000000000000000000029db,3349,1,789.0
0000000000000000000029db,3119,2,399.9
0000000000000000000029db,604,3,339.99
0000000000000000000029db,620,3,148.9
0000000000000000000029dc,4042,2,23.9
0000000000000000000029dd,2879,3,799.0
0000000000000000000029dd,5044,3,399.0
0000000000000000000029de,602,3,799.0
0000000000000000000029df,4579,1,29.9
0000000000000000000029df,4810,3,14.9
0000000000000000000029e0,329,2,649.0
0000000000000000000029e0,4146,2,30.5
0000000000000000000029e1,3338,1,2399.0
0000000000000000000029e2,4513,1,49.9
0000000000000000000029e3,4570,2,27.3
0000000000000000000029e4,2230,3,499.0
0000000000000000000029e5,3618,1,299.0
0000000000000000000029e5,598,2,409.9
0000000000000000000029e6,1385,1,329.0
0000000000000000000029e6,2902,1,361.9
0000000000000000000029e6,2590,1,2361.0
0000000000000000000029e7,1843,1,999.0
0000000000000000000029e7,5094,1,520.0
0000000000000000000029e8,88,1,469.0
0000000000000000000029e9,817,2,399.0
0000000000000000000029ea,1741,1,1349.9
0000000000000000000029ea,3276,2,2099.0
0000000000000000000029ea,3897,2,39.9
0000000000000000000029eb,2839,1,3399.0
0000000000000000000029eb,3340,2,3359.0
0000000000000000000029ec,5178,2,5999.99
0000000000000000000029ed,1176,2,92.95
0000000000000000000029ee,3946,1,269449.0
0000000000000000000029ee,4072,2,119.9
0000000000000000000029ee,4466,2,119.0
0000000000000000000029ee,981,3,690.9
0000000000000000000029ef,4176,3,139.3
0000000000000000000029f0,3870,2,102.9
0000000000000000000029f0,3278,1,1.0
0000000000000000000029f0,1764,3,899.0
0000000000000000000029f0,407,3,940.0
0000000000000000000029f1,873,1,399.0
0000000000000000000029f1,4562,3,53.91
0000000000000000000029f2,2045,1,475.0
0000000000000000000029f2,4576,2,49.9
0000000000000000000029f2,3108,3,159.9
0000000000000000000029f3,1130,2,379.0
0000000000000000000029f3,1304,2,302.9
0000000000000000000029f3,1346,2,71.9
0000000000000000000029f3,1109,2,599.0
0000000000000000000029f4,1602,2,1528.0
0000000000000000000029f4,5050,2,320.0
0000000000000000000029f4,1114,3,799.0
0000000000000000000029f5,1608,1,1599.0
0000000000000000000029f6,2214,3,95.0
0000000000000000000029f7,3293,2,379.0
0000000000000000000029f7,4074,3,119.9
0000000000000000000029f8,2509,1,49.9
0000000000000000000029f8,4595,3,54.9
0000000000000000000029f9,2673,1,4449.0
0000000000000000000029f9,2615,3,2699.0
0000000000000000000029fa,2906,3,989.0
0000000000000000000029fa,3143,1,80.0
0000000000000000000029fb,4665,2,118.0
0000000000000000000029fb,2785,1,528.9
0000000000000000000029fc,1302,1,319.0
0000000000000000000029fc,4599,3,13.9
0000000000000000000029fc,822,2,654.44
0000000000000000000029fc,3102,3,53.0
0000000000000000000029fd,3412,3,199.0
0000000000000000000029fe,3196,3,62.0
0000000000000000000029fe,3731,3,69.9
0000000000000000000029ff,4008,3,25.9
000000000000000000002a00,380,2,3199.0
000000000000000000002a00,3247,1,5.9
000000000000000000002a01,928,3,663.9
000000000000000000002a02,4857,1,139.0
000000000000000000002a02,3186,3,44.9
000000000000000000002a03,2832,2,3999.0
000000000000000000002a04,445,3,25.0
000000000000000000002a04,894,1,677.0
000000000000000000002a05,877,2,429.0
000000000000000000002a05,3910,2,47.0
000000000000000000002a06,3245,2,899.0
000000000000000000002a06,3837,1,129.0
000000000000000000002a07,575,2,1549.0
000000000000000000002a07,1430,3,3100.0
000000000000000000002a07,5055,1,320.0
000000000000000000002a08,1425,3,3280.0
000000000000000000002a09,218,2,2099.0
000000000000000000002a09,187,2,1739.0
000000000000000000002a09,3038,2,560.0
000000000000000000002a0a,1696,1,799.0
000000000000000000002a0b,1557,3,899.0
000000000000000000002a0c,3960,2,51.9
000000000000000000002a0c,4475,3,79.0
000000000000000000002a0d,1087,3,70.0
000000000000000000002a0d,5111,2,289.0
000000000000000000002a0e,4400,3,299.9
000000000000000000002a0e,1197,1,159.9
000000000000000000002a0f,5069,1,370.0
000000000000000000002a10,2650,2,1379.0
000000000000000000002a11,462,2,189.9
000000000000000000002a11,4845,2,549.0
000000000000000000002a12,470,3,49.9
000000000000000000002a13,2852,1,699.0
000000000000000000002a14,3283,3,1.0
000000000000000000002a14,3571,1,140.9
000000000000000000002a15,1940,1,619.0
000000000000000000002a15,457,2,112.9
000000000000000000002a16,761,1,2189.0
000000000000000000002a16,1736,1,939.0
000000000000000000002a16,1498,3,1669.9
000000000000000000002a17,1356,2,74.9
000000000000000000002a17,1486,1,1789.0
000000000000000000002a18,1419,1,199.0
000000000000000000002a18,1145,1,99.9
000000000000000000002a18,4664,1,118.0
000000000000000000002a19,2452,2,259.0
000000000000000000002a1a,638,2,130.0
000000000000000000002a1a,1148,3,99.9
000000000000000000002a1b,3274,1,1649.0
000000000000000000002a1c,4201,3,149.9
000000000000000000002a1d,2612,2,3900.0
000000000000000000002a1d,4389,1,189.9
000000000000000000002a1e,4928,1,29.9
000000000000000000002a1e,4803,1,80.0
000000000000000000002a1f,1210,1,93.9
000000000000000000002a1f,5092,1,485.0
000000000000000000002a1f,3845,1,25.9
000000000000000000002a1f,3065,3,800.0
000000000000000000002a20,3196,1,62.0
000000000000000000002a20,236,1,2185.0
000000000000000000002a21,4836,2,599.0
000000000000000000002a22,2149,3,199.0
000000000000000000002a22,4085,1,42.9
000000000000000000002a23,1489,3,1789.0
000000000000000000002a23,3757,1,69.0
000000000000000000002a24,686,3,155.9
000000000000000000002a24,3081,2,679.0
000000000000000000002a25,2828,3,8999.0
000000000000000000002a25,2850,3,3999.0
000000000000000000002a26,3306,3,1699.0
000000000000000000002a27,1836,3,2599.0
000000000000000000002a27,2029,3,149.9
000000000000000000002a27,5014,2,119.9
000000000000000000002a27,3312,1,299.0
000000000000000000002a28,4862,3,3834.68
000000000000000000002a29,4682,1,85.0
000000000000000000002a29,4984,2,299.0
000000000000000000002a29,3636,2,399.0
000000000000000000002a2a,3824,1,169.0
000000000000000000002a2a,3790,2,50.9
000000000000000000002a2a,2762,2,3900.0
000000000000000000002a2a,2221,2,240.9
000000000000000000002a2b,4504,1,49.9
000000000000000000002a2b,2257,2,609.9
000000000000000000002a2b,24,1,599.0
000000000000000000002a2c,3954,3,39.0
000000000000000000002a2c,4635,3,195.0
000000000000000000002a2c,1027,3,579.0
000000000000000000002a2d,4334,1,119.9
000000000000000000002a2d,1022,3,399.0
000000000000000000002a2e,1687,3,899.0
000000000000000000002a2f,3030,3,100.0
000000000000000000002a2f,3590,2,49.99
000000000000000000002a2f,4433,3,499.9
000000000000000000002a30,1073,2,1184.0
000000000000000000002a30,2616,1,3999.0
000000000000000000002a31,4481,1,39.95
000000000000000000002a32,393,1,849.0
000000000000000000002a33,3656,1,239.0
000000000000000000002a33,5135,3,429.99
000000000000000000002a34,2088,1,129.0
000000000000000000002a34,3131,2,429.0
000000000000000000002a34,1323,3,189.9
000000000000000000002a35,5158,1,94.99
000000000000000000002a36,2483,2,27.0
000000000000000000002a37,2547,1,289.99
000000000000000000002a38,3989,1,59.9
000000000000000000002a38,4642,1,289.0
000000000000000000002a39,4210,2,139.3
000000000000000000002a39,3843,2,449569.0
000000000000000000002a39,1912,3,229.0
000000000000000000002a39,682,1,249.0
000000000000000000002a3a,2985,1,314.9
000000000000000000002a3b,5162,3,5139.0
000000000000000000002a3c,1976,1,259.0
000000000000000000002a3c,4869,3,35.5
000000000000000000002a3d,1071,1,310.0
000000000000000000002a3d,4199,3,199.0
000000000000000000002a3d,2204,2,469.0
000000000000000000002a3d,444,1,32.0
000000000000000000002a3e,3988,3,112.9
000000000000000000002a3e,5170,3,175.0
000000000000000000002a3e,5148,2,499.0
000000000000000000002a3f,353,3,2999.0
000000000000000000002a3f,4359,1,103.9
000000000000000000002a3f,1283,2,406.9
000000000000000000002a3f,3306,2,1699.0
000000000000000000002a40,4166,1,312.8
000000000000000000002a40,4490,3,55.9
000000000000000000002a41,549,1,50.0
000000000000000000002a41,3963,3,349.0
000000000000000000002a42,3813,2,79.0
000000000000000000002a42,3669,3,14.5
000000000000000000002a42,71,2,529.0
000000000000000000002a42,3691,1,1519.9
000000000000000000002a43,4153,1,109.0
000000000000000000002a43,1167,2,199.0
000000000000000000002a44,2999,1,550.0
000000000000000000002a45,2292,2,159.0
000000000000000000002a46,3030,3,100.0
000000000000000000002a46,1182,2,83.9
000000000000000000002a47,425,1,1379.0
000000000000000000002a47,4635,3,195.0
000000000000000000002a47,94,3,499.0
000000000000000000002a47,2373,2,713.9
000000000000000000002a48,4674,1,158.0
000000000000000000002a48,738,3,749.0
000000000000000000002a49,1276,2,69.9
000000000000000000002a49,2256,1,279.9
000000000000000000002a4a,3802,3,70.0
000000000000000000002a4b,5116,1,259.0
000000000000000000002a4c,3067,3,1499.0
000000000000000000002a4c,4337,2,749.9
000000000000000000002a4d,1274,3,69.9
000000000000000000002a4d,3045,2,349.9
000000000000000000002a4d,4630,2,169.0
000000000000000000002a4e,2100,3,90.0
000000000000000000002a4e,3575,1,100.0
000000000000000000002a4f,3709,3,137.5
000000000000000000002a4f,80,2,369.0
000000000000000000002a4f,651,1,211.19
000000000000000000002a50,905,2,1049.0
000000000000000000002a50,3613,2,42.9
000000000000000000002a50,3995,3,25.9
000000000000000000002a51,4101,2,49.9
000000000000000000002a51,3705,1,70.0
000000000000000000002a51,3103,2,34.49
000000000000000000002a52,1346,1,71.9
000000000000000000002a53,1741,2,1349.9
000000000000000000002a53,302,1,439.0
000000000000000000002a54,3213,3,269.9
000000000000000000002a54,4566,3,34.3
000000000000000000002a55,3474,2,89.0
000000000000000000002a56,4044,1,80.0
000000000000000000002a57,772,2,1729.0
000000000000000000002a57,2383,1,309.0
000000000000000000002a58,2431,1,79.9
000000000000000000002a59,1904,1,128.0
000000000000000000002a59,92,1,399.0
000000000000000000002a5a,4376,1,114.99
000000000000000000002a5b,934,2,899.0
000000000000000000002a5b,78,1,799.0
000000000000000000002a5b,3641,3,2959.0
000000000000000000002a5b,3140,1,159.9
000000000000000000002a5c,4410,1,49.9
000000000000000000002a5d,2748,2,4799.0
000000000000000000002a5d,862,1,390.0
000000000000000000002a5e,4925,2,139.0
000000000000000000002a5f,3022,3,800.0
000000000000000000002a5f,2207,1,44.9
000000000000000000002a60,1958,2,399.0
000000000000000000002a60,3615,2,779.0
000000000000000000002a61,2164,1,49.5
000000000000000000002a61,1414,3,169.0
000000000000000000002a62,69,3,459.0
000000000000000000002a63,2208,2,45.2
000000000000000000002a64,3795,2,59.0
000000000000000000002a64,1645,3,699.9
000000000000000000002a64,2322,2,1259.9
000000000000000000002a65,4526,1,49.9
000000000000000000002a65,4233,2,64.9
000000000000000000002a66,2023,2,699.0
000000000000000000002a66,3824,2,169.0
000000000000000000002a67,2345,2,115.9
000000000000000000002a67,2611,2,3439.0
000000000000000000002a68,3245,3,899.0
000000000000000000002a68,272,2,1009.0
000000000000000000002a69,626,3,1359.0
000000000000000000002a6a,4475,1,79.0
000000000000000000002a6a,3767,2,99.9
000000000000000000002a6b,712,3,512.0
000000000000000000002a6c,1620,3,1699.0
000000000000000000002a6d,1707,1,799.0
000000000000000000002a6d,877,3,429.0
000000000000000000002a6e,3729,3,75.0
000000000000000000002a6f,4257,1,101.94
000000000000000000002a6f,4572,1,40.0
000000000000000000002a70,1064,1,1039.0
000000000000000000002a71,2217,1,69.0
000000000000000000002a72,1063,3,54899.0
000000000000000000002a72,728,1,707.0
000000000000000000002a72,598,1,409.9
000000000000000000002a73,2892,1,989.0
000000000000000000002a73,3366,1,589.0
000000000000000000002a73,803,3,1159.0
000000000000000000002a74,3297,1,259.0
000000000000000000002a75,4127,2,35.0
000000000000000000002a75,4924,3,99.0
000000000000000000002a76,3435,2,1099.0
000000000000000000002a76,2952,3,1089.0
000000000000000000002a76,925,3,750.0
000000000000000000002a77,4715,2,35.0
000000000000000000002a78,5177,1,1299.9
000000000000000000002a78,1974,1,244.0
000000000000000000002a78,3384,2,3499.0
000000000000000000002a78,3334,2,1379.0
000000000000000000002a79,3695,2,43.8
000000000000000000002a7a,4796,2,379.0
000000000000000000002a7a,2009,1,529.0
000000000000000000002a7a,2162,1,70.4
000000000000000000002a7a,3660,1,74.9
000000000000000000002a7b,4352,2,139.9
000000000000000000002a7c,2281,2,179.0
000000000000000000002a7d,1044,1,599.9
000000000000000000002a7e,4432,1,499.9
000000000000000000002a7f,2908,3,989.0
000000000000000000002a7f,3421,2,999.0
000000000000000000002a7f,4662,3,189.0
000000000000000000002a80,2250,2,169.9
000000000000000000002a80,4030,3,23.9
000000000000000000002a80,972,1,691.0
000000000000000000002a81,1015,1,1059.0
000000000000000000002a81,2588,3,1747.0
000000000000000000002a81,4167,3,312.8
000000000000000000002a82,4493,2,55.9
000000000000000000002a82,3184,3,59.0
000000000000000000002a82,5075,2,119.0
000000000000000000002a83,796,2,1119.0
000000000000000000002a83,640,3,130.0
000000000000000000002a84,1349,1,84.9
000000000000000000002a85,3793,2,60.0
000000000000000000002a86,1832,3,599.0
000000000000000000002a87,3895,3,118.9
000000000000000000002a87,4607,2,89.0
000000000000000000002a87,623,1,189.0
000000000000000000002a87,4594,3,71.1
000000000000000000002a88,2121,2,39.9
000000000000000000002a88,3624,1,829.0
000000000000000000002a88,3355,2,779.0
000000000000000000002a89,1752,1,1299.0
000000000000000000002a89,671,3,449.0
000000000000000000002a8a,4053,3,59.9
000000000000000000002a8b,3898,1,369.0
000000000000000000002a8b,2426,2,489.0
000000000000000000002a8c,1908,1,739.0
000000000000000000002a8d,1493,1,1688.0
000000000000000000002a8e,44,2,385.0
000000000000000000002a8e,1658,1,1299.0
000000000000000000002a8f,2412,1,83.9
000000000000000000002a90,419,2,160.0
000000000000000000002a90,4256,3,99.0
000000000000000000002a90,1092,1,179.9
000000000000000000002a91,3654,1,29.9
000000000000000000002a91,1787,2,1039.0
000000000000000000002a91,617,1,49.89
000000000000000000002a92,3498,2,1899.0
000000000000000000002a92,446,1,1799.0
000000000000000000002a92,1609,3,1489.0
000000000000000000002a93,4295,3,104.99
000000000000000000002a93,2270,2,159.0
000000000000000000002a93,4783,2,388.64
000000000000000000002a94,568,3,81.9
000000000000000000002a94,368,3,399.0
000000000000000000002a95,3292,2,749.0
000000000000000000002a95,1855,2,499.0
000000000000000000002a96,3436,2,1199.0
000000000000000000002a96,1442,3,540.0
000000000000000000002a97,73,2,345.0
000000000000000000002a97,2303,3,589.0
000000000000000000002a98,1211,1,2159.0
000000000000000000002a98,5103,1,259.0
000000000000000000002a99,5137,1,144.0
000000000000000000002a99,4662,3,189.0
000000000000000000002a9a,3014,2,1599.99
000000000000000000002a9b,1039,1,749.0
000000000000000000002a9c,4467,1,199.9
000000000000000000002a9c,4652,3,169.0
000000000000000000002a9d,2626,1,919.0
000000000000000000002a9d,1036,1,709.0
000000000000000000002a9e,2995,3,2180.0
000000000000000000002a9f,2943,3,699.0
000000000000000000002aa0,2182,2,35.5
000000000000000000002aa0,1347,3,72.9
000000000000000000002aa0,2600,2,1099.0
000000000000000000002aa1,1455,3,432.0
000000000000000000002aa1,4869,2,35.5
000000000000000000002aa1,4454,3,108.9
000000000000000000002aa2,1474,1,1480.0
000000000000000000002aa2,4235,2,150.0
000000000000000000002aa3,1052,2,795.0
000000000000000000002aa3,1225,3,249.0
000000000000000000002aa4,4544,3,49.9
000000000000000000002aa4,4228,2,78.9
000000000000000000002aa5,1401,2,399.0
000000000000000000002aa5,1503,3,949.0
000000000000000000002aa6,3406,2,4399.0
000000000000000000002aa6,3577,1,100.0
000000000000000000002aa6,5119,2,259.0
000000000000000000002aa7,2762,3,3900.0
000000000000000000002aa7,3043,1,70.0
000000000000000000002aa8,4981,3,89.0
000000000000000000002aa9,5161,3,499.0
000000000000000000002aaa,4692,3,149.0
000000000000000000002aaa,3698,1,10.9
000000000000000000002aaa,2860,3,520.9
000000000000000000002aab,1404,3,649.0
000000000000000000002aab,4046,2,269.0
000000000000000000002aac,3921,2,27.9
000000000000000000002aad,2998,3,520.0
000000000000000000002aad,20,3,420.0
000000000000000000002aad,2232,2,295.0
000000000000000000002aae,4286,1,130.0
000000000000000000002aae,2338,2,329.0
000000000000000000002aae,350,2,3999.0
000000000000000000002aae,997,3,2499.0
000000000000000000002aaf,273,2,939.0
000000000000000000002aaf,2934,1,999.0
000000000000000000002ab0,1691,3,1049.0
000000000000000000002ab0,1253,2,100.0
000000000000000000002ab1,4992,2,189.0
000000000000000000002ab1,456,3,1089.0
000000000000000000002ab2,233,1,1090.9
000000000000000000002ab2,1657,2,1198.0
000000000000000000002ab3,84,1,469.0
000000000000000000002ab3,1852,3,87.0
000000000000000000002ab4,2539,3,199.0
000000000000000000002ab5,1939,2,262.0
000000000000000000002ab5,4109,3,69.9
000000000000000000002ab5,4820,2,1799.0
000000000000000000002ab6,1541,2,1499.0
000000000000000000002ab6,3255,2,999.0
000000000000000000002ab7,691,3,1499.0
000000000000000000002ab8,694,2,879.0
000000000000000000002ab9,854,2,609.0
000000000000000000002ab9,2098,1,74.9
000000000000000000002aba,2960,3,989.0
000000000000000000002abb,5075,3,119.0
000000000000000000002abc,3697,2,35.0
000000000000000000002abd,5005,3,49.9
000000000000000000002abe,4259,3,113.94
000000000000000000002abf,1474,3,1480.0
000000000000000000002ac0,1656,3,1198.0
000000000000000000002ac0,4554,2,45.9
000000000000000000002ac1,499,2,21.5
000000000000000000002ac1,3217,1,19.9
000000000000000000002ac1,3326,1,699.0
000000000000000000002ac1,3479,2,1199.0
000000000000000000002ac2,4475,3,79.0
000000000000000000002ac2,3600,1,85.9
000000000000000000002ac3,581,2,449.0
000000000000000000002ac4,4584,3,54.9
000000000000000000002ac5,1973,3,799.0
000000000000000000002ac6,4752,2,67.5
000000000000000000002ac6,4933,1,29.9
000000000000000000002ac6,576,1,109.0
000000000000000000002ac7,3945,1,311.0
000000000000000000002ac8,1778,3,899.0
000000000000000000002ac8,2331,1,39.0
000000000000000000002ac9,1867,1,449.0
000000000000000000002ac9,147,3,1179.0
000000000000000000002aca,4599,3,13.9
000000000000000000002aca,5034,1,520.08
000000000000000000002aca,4996,1,78.9
000000000000000000002acb,4198,3,149.9
000000000000000000002acb,1137,3,169.9
000000000000000000002acb,3396,3,109.0
000000000000000000002acc,4829,3,140.0
000000000000000000002acc,799,1,869.0
000000000000000000002acc,487,3,39.0
000000000000000000002acd,1731,2,1889.0
000000000000000000002acd,2131,1,249.0
000000000000000000002ace,4438,3,149.9
000000000000000000002acf,357,1,3999.0
000000000000000000002ad0,2068,2,109.0
000000000000000000002ad1,1723,2,1499.0
000000000000000000002ad1,4181,2,118.3
000000000000000000002ad1,60,2,400.0
000000000000000000002ad2,2966,3,989.0
000000000000000000002ad2,5142,2,32.9
000000000000000000002ad2,2608,2,3959.0
000000000000000000002ad3,1349,3,84.9
000000000000000000002ad4,805,3,34000.0
000000000000000000002ad5,3042,2,679.9
000000000000000000002ad5,4005,1,25.9
000000000000000000002ad6,416,2,39.0
000000000000000000002ad6,1312,1,349.0
000000000000000000002ad7,4861,1,219.48
000000000000000000002ad7,1995,1,589.0
000000000000000000002ad7,167,2,1159.0
000000000000000000002ad7,74,3,345.0
000000000000000000002ad8,4333,3,119.9
000000000000000000002ad8,293,3,419.0
000000000000000000002ad8,192,3,2949.0
000000000000000000002ad9,580,3,449.0
000000000000000000002ada,4440,2,399.9
000000000000000000002ada,4885,2,106.0
000000000000000000002ada,2417,2,399.0
000000000000000000002adb,4251,2,49.9
000000000000000000002adb,1549,3,1136.0
000000000000000000002adc,3548,2,529.0
000000000000000000002adc,2814,1,4409.0
000000000000000000002adc,510,1,29.9
000000000000000000002adc,2011,3,306.0
000000000000000000002add,530,3,59.0
000000000000000000002ade,2150,2,179.0
000000000000000000002ade,2168,1,59.1
000000000000000000002ade,3336,2,999.0
000000000000000000002adf,2294,1,154.9
000000000000000000002ae0,1187,3,110.0
000000000000000000002ae1,2340,3,329.0
000000000000000000002ae2,4708,3,65.0
000000000000000000002ae2,2734,1,3829.0
000000000000000000002ae3,162,3,1799.0
000000000000000000002ae4,1600,2,1529.0
000000000000000000002ae4,2192,1,228.0
000000000000000000002ae5,4293,1,119.9
000000000000000000002ae6,1746,2,1589.0
000000000000000000002ae6,776,3,919.0
000000000000000000002ae7,914,2,878.0
000000000000000000002ae8,4873,3,109.0
000000000000000000002ae8,4116,3,86.5
000000000000000000002ae9,4132,1,69.9
000000000000000000002ae9,3368,2,779.0
000000000000000000002ae9,2126,3,149.0
000000000000000000002ae9,4961,2,86.9
000000000000000000002aea,813,1,367.0
000000000000000000002aeb,3266,1,325.0
000000000000000000002aec,1589,2,1399.0
000000000000000000002aec,3295,3,1249.0
000000000000000000002aec,623,3,189.0
000000000000000000002aed,3045,2,349.9
000000000000000000002aed,4443,3,135.92
000000000000000000002aed,4010,2,25.9
000000000000000000002aee,4076,1,169.9
000000000000000000002aee,3066,3,1500.0
000000000000000000002aee,5079,2,300.0
000000000000000000002aef,3795,2,59.0
000000000000000000002aef,197,3,3609.0
000000000000000000002aef,2323,2,139.9
000000000000000000002af0,4831,2,539.0
000000000000000000002af0,644,1,79.0
000000000000000000002af0,1636,3,1689.0
000000000000000000002af0,2044,3,269.9
000000000000000000002af1,3175,1,238.9
000000000000000000002af2,2362,1,549.0
000000000000000000002af3,4906,1,39.9
000000000000000000002af4,2313,3,999.9
000000000000000000002af4,3045,3,349.9
000000000000000000002af4,1150,3,99.9
000000000000000000002af5,4018,1,23.9
000000000000000000002af6,1334,2,75.0
000000000000000000002af6,3083,3,949.0
000000000000000000002af6,5053,1,159.0
000000000000000000002af6,4091,3,49.9
000000000000000000002af7,3373,1,1199.0
000000000000000000002af8,5045,2,349.0
000000000000000000002af9,3742,2,69.0
000000000000000000002af9,770,1,2609.0
000000000000000000002af9,2589,2,2361.0
000000000000000000002af9,3614,2,5.2
000000000000000000002afa,4504,1,49.9
000000000000000000002afb,299,3,2249.0
000000000000000000002afb,125,1,2549.0
000000000000000000002afb,5020,3,109.9
000000000000000000002afc,3277,2,1.0
000000000000000000002afd,4606,1,89.0
000000000000000000002afe,2734,3,3829.0
000000000000000000002afe,3484,3,1949.0
000000000000000000002afe,3786,3,59.9
000000000000000000002aff,3043,2,70.0
000000000000000000002aff,3681,3,1699.0
000000000000000000002b00,389,3,1599.0
000000000000000000002b01,343,1,1099.0
000000000000000000002b01,4647,1,259.0
000000000000000000002b02,3857,1,49.9
000000000000000000002b02,3661,3,52.9
000000000000000000002b03,1549,2,1136.0
000000000000000000002b03,3939,2,59.9
000000000000000000002b04,297,2,699.0
000000000000000000002b05,1962,3,389.0
000000000000000000002b06,3264,2,519.0
000000000000000000002b06,371,3,799.0
000000000000000000002b07,1985,3,287.0
000000000000000000002b08,418,3,49.0
000000000000000000002b08,1498,3,1669.9
000000000000000000002b09,429,2,149.0
000000000000000000002b09,2306,2,519.0
000000000000000000002b09,397,3,479.0
000000000000000000002b0a,3339,2,2759.0
000000000000000000002b0b,2671,2,4449.0
000000000000000000002b0c,4420,1,49.9
000000000000000000002b0d,3700,1,10.9
000000000000000000002b0e,1710,3,849.0
000000000000000000002b0e,131,2,2529.0
000000000000000000002b0e,1844,1,1499.0
000000000000000000002b0e,5037,3,93.9
000000000000000000002b0f,1972,2,389.0
000000000000000000002b0f,5050,1,320.0
000000000000000000002b10,1606,2,1089.0
000000000000000000002b11,2017,3,239.0
000000000000000000002b11,1403,1,559.0
000000000000000000002b12,3481,3,1199.0
000000000000000000002b12,1395,2,349.0
000000000000000000002b12,2561,2,39.99
000000000000000000002b12,3521,3,142.0
000000000000000000002b13,4491,1,55.9
000000000000000000002b14,2677,1,1799.0
000000000000000000002b15,2664,2,1449.0
000000000000000000002b15,4775,2,899.0
000000000000000000002b15,3241,1,12.9
000000000000000000002b16,3413,3,129.0
000000000000000000002b16,4232,2,31.92
000000000000000000002b17,1132,2,359.9
000000000000000000002b17,1372,2,255.0
000000000000000000002b17,3166,3,120.0
000000000000000000002b18,1725,3,1249.0
000000000000000000002b18,1723,3,1499.0
000000000000000000002b18,866,3,48310.0
000000000000000000002b18,1093,1,249.0
000000000000000000002b19,74,2,345.0
000000000000000000002b19,178,2,1699.0
000000000000000000002b19,2759,3,6899.0
000000000000000000002b19,688,2,99.0
000000000000000000002b1a,2256,2,279.9
000000000000000000002b1b,2386,3,499.0
000000000000000000002b1c,1800,3,749.0
000000000000000000002b1d,2066,1,110.0
000000000000000000002b1e,2724,1,931.0
000000000000000000002b1e,2283,3,599.0
000000000000000000002b1e,835,1,1049.0
000000000000000000002b1f,2618,1,2499.0
000000000000000000002b20,2339,1,329.0
000000000000000000002b20,4309,2,60.0
000000000000000000002b21,1818,3,419.0
000000000000000000002b21,4854,1,99.0
000000000000000000002b21,2704,2,1149.0
000000000000000000002b22,3802,3,70.0
000000000000000000002b22,4115,1,91.8
000000000000000000002b22,212,1,1700.0
000000000000000000002b23,28,2,599.0
000000000000000000002b24,2973,1,500.5
000000000000000000002b24,2750,2,3599.0
000000000000000000002b24,1198,2,199.9
000000000000000000002b25,4757,3,135.0
000000000000000000002b25,3630,2,61.9
000000000000000000002b26,965,1,22.9
000000000000000000002b27,3814,2,109.0
000000000000000000002b27,2750,3,3599.0
000000000000000000002b28,3215,1,24.9
000000000000000000002b28,4935,1,35.9
000000000000000000002b28,1045,3,534.9
000000000000000000002b29,3939,2,59.9
000000000000000000002b29,2695,2,3999.0
000000000000000000002b2a,1023,2,530.0
000000000000000000002b2a,3819,2,99.0
000000000000000000002b2a,817,3,399.0
000000000000000000002b2b,4882,2,129.0
000000000000000000002b2b,64,3,361.0
000000000000000000002b2b,3817,2,70.0
000000000000000000002b2c,4159,1,59.9
000000000000000000002b2d,4320,2,93.9
000000000000000000002b2d,2228,2,160.0
000000000000000000002b2d,2541,1,199.0
000000000000000000002b2d,4816,1,179.0
000000000000000000002b2e,4835,3,549.0
000000000000000000002b2e,1374,2,179.9
000000000000000000002b2f,709,3,681.9
000000000000000000002b2f,4914,1,29.9
000000000000000000002b2f,1277,1,109.9
000000000000000000002b30,4355,2,329.95
000000000000000000002b31,2844,3,3599.0
000000000000000000002b32,2015,1,359.0
000000000000000000002b32,2339,1,329.0
000000000000000000002b33,1805,2,885.0
000000000000000000002b34,2172,2,169.0
000000000000000000002b34,707,1,1099.0
000000000000000000002b35,3605,1,1129.0
000000000000000000002b36,545,2,29.9
000000000000000000002b36,2001,2,279.0
000000000000000000002b36,4594,2,71.1
000000000000000000002b37,1310,2,74.9
000000000000000000002b37,2288,1,79.0
000000000000000000002b37,4122,3,19.9
000000000000000000002b38,2057,3,349.0
000000000000000000002b38,2338,3,329.0
000000000000000000002b39,923,3,359.0
000000000000000000002b39,1162,3,479.9
000000000000000000002b39,1749,3,1099.0
000000000000000000002b3a,3785,1,64.9
000000000000000000002b3a,4911,3,39.9
000000000000000000002b3a,3159,2,299.9
000000000000000000002b3a,222,3,2099.0
000000000000000000002b3b,295,1,419.0
000000000000000000002b3b,1792,1,1169.0
000000000000000000002b3c,1462,3,1549.0
000000000000000000002b3d,4891,1,349.0
000000000000000000002b3d,4350,3,139.9
000000000000000000002b3e,4532,2,49.9
000000000000000000002b3e,4552,3,99.9
000000000000000000002b3f,1210,3,93.9
000000000000000000002b40,1074,2,1185.0
000000000000000000002b41,1481,3,1789.0
000000000000000000002b41,2129,2,159.0
000000000000000000002b41,2185,1,79.5
000000000000000000002b42,3050,2,699.0
000000000000000000002b43,5067,2,390.0
000000000000000000002b43,4243,3,129.0
000000000000000000002b43,2755,2,4029.0
000000000000000000002b43,759,1,1100.0
000000000000000000002b44,1023,2,530.0
000000000000000000002b44,184,1,1739.0
000000000000000000002b44,3713,1,120.0
000000000000000000002b44,1832,3,599.0
000000000000000000002b45,2568,3,659.0
000000000000000000002b46,2156,2,140.2
000000000000000000002b47,187,1,1739.0
000000000000000000002b48,3517,3,209.0
000000000000000000002b48,340,3,1298.0
000000000000000000002b48,887,1,1099.0
000000000000000000002b49,106,3,815.0
000000000000000000002b4a,4517,3,49.9
000000000000000000002b4b,2146,3,139.0
000000000000000000002b4c,4741,3,93.9
000000000000000000002b4c,3842,1,89.9
000000000000000000002b4d,5070,1,370.0
000000000000000000002b4e,1985,2,287.0
000000000000000000002b4f,2327,1,764.0
000000000000000000002b50,4601,1,65.0
000000000000000000002b50,4771,3,69.0
000000000000000000002b50,4066,1,39.9
000000000000000000002b50,4303,3,129.9
000000000000000000002b51,205,1,3279.0
000000000000000000002b52,1993,1,900.0
000000000000000000002b53,2444,1,249.0
000000000000000000002b53,4191,2,132.3
000000000000000000002b53,4539,2,49.9
000000000000000000002b54,4073,3,119.9
000000000000000000002b54,580,3,449.0
000000000000000000002b54,5119,2,259.0
000000000000000000002b54,2416,2,329.0
000000000000000000002b55,428,3,122.9
000000000000000000002b55,4390,2,129.9
000000000000000000002b56,2973,3,500.5
000000000000000000002b57,5020,2,109.9
000000000000000000002b58,4648,2,229.0
000000000000000000002b58,2728,2,2189.9
000000000000000000002b59,43,1,529.0
000000000000000000002b5a,4188,1,230.3
000000000000000000002b5a,167,2,1159.0
000000000000000000002b5a,330,2,649.0
000000000000000000002b5b,64,3,361.0
000000000000000000002b5b,2088,2,129.0
000000000000000000002b5b,4162,3,52.0
000000000000000000002b5b,2155,1,49.4
000000000000000000002b5c,1095,2,529.9
000000000000000000002b5c,4252,1,49.9
000000000000000000002b5c,3918,3,199.0
000000000000000000002b5c,4383,2,239.95
000000000000000000002b5d,1763,3,899.0
000000000000000000002b5d,1428,1,1800.0
000000000000000000002b5e,4019,2,23.9
000000000000000000002b5e,1514,2,2498.9
000000000000000000002b5f,2138,2,119.0
000000000000000000002b5f,1482,3,1789.0
000000000000000000002b5f,685,2,179.9
000000000000000000002b60,3817,2,70.0
000000000000000000002b60,3351,2,929.0
000000000000000000002b61,2699,2,1149.0
000000000000000000002b61,4263,1,168.0
000000000000000000002b62,1416,3,429.0
000000000000000000002b63,2099,1,89.9
000000000000000000002b64,1938,2,499.0
000000000000000000002b64,2715,2,999.0
000000000000000000002b64,3970,1,189.0
000000000000000000002b64,4236,1,134.0
000000000000000000002b65,1549,3,1136.0
000000000000000000002b65,45,3,479.0
000000000000000000002b65,1091,3,1089.9
000000000000000000002b66,4992,2,189.0
000000000000000000002b67,2999,1,550.0
000000000000000000002b67,1162,2,479.9
000000000000000000002b68,3489,2,1899.0
000000000000000000002b69,3840,2,64.9
000000000000000000002b6a,1091,1,1089.9
000000000000000000002b6b,4308,3,129.9
000000000000000000002b6b,3021,1,800.0
000000000000000000002b6b,1025,3,569.0
000000000000000000002b6c,2518,3,249.0
000000000000000000002b6c,3934,2,55.9
000000000000000000002b6d,1879,1,449.0
000000000000000000002b6d,160,2,1699.0
000000000000000000002b6d,564,2,299.0
000000000000000000002b6d,35,3,599.0
000000000000000000002b6e,4933,2,29.9
000000000000000000002b6e,1370,1,1749.0
000000000000000000002b6e,1557,1,899.0
000000000000000000002b6f,3828,1,229.0
000000000000000000002b6f,1709,1,799.0
000000000000000000002b70,376,2,3099.0
000000000000000000002b70,1200,1,229.0
000000000000000000002b71,1987,3,679.0
000000000000000000002b71,1268,3,833.86
000000000000000000002b72,2567,1,999.0
000000000000000000002b72,469,2,49.9
000000000000000000002b73,625,3,89.0
000000000000000000002b73,2766,3,3999.0
000000000000000000002b73,2781,3,4899.0
000000000000000000002b74,3822,3,199.0
000000000000000000002b74,2908,1,989.0
000000000000000000002b74,1483,1,1789.0
000000000000000000002b75,2589,1,2361.0
000000000000000000002b76,18,2,399.0
000000000000000000002b77,2250,2,169.9
000000000000000000002b77,3116,3,550.0
000000000000000000002b77,1216,3,209.0
000000000000000000002b78,3290,3,649.0
000000000000000000002b79,4793,2,599.0
000000000000000000002b7a,1102,2,914.9
000000000000000000002b7b,4627,1,394.9
000000000000000000002b7b,269,2,598.0
000000000000000000002b7b,4162,3,52.0
000000000000000000002b7c,1937,1,220.0
000000000000000000002b7d,1238,3,169.9
000000000000000000002b7d,1893,3,699.0
000000000000000000002b7d,3435,3,1099.0
000000000000000000002b7e,3045,1,349.9
000000000000000000002b7f,5105,1,259.0
000000000000000000002b7f,2148,1,129.0
000000000000000000002b7f,3508,2,239.99
000000000000000000002b7f,4500,1,49.9
000000000000000000002b80,3461,3,529.0
000000000000000000002b80,3457,1,499.0
000000000000000000002b81,3499,2,1899.0
000000000000000000002b81,2287,2,79.9
000000000000000000002b81,3539,3,329.0
000000000000000000002b82,818,1,399.0
000000000000000000002b83,964,1,370.0
000000000000000000002b83,822,3,654.44
000000000000000000002b83,4675,3,229.0
000000000000000000002b84,1530,3,949.0
000000000000000000002b84,3040,1,3599.0
000000000000000000002b85,777,2,699.0
000000000000000000002b85,4709,3,35.0
000000000000000000002b86,102,2,389.9
000000000000000000002b87,4849,3,69.9
000000000000000000002b88,3747,2,65.0
000000000000000000002b88,4041,1,23.9
000000000000000000002b89,1812,1,169.9
000000000000000000002b8a,2080,3,230.0
000000000000000000002b8b,1531,2,1399.0
000000000000000000002b8b,619,3,148.9
000000000000000000002b8c,2913,2,999.0
000000000000000000002b8c,1404,3,649.0
000000000000000000002b8c,2746,3,4139.0
000000000000000000002b8c,4066,1,39.9
000000000000000000002b8d,4958,2,86.9
000000000000000000002b8d,3253,3,1799.0
000000000000000000002b8e,3940,3,79.9
000000000000000000002b8f,2024,1,849.0
000000000000000000002b8f,2750,3,3599.0
000000000000000000002b90,4608,3,65.9
000000000000000000002b90,3346,2,599.0
000000000000000000002b90,2348,3,240.0
000000000000000000002b90,1115,1,799.0
000000000000000000002b91,2681,2,999.0
000000000000000000002b92,3844,3,480.0
000000000000000000002b92,3994,3,25.9
000000000000000000002b93,171,2,1185.0
000000000000000000002b93,4589,1,54.9
000000000000000000002b94,3707,3,30.99
000000000000000000002b94,3476,1,799.0
000000000000000000002b94,1039,1,749.0
000000000000000000002b95,1066,3,349.9
000000000000000000002b95,1982,1,259.0
000000000000000000002b96,2407,2,979.0
000000000000000000002b96,880,1,699.0
000000000000000000002b97,3818,1,70.0
000000000000000000002b98,938,1,625.0
000000000000000000002b98,3164,2,100.0
000000000000000000002b99,1665,1,1249.0
000000000000000000002b99,4182,2,169.0
000000000000000000002b99,3283,3,1.0
000000000000000000002b9a,1164,3,200.0
000000000000000000002b9b,2581,2,195.0
000000000000000000002b9c,3712,1,115.0
000000000000000000002b9d,1056,3,849.0
000000000000000000002b9e,3367,1,779.0
000000000000000000002b9f,1363,2,209.0
000000000000000000002ba0,554,1,179.0
000000000000000000002ba0,1800,2,749.0
000000000000000000002ba0,1320,1,159.0
000000000000000000002ba1,4977,3,55.0
000000000000000000002ba2,1035,3,599.0
000000000000000000002ba2,4481,1,39.95
000000000000000000002ba3,2548,2,189.0
000000000000000000002ba3,3867,2,19.9
000000000000000000002ba3,1969,1,449.99
000000000000000000002ba4,11,1,529.0
000000000000000000002ba5,5154,2,449.0
000000000000000000002ba6,1104,3,1074.9
000000000000000000002ba6,1285,2,109.9
000000000000000000002ba6,3026,2,1200.0
000000000000000000002ba7,924,2,589.99
000000000000000000002ba8,2251,2,269.9
000000000000000000002ba8,1823,2,169.0
000000000000000000002ba9,4662,3,189.0
000000000000000000002baa,5037,3,93.9
000000000000000000002baa,548,2,57.0
000000000000000000002baa,4135,1,24.9
000000000000000000002bab,3592,3,33.9
000000000000000000002bab,48,1,459.0
000000000000000000002bab,2274,1,199.0
000000000000000000002bac,2339,3,329.0
000000000000000000002bac,456,3,1089.0
000000000000000000002bad,756,2,1169.91
000000000000000000002bae,1348,1,74.9
000000000000000000002baf,89,2,409.0
000000000000000000002bb0,1399,1,4999.0
000000000000000000002bb1,457,2,112.9
000000000000000000002bb1,245,1,3099.0
000000000000000000002bb2,1995,2,589.0
000000000000000000002bb3,3299,2,279.0
000000000000000000002bb3,2541,2,199.0
000000000000000000002bb3,3639,3,1999.0
000000000000000000002bb4,440,2,29.99
000000000000000000002bb5,2385,3,309.0
000000000000000000002bb5,264,1,2499.0
000000000000000000002bb6,775,2,919.0
000000000000000000002bb7,2225,3,130.0
000000000000000000002bb7,3561,1,169.0
000000000000000000002bb7,267,1,2896.0
000000000000000000002bb7,414,3,2705.0
000000000000000000002bb8,193,2,3129.0
000000000000000000002bb8,3699,3,10.9
000000000000000000002bb8,3994,1,25.9
000000000000000000002bb8,1469,2,1464.0
000000000000000000002bb9,2325,2,76.9
000000000000000000002bba,4449,3,119.9
000000000000000000002bba,4451,2,103.9
000000000000000000002bba,1881,3,70.0
000000000000000000002bba,2386,1,499.0
000000000000000000002bbb,16,3,375.0
000000000000000000002bbc,4629,2,79.9
000000000000000000002bbd,3059,2,1480.0
000000000000000000002bbd,1467,1,1549.0
000000000000000000002bbd,4857,3,139.0
000000000000000000002bbd,2545,1,179.0
000000000000000000002bbe,1296,2,120.9
000000000000000000002bbf,1690,1,1049.0
000000000000000000002bc0,3959,1,169.0
000000000000000000002bc1,4627,1,394.9
000000000000000000002bc1,3909,3,29.9
000000000000000000002bc2,1145,3,99.9
000000000000000000002bc2,245,3,3099.0
000000000000000000002bc2,2689,2,4732.0
000000000000000000002bc3,3008,2,690.0
000000000000000000002bc3,2562,1,1479.0
000000000000000000002bc4,1908,3,739.0
000000000000000000002bc5,1872,3,449.0
000000000000000000002bc5,1459,1,1549.0
000000000000000000002bc6,4233,3,64.9
000000000000000000002bc6,3933,2,109.9
000000000000000000002bc6,4658,2,149.0
000000000000000000002bc7,4640,1,95.0
000000000000000000002bc7,4051,3,20.0
000000000000000000002bc8,4553,3,45.9
000000000000000000002bc9,4558,2,25.0
000000000000000000002bca,947,3,495.0
000000000000000000002bca,4073,1,119.9
000000000000000000002bcb,4454,3,108.9
000000000000000000002bcb,5048,2,299.0
000000000000000000002bcc,3594,3,599.0
000000000000000000002bcd,1236,2,169.9
000000000000000000002bcd,1595,3,1899.0
000000000000000000002bcd,952,1,839.0
000000000000000000002bce,3849,1,639.0
000000000000000000002bcf,4765,2,849.0
000000000000000000002bcf,1465,3,1549.0
000000000000000000002bcf,464,1,189.9
000000000000000000002bcf,141,1,1189.0
000000000000000000002bd0,4328,3,139.0
000000000000000000002bd0,864,3,1240.0
000000000000000000002bd0,2337,2,195.0
000000000000000000002bd0,3386,3,749.9
000000000000000000002bd1,3057,3,2299.0
000000000000000000002bd2,800,3,869.0
000000000000000000002bd3,2717,3,1999.0
000000000000000000002bd4,3130,2,129.0
000000000000000000002bd5,4040,3,23.9
000000000000000000002bd5,4052,3,59.9
000000000000000000002bd6,249,2,2649.0
000000000000000000002bd7,2967,3,1089.0
000000000000000000002bd8,3093,1,1249.0
000000000000000000002bd8,3699,2,10.9
000000000000000000002bd9,2257,2,609.9
000000000000000000002bd9,3744,3,159.0
000000000000000000002bd9,2205,1,155.0
000000000000000000002bda,2668,2,1349.0
000000000000000000002bda,4334,1,119.9
000000000000000000002bdb,466,2,189.9
000000000000000000002bdb,2366,3,289.0
000000000000000000002bdb,100,2,539.0
000000000000000000002bdc,2624,1,2700.0
000000000000000000002bdd,4491,1,55.9
000000000000000000002bde,3406,3,4399.0
000000000000000000002bdf,5112,1,289.0
000000000000000000002be0,1989,3,245.0
000000000000000000002be0,2335,3,65.0
000000000000000000002be1,870,2,359.0
000000000000000000002be1,1257,2,329.0
000000000000000000002be2,1053,3,1099.0
000000000000000000002be3,3500,3,1799.0
000000000000000000002be4,159,1,2149.0
000000000000000000002be5,4176,2,139.3
000000000000000000002be5,77,3,420.0
000000000000000000002be5,117,2,1189.0
000000000000000000002be5,3385,1,649.9
000000000000000000002be6,3161,1,379.0
000000000000000000002be6,2678,1,1799.0
000000000000000000002be7,239,2,1760.0
000000000000000000002be8,1096,2,1099.0
000000000000000000002be9,1877,2,459.0
000000000000000000002be9,4838,3,149.0
000000000000000000002bea,1852,3,87.0
000000000000000000002bea,2578,3,1850.0
000000000000000000002bea,42,2,499.0
000000000000000000002bea,1193,1,139.0
000000000000000000002beb,2879,3,799.0
000000000000000000002beb,1666,3,1199.0
000000000000000000002beb,3411,2,190.0
000000000000000000002bec,3634,1,29.9
000000000000000000002bec,5144,1,4899.0
000000000000000000002bed,633,2,149.0
000000000000000000002bed,713,3,512.0
000000000000000000002bed,166,1,1159.0
000000000000000000002bee,3407,2,109.0
000000000000000000002bef,3431,3,1249.0
000000000000000000002bef,3018,2,800.0
000000000000000000002bf0,1714,3,1299.0
000000000000000000002bf0,4553,3,45.9
000000000000000000002bf1,3281,2,2699.0
000000000000000000002bf1,2256,3,279.9
000000000000000000002bf2,2739,3,3599.0
000000000000000000002bf2,3791,1,24.9
000000000000000000002bf3,3128,2,280.0
000000000000000000002bf4,1228,2,159.0
000000000000000000002bf5,3957,1,70.0
000000000000000000002bf5,3157,1,59.0
000000000000000000002bf6,30,3,599.0
000000000000000000002bf7,3506,2,39.9
000000000000000000002bf7,3905,1,119.5
000000000000000000002bf7,1746,2,1589.0
000000000000000000002bf8,4989,3,99.0
000000000000000000002bf9,4825,2,189.9
000000000000000000002bf9,4420,1,49.9
000000000000000000002bfa,2808,2,4929.0
000000000000000000002bfa,2840,3,3600.0
000000000000000000002bfa,4935,2,35.9
000000000000000000002bfb,1858,3,459.0
000000000000000000002bfb,924,3,589.99
000000000000000000002bfc,1570,2,1399.0
000000000000000000002bfd,849,3,1199.0
000000000000000000002bfe,3535,1,329.0
000000000000000000002bff,3927,2,89.99
000000000000000000002c00,1327,3,4299.0
000000000000000000002c00,484,3,74.9
000000000000000000002c00,4140,1,24.8
000000000000000000002c01,1484,2,1789.0
000000000000000000002c02,2421,3,619.0
000000000000000000002c03,676,2,169.0
000000000000000000002c04,4858,3,102.0
000000000000000000002c05,3557,2,331.9
000000000000000000002c05,3211,2,159.0
000000000000000000002c05,680,1,149.0
000000000000000000002c05,619,2,148.9
000000000000000000002c06,2128,2,159.0
000000000000000000002c06,510,3,29.9
000000000000000000002c07,1380,2,1599.0
000000000000000000002c08,5048,2,299.0
000000000000000000002c08,993,1,838.0
000000000000000000002c08,2096,3,299.0
000000000000000000002c08,3419,2,45.0
000000000000000000002c09,284,1,898.0
000000000000000000002c0a,2872,3,1039.0
000000000000000000002c0a,2934,2,999.0
000000000000000000002c0b,3906,3,89.5
000000000000000000002c0c,2075,2,88.0
000000000000000000002c0d,1188,1,165.0
000000000000000000002c0d,3393,2,109.0
000000000000000000002c0d,3869,1,19.9
000000000000000000002c0e,518,3,14.9
000000000000000000002c0e,3620,3,22.9
000000000000000000002c0f,2068,2,109.0
000000000000000000002c0f,2047,2,799.0
000000000000000000002c0f,4913,3,36.9
000000000000000000002c10,3197,1,750.0
000000000000000000002c10,3695,3,43.8
000000000000000000002c10,4397,1,299.9
000000000000000000002c11,2377,3,169.99
000000000000000000002c12,4582,3,58.0
000000000000000000002c13,422,1,119.0
000000000000000000002c13,1009,2,1150.0
000000000000000000002c13,2830,2,2799.0
000000000000000000002c13,2511,1,29.9
000000000000000000002c14,2684,3,2299.0
000000000000000000002c14,1681,3,979.0
000000000000000000002c15,75,2,345.0
000000000000000000002c15,4732,1,121.9
000000000000000000002c16,4682,1,85.0
000000000000000000002c17,1295,3,120.9
000000000000000000002c17,2189,1,75.1
000000000000000000002c18,2129,3,159.0
000000000000000000002c18,1524,3,789.0
000000000000000000002c19,972,1,691.0
000000000000000000002c19,2461,1,29.9
000000000000000000002c19,285,3,909.0
000000000000000000002c19,1317,2,199.0
000000000000000000002c1a,2987,1,2039.0
000000000000000000002c1b,947,1,495.0
000000000000000000002c1b,3796,1,59.9
000000000000000000002c1c,3263,1,469.0
000000000000000000002c1d,703,2,78.0
000000000000000000002c1e,4247,3,98.0
000000000000000000002c1f,3554,2,529.0
000000000000000000002c1f,2283,2,599.0
000000000000000000002c1f,1084,1,65.9
000000000000000000002c20,2850,3,3999.0
000000000000000000002c20,930,1,649.0
000000000000000000002c21,3604,2,511.18
000000000000000000002c21,602,2,799.0
000000000000000000002c21,4684,1,169.0
000000000000000000002c22,5157,1,265.0
000000000000000000002c22,1784,3,729.0
000000000000000000002c22,4039,3,23.9
000000000000000000002c23,1092,3,179.9
000000000000000000002c24,2525,3,79.9
000000000000000000002c24,377,2,3099.0
000000000000000000002c24,782,3,329.0
000000000000000000002c25,3518,1,209.0
000000000000000000002c25,4667,2,141.9
000000000000000000002c25,100,3,539.0
000000000000000000002c26,381,3,2999.0
000000000000000000002c26,1032,3,2159.0
000000000000000000002c27,2133,2,179.0
000000000000000000002c28,2105,3,88.0
000000000000000000002c29,2489,1,167.55
000000000000000000002c2a,915,1,859.0
000000000000000000002c2b,3831,3,229.0
000000000000000000002c2c,4994,2,139.0
000000000000000000002c2c,687,3,1129.0
000000000000000000002c2d,2325,2,76.9
000000000000000000002c2d,2927,1,1009.0
000000000000000000002c2e,887,3,1099.0
000000000000000000002c2f,1109,1,599.0
000000000000000000002c2f,4522,3,49.9
000000000000000000002c2f,2658,1,1499.0
000000000000000000002c30,3803,3,89.0
000000000000000000002c30,931,3,609.0
000000000000000000002c30,1954,1,389.0
000000000000000000002c30,3616,3,779.0
000000000000000000002c31,2108,1,549.0
000000000000000000002c32,1438,2,410.0
000000000000000000002c32,3968,3,349.0
000000000000000000002c33,4583,1,25.0
000000000000000000002c34,4381,2,239.95
000000000000000000002c35,3619,2,369.0
000000000000000000002c35,3188,3,999.0
000000000000000000002c36,4355,1,329.95
000000000000000000002c37,2472,3,389.0
000000000000000000002c38,2947,3,1499.0
000000000000000000002c39,1961,1,289.0
000000000000000000002c39,2509,1,49.9
000000000000000000002c39,259,3,1599.0
000000000000000000002c3a,4974,2,89.0
000000000000000000002c3a,103,3,429.0
000000000000000000002c3b,2239,2,257.0
000000000000000000002c3b,4112,3,139.0
000000000000000000002c3b,3629,1,139.9
000000000000000000002c3c,4922,2,99.0
000000000000000000002c3d,3142,1,80.0
000000000000000000002c3d,4201,2,149.9
000000000000000000002c3d,2675,1,4449.0
000000000000000000002c3e,5076,3,245.0
000000000000000000002c3e,859,3,399.0
000000000000000000002c3f,4904,3,45.0
000000000000000000002c3f,1840,3,899.0
000000000000000000002c40,4903,3,75.0
000000000000000000002c40,4728,3,109.0
000000000000000000002c40,2781,1,4899.0
000000000000000000002c40,4257,2,101.94
000000000000000000002c41,280,1,908.0
000000000000000000002c41,4397,1,299.9
000000000000000000002c41,2018,1,249.0
000000000000000000002c42,2325,2,76.9
000000000000000000002c42,1370,2,1749.0
000000000000000000002c42,1335,3,119.0
000000000000000000002c43,2247,1,198.9
000000000000000000002c43,1817,2,129.0
000000000000000000002c43,1881,3,70.0
000000000000000000002c44,4808,2,78.9
000000000000000000002c44,1055,1,793.0
000000000000000000002c45,1653,1,2149.0
000000000000000000002c45,3508,1,239.99
000000000000000000002c46,2828,1,8999.0
000000000000000000002c46,631,3,135.0
000000000000000000002c46,4072,3,119.9
000000000000000000002c47,588,1,150.9
000000000000000000002c47,3974,3,74.4
000000000000000000002c47,3827,3,79.0
000000000000000000002c48,1450,1,299.9
000000000000000000002c49,3968,1,349.0
000000000000000000002c4a,3622,3,39.9
000000000000000000002c4a,2869,3,220.0
000000000000000000002c4a,3402,1,630.0
000000000000000000002c4b,3562,2,52.0
000000000000000000002c4b,4833,1,799.0
000000000000000000002c4b,4592,2,54.9
000000000000000000002c4b,3679,3,9.9
000000000000000000002c4c,440,1,29.99
000000000000000000002c4d,4539,1,49.9
000000000000000000002c4d,4082,2,42.9
000000000000000000002c4e,1657,3,1198.0
000000000000000000002c4e,2111,1,29.9
000000000000000000002c4e,3634,1,29.9
000000000000000000002c4f,670,1,1199.0
000000000000000000002c50,2260,2,329.9
000000000000000000002c51,1596,2,1699.0
000000000000000000002c51,4105,1,44.9
000000000000000000002c51,1854,2,1099.0
000000000000000000002c51,2377,2,169.99
000000000000000000002c52,4109,3,69.9
000000000000000000002c52,1580,1,849.9
000000000000000000002c52,4451,2,103.9
000000000000000000002c53,3988,2,112.9
000000000000000000002c53,3122,2,39.0
000000000000000000002c54,2013,2,14.5
000000000000000000002c55,3556,3,2499.0
000000000000000000002c55,1832,1,599.0
000000000000000000002c56,819,1,1199.9
000000000000000000002c57,4518,2,49.9
000000000000000000002c58,2975,2,500.5
000000000000000000002c58,3511,2,165.0
000000000000000000002c59,1024,1,279.0
000000000000000000002c59,4470,2,279.0
000000000000000000002c5a,4201,3,149.9
000000000000000000002c5b,745,2,589.0
000000000000000000002c5b,3594,3,599.0
000000000000000000002c5b,374,2,2299.0
000000000000000000002c5c,2865,2,689.0
000000000000000000002c5d,1433,3,1399.0
000000000000000000002c5d,3488,2,2599.0
000000000000000000002c5e,1069,2,139.9
000000000000000000002c5f,3920,3,104.99
000000000000000000002c5f,20,1,420.0
000000000000000000002c5f,2713,3,2999.0
000000000000000000002c60,1748,1,185.0
000000000000000000002c60,2452,3,259.0
000000000000000000002c61,3578,1,100.0
000000000000000000002c62,4165,1,22.9
000000000000000000002c62,1257,3,329.0
000000000000000000002c63,5150,1,130.0
000000000000000000002c63,4168,1,299.9
000000000000000000002c64,4455,1,195.0
000000000000000000002c65,3609,3,1199.0
000000000000000000002c65,4535,3,49.9
000000000000000000002c65,1579,1,1028.0
000000000000000000002c65,2274,3,199.0
000000000000000000002c66,3902,1,69.0
000000000000000000002c67,1369,2,1849.0
000000000000000000002c67,5129,1,500.0
000000000000000000002c67,4659,3,459.0
000000000000000000002c68,1742,3,1629.0
000000000000000000002c68,4322,1,55.0
000000000000000000002c69,1993,1,900.0
000000000000000000002c69,769,1,2455.0
000000000000000000002c69,4296,2,99.96
000000000000000000002c69,4415,2,69.9
000000000000000000002c6a,4172,1,399.0
000000000000000000002c6a,1928,2,309.0
000000000000000000002c6a,4569,2,34.3
000000000000000000002c6b,449,1,165.0
000000000000000000002c6c,4092,2,49.9
000000000000000000002c6c,652,1,211.19
000000000000000000002c6c,810,2,869.99
000000000000000000002c6c,3379,3,999.0
000000000000000000002c6d,2602,3,2599.0
000000000000000000002c6e,3353,2,579.0
000000000000000000002c6f,2492,3,244.99
000000000000000000002c70,3488,3,2599.0
000000000000000000002c70,139,2,2679.0
000000000000000000002c71,4707,3,65.0
000000000000000000002c71,1515,2,2329.0
000000000000000000002c72,1537,3,1599.0
000000000000000000002c73,1245,2,55.0
000000000000000000002c73,4148,2,45.0
000000000000000000002c73,4348,2,89.95
000000000000000000002c74,2583,2,195.0
000000000000000000002c74,110,2,799.0
000000000000000000002c74,1889,1,145.9
000000000000000000002c74,2849,1,699.0
000000000000000000002c75,1557,3,899.0
000000000000000000002c75,4801,2,358.0
000000000000000000002c75,3616,1,779.0
000000000000000000002c75,4335,1,639.9
000000000000000000002c76,4102,3,54.99
000000000000000000002c76,4138,2,139.0
000000000000000000002c77,2394,2,259.0
000000000000000000002c78,4864,2,70.0
000000000000000000002c79,4001,1,24.89
000000000000000000002c79,3096,3,1490.0
000000000000000000002c79,4556,2,64.0
000000000000000000002c7a,1550,3,1029.0
000000000000000000002c7b,2908,2,989.0
000000000000000000002c7c,65,2,375.0
000000000000000000002c7d,158,3,1799.0
000000000000000000002c7d,1745,1,1099.0
000000000000000000002c7e,4171,3,329.0
000000000000000000002c7e,4576,2,49.9
000000000000000000002c7e,403,1,489.0
000000000000000000002c7e,4592,3,54.9
000000000000000000002c7f,1593,3,1659.0
000000000000000000002c7f,961,1,199.0
000000000000000000002c80,1817,3,129.0
000000000000000000002c81,5061,2,300.0
000000000000000000002c81,4160,3,199.0
000000000000000000002c82,5101,3,259.0
000000000000000000002c82,1958,1,399.0
000000000000000000002c83,2091,2,129.0
000000000000000000002c84,1738,1,1399.99
000000000000000000002c84,4542,3,49.9
000000000000000000002c85,2139,2,38.0
000000000000000000002c86,966,3,25.0
000000000000000000002c86,1018,2,1180.0
000000000000000000002c86,2216,3,69.9
000000000000000000002c87,2407,3,979.0
000000000000000000002c88,321,1,489.0
000000000000000000002c89,1117,3,599799.0
000000000000000000002c8a,530,1,59.0
000000000000000000002c8b,4009,2,25.9
000000000000000000002c8b,2029,2,149.9
000000000000000000002c8c,815,3,799.0
000000000000000000002c8c,2293,3,154.9
000000000000000000002c8c,330,2,649.0
000000000000000000002c8d,236,1,2185.0
000000000000000000002c8e,992,2,819.0
000000000000000000002c8e,2048,1,379.0
000000000000000000002c8f,787,3,789.0
000000000000000000002c90,2988,1,2709.0
000000000000000000002c90,854,2,609.0
000000000000000000002c90,1938,2,499.0
000000000000000000002c91,1865,3,449.0
000000000000000000002c92,3630,1,61.9
000000000000000000002c92,3187,2,49.9
000000000000000000002c92,907,1,1749.0
000000000000000000002c93,4806,3,135.14
000000000000000000002c93,2698,2,1149.0
000000000000000000002c94,3943,1,79.5
000000000000000000002c94,4805,3,69.0
000000000000000000002c94,2032,1,179.99
000000000000000000002c94,1396,3,349.0
000000000000000000002c95,3387,3,1999.0
000000000000000000002c96,3307,3,1799.0
000000000000000000002c97,1207,1,325.91
000000000000000000002c97,4225,3,77.9
000000000000000000002c98,656,2,69.9
000000000000000000002c99,1029,1,533.33
000000000000000000002c9a,2087,2,129.9
000000000000000000002c9b,104,1,419.0
000000000000000000002c9b,529,2,59.0
000000000000000000002c9b,4310,3,179.9
000000000000000000002c9b,2763,2,869.0
000000000000000000002c9c,3677,2,3359.0
000000000000000000002c9c,5142,1,32.9
000000000000000000002c9c,939,3,625.0
000000000000000000002c9d,785,1,1969.0
000000000000000000002c9d,3643,2,170.0
000000000000000000002c9e,2512,1,349.9
000000000000000000002c9e,2416,2,329.0
000000000000000000002c9e,2412,2,83.9
000000000000000000002c9e,3319,1,3349.0
000000000000000000002c9f,3325,3,1579.0
000000000000000000002c9f,5030,1,57.0
000000000000000000002ca0,3783,1,69.5
000000000000000000002ca0,2575,2,599.0
000000000000000000002ca0,1335,1,119.0
000000000000000000002ca1,557,1,149.0
000000000000000000002ca2,92,3,399.0
000000000000000000002ca3,3496,2,1799.0
000000000000000000002ca4,3334,3,1379.0
000000000000000000002ca5,2918,3,979.0
000000000000000000002ca6,1506,2,2619.0
000000000000000000002ca7,522,2,79.0
000000000000000000002ca8,690,2,99.0
000000000000000000002ca8,3308,1,1379.0
000000000000000000002ca9,4959,2,85.0
000000000000000000002ca9,2513,2,189.9
000000000000000000002ca9,4282,1,77.4
000000000000000000002ca9,127,3,2529.0
000000000000000000002caa,3758,2,69.0
000000000000000000002caa,288,2,959.0
000000000000000000002caa,4953,1,87.0
000000000000000000002cab,1683,2,1399.0
000000000000000000002cac,2630,3,2519.9
000000000000000000002cac,2452,1,259.0
000000000000000000002cac,2416,1,329.0
000000000000000000002cad,814,3,459.0
000000000000000000002cad,3560,1,169.0
000000000000000000002cae,17,2,419.0
000000000000000000002cae,4206,3,461.3
000000000000000000002caf,1797,2,499.0
000000000000000000002cb0,641,3,269.0
000000000000000000002cb0,3895,3,118.9
000000000000000000002cb0,2221,1,240.9
000000000000000000002cb1,4425,2,79.9
000000000000000000002cb1,975,3,629.99
000000000000000000002cb2,2400,2,289.0
000000000000000000002cb2,1384,1,329.0
000000000000000000002cb3,2656,2,1599.0
000000000000000000002cb3,2970,2,699.0
000000000000000000002cb4,4238,2,144.0
000000000000000000002cb4,1929,2,339.0
000000000000000000002cb5,2057,2,349.0
000000000000000000002cb6,2670,1,4449.0
000000000000000000002cb7,786,3,1600.0
000000000000000000002cb8,368,2,399.0
000000000000000000002cb9,2595,1,4398.0
000000000000000000002cba,1083,2,102.9
000000000000000000002cba,1725,1,1249.0
000000000000000000002cbb,3275,3,2649.0
000000000000000000002cbb,5040,2,93.9
000000000000000000002cbc,4452,1,103.9
000000000000000000002cbc,3806,1,79.0
000000000000000000002cbd,1800,2,749.0
000000000000000000002cbe,700,3,699.0
000000000000000000002cbe,2970,2,699.0
000000000000000000002cbe,1479,2,1789.0
000000000000000000002cbe,1490,2,1688.0
000000000000000000002cbf,3519,2,142.0
000000000000000000002cbf,667,2,653.0
000000000000000000002cc0,952,1,839.0
000000000000000000002cc1,4496,1,59.0
000000000000000000002cc2,4463,2,129.0
000000000000000000002cc3,4924,2,99.0
000000000000000000002cc3,496,3,89.99
000000000000000000002cc3,2476,2,28.9
000000000000000000002cc4,472,3,99.0
000000000000000000002cc5,4940,3,29.9
000000000000000000002cc5,978,3,539.0
000000000000000000002cc5,2548,1,189.0
000000000000000000002cc6,2351,2,64.9
000000000000000000002cc7,2955,2,374.9
000000000000000000002cc7,1780,2,899.0
000000000000000000002cc7,4343,2,149.9
000000000000000000002cc8,5061,2,300.0
000000000000000000002cc9,3134,3,29.9
000000000000000000002cc9,3350,3,1299.0
000000000000000000002cca,832,2,999.0
000000000000000000002cca,1877,2,459.0
000000000000000000002cca,4793,2,599.0
000000000000000000002ccb,4601,3,65.0
000000000000000000002ccb,3872,1,67.9
000000000000000000002ccc,464,3,189.9
000000000000000000002ccd,1168,3,260.0
000000000000000000002ccd,3775,1,79.0
000000000000000000002ccd,720,2,919.0
000000000000000000002ccd,521,3,12.0
000000000000000000002cce,552,2,169.0
000000000000000000002cce,1384,2,329.0
000000000000000000002ccf,974,2,989.0
000000000000000000002ccf,2071,2,105.0
000000000000000000002ccf,228,3,5890.0
000000000000000000002cd0,1332,2,369.0
000000000000000000002cd1,4772,1,69.0
000000000000000000002cd2,4598,1,49.0
000000000000000000002cd2,1731,2,1889.0
000000000000000000002cd3,2999,1,550.0
000000000000000000002cd4,1113,3,2799.0
000000000000000000002cd5,1793,2,1167.9
000000000000000000002cd5,3536,1,329.0
000000000000000000002cd6,4908,3,39.9
000000000000000000002cd7,2609,2,2879.0
000000000000000000002cd8,3144,3,19.9
000000000000000000002cd9,4756,2,91.5
000000000000000000002cda,1645,2,699.9
000000000000000000002cdb,3190,1,619.9
000000000000000000002cdb,598,1,409.9
000000000000000000002cdb,2015,1,359.0
000000000000000000002cdc,4031,1,23.9
000000000000000000002cdd,4406,3,129.9
000000000000000000002cde,5045,2,349.0
000000000000000000002cde,191,3,2775.0
000000000000000000002cde,2810,1,3299.0
000000000000000000002cde,3070,3,3599.0
000000000000000000002cdf,2209,1,99.0
000000000000000000002ce0,1390,2,2729.0
000000000000000000002ce1,5159,3,829.0
000000000000000000002ce2,319,1,469.0
000000000000000000002ce2,581,1,449.0
000000000000000000002ce3,2101,2,85.9
000000000000000000002ce3,3939,3,59.9
000000000000000000002ce3,255,2,2049.0
000000000000000000002ce3,5119,3,259.0
000000000000000000002ce4,789,1,849.0
000000000000000000002ce5,4931,2,29.9
000000000000000000002ce5,1631,2,1499.0
000000000000000000002ce6,450,1,165.0
000000000000000000002ce7,238,3,3599.0
000000000000000000002ce7,2330,2,149.0
000000000000000000002ce7,768,3,2299.9
000000000000000000002ce7,4318,2,75.0
000000000000000000002ce8,532,1,32.9
000000000000000000002ce8,4292,2,169.9
000000000000000000002ce9,746,3,580.0
000000000000000000002ce9,2468,1,309.0
000000000000000000002cea,1674,3,1549.0
000000000000000000002cea,2835,1,3599.0
000000000000000000002ceb,3951,2,209.0
000000000000000000002cec,208,3,3279.0
000000000000000000002ced,3108,3,159.9
000000000000000000002ced,2989,3,2309.0
000000000000000000002cee,2198,2,291.0
000000000000000000002cef,2842,2,3449.0
000000000000000000002cef,2780,3,3599.0
000000000000000000002cf0,4598,3,49.0
000000000000000000002cf0,2578,1,1850.0
000000000000000000002cf1,5071,1,370.0
000000000000000000002cf2,2945,2,979.0
000000000000000000002cf3,4577,3,49.9
000000000000000000002cf3,4131,3,107.8
000000000000000000002cf3,3118,2,31.9
000000000000000000002cf4,4028,1,23.9
000000000000000000002cf5,671,3,449.0
000000000000000000002cf6,1190,2,99.0
000000000000000000002cf6,5148,1,499.0
000000000000000000002cf7,842,2,979.0
000000000000000000002cf8,678,2,139.0
000000000000000000002cf8,3735,2,89.0
000000000000000000002cf9,1045,2,534.9
000000000000000000002cfa,1982,3,259.0
000000000000000000002cfa,1801,2,219.9
000000000000000000002cfa,5121,1,650.0
000000000000000000002cfb,1171,1,187.27
000000000000000000002cfb,4197,2,159.2
000000000000000000002cfc,4026,3,23.9
000000000000000000002cfc,4701,2,599.0
000000000000000000002cfc,2962,1,209.9
000000000000000000002cfd,689,2,99.0
000000000000000000002cfd,4438,1,149.9
000000000000000000002cfe,2326,1,679.9
000000000000000000002cff,1418,3,199.0
000000000000000000002d00,150,1,1149.0
000000000000000000002d00,3739,3,79.0
000000000000000000002d01,3641,3,2959.0
000000000000000000002d01,4934,3,55.0
000000000000000000002d02,1515,2,2329.0
000000000000000000002d02,1264,1,119.99
000000000000000000002d03,298,3,949.0
000000000000000000002d03,775,2,919.0
000000000000000000002d03,2087,1,129.9
000000000000000000002d04,1591,2,1399.0
000000000000000000002d05,2682,3,1849.0
000000000000000000002d05,1688,3,599.0
000000000000000000002d06,2387,3,609.0
000000000000000000002d07,66,3,375.0
000000000000000000002d07,2653,1,1599.0
000000000000000000002d07,4577,3,49.9
000000000000000000002d08,679,3,159.0
000000000000000000002d09,2128,3,159.0
000000000000000000002d09,5012,1,32.9
000000000000000000002d09,4808,1,78.9
000000000000000000002d0a,2907,1,989.0
000000000000000000002d0a,4728,2,109.0
000000000000000000002d0a,5114,2,259.0
000000000000000000002d0a,3599,1,24.5
000000000000000000002d0b,931,3,609.0
000000000000000000002d0c,2900,1,9999.9
000000000000000000002d0d,4980,1,89.0
000000000000000000002d0e,4308,2,129.9
000000000000000000002d0e,423,1,24.5
000000000000000000002d0f,956,1,1799.0
000000000000000000002d10,2746,1,4139.0
000000000000000000002d10,1800,2,749.0
000000000000000000002d11,24,2,599.0
000000000000000000002d11,3663,2,24.9
000000000000000000002d12,4642,2,289.0
000000000000000000002d12,1998,1,549.0
000000000000000000002d12,1088,2,85.0
000000000000000000002d13,3713,2,120.0
000000000000000000002d13,1177,2,103.18
000000000000000000002d13,4524,1,49.9
000000000000000000002d14,969,3,6401.11
000000000000000000002d15,3035,1,1099.9
000000000000000000002d15,958,1,1549.0
000000000000000000002d15,655,3,159.0
000000000000000000002d15,4677,2,34.9
000000000000000000002d16,1046,3,690.9
000000000000000000002d16,1127,1,304.9
000000000000000000002d17,4564,3,76.9
000000000000000000002d18,3016,2,36.0
000000000000000000002d18,3449,1,979.0
000000000000000000002d18,231,3,5890.0
000000000000000000002d19,2670,3,4449.0
000000000000000000002d1a,3348,1,629.0
000000000000000000002d1a,691,1,1499.0
000000000000000000002d1a,4366,3,134.91
000000000000000000002d1a,4546,3,49.9
000000000000000000002d1b,4945,1,99.0
000000000000000000002d1b,3052,1,1999.0
000000000000000000002d1b,2662,1,1449.0
000000000000000000002d1c,1572,3,799.0
000000000000000000002d1c,874,2,1409.0
000000000000000000002d1d,2150,2,179.0
000000000000000000002d1d,3974,2,74.4
000000000000000000002d1e,1327,3,4299.0
000000000000000000002d1f,3949,2,209.0
000000000000000000002d1f,3326,3,699.0
000000000000000000002d1f,3659,2,29.9
000000000000000000002d20,860,1,6614.79
000000000000000000002d20,1359,2,79.9
000000000000000000002d21,2740,1,2999.0
000000000000000000002d22,706,3,169.0
000000000000000000002d22,3826,2,105.0
000000000000000000002d23,3309,3,1549.0
000000000000000000002d23,3365,1,589.0
000000000000000000002d24,5159,1,829.0
000000000000000000002d25,1092,3,179.9
000000000000000000002d26,99,3,539.0
000000000000000000002d26,566,3,129.9
000000000000000000002d27,412,2,1859.0
000000000000000000002d27,2777,3,2999.0
000000000000000000002d28,2962,1,209.9
000000000000000000002d28,5000,1,34.9
000000000000000000002d29,1754,3,899.0
000000000000000000002d29,4718,2,35.0
000000000000000000002d2a,3883,1,75.0
000000000000000000002d2a,1620,1,1699.0
000000000000000000002d2b,2570,3,59.0
000000000000000000002d2b,1575,3,1089.0
000000000000000000002d2b,2043,3,475.0
000000000000000000002d2c,3292,2,749.0
000000000000000000002d2d,367,1,999.0
000000000000000000002d2e,1073,1,1184.0
000000000000000000002d2e,1247,1,199.0
000000000000000000002d2f,1805,1,885.0
000000000000000000002d2f,703,1,78.0
000000000000000000002d30,1257,3,329.0
000000000000000000002d31,4701,1,599.0
000000000000000000002d31,2428,3,489.0
000000000000000000002d31,4010,1,25.9
000000000000000000002d31,602,2,799.0
000000000000000000002d32,4135,1,24.9
000000000000000000002d33,883,3,320.0
000000000000000000002d33,3181,2,42.99
000000000000000000002d34,4162,1,52.0
000000000000000000002d35,925,1,750.0
000000000000000000002d35,5165,3,179.9
000000000000000000002d36,808,2,1699.0
000000000000000000002d36,1145,1,99.9
000000000000000000002d36,1152,3,99.9
000000000000000000002d37,3549,2,529.0
000000000000000000002d38,1643,3,1789.0
000000000000000000002d39,1628,1,1338.9
000000000000000000002d39,1881,2,70.0
000000000000000000002d39,1642,2,2799.9
000000000000000000002d3a,3815,2,89.0
000000000000000000002d3a,2275,2,197.0
000000000000000000002d3b,664,1,704.0
000000000000000000002d3b,1050,1,799.0
000000000000000000002d3c,4892,2,106.0
000000000000000000002d3c,5148,1,499.0
000000000000000000002d3c,2084,1,39.7
000000000000000000002d3d,406,2,2199.0
000000000000000000002d3d,1982,2,259.0
000000000000000000002d3d,1895,2,569.0
000000000000000000002d3e,235,3,8309.0
000000000000000000002d3e,83,1,379.0
000000000000000000002d3f,4997,1,39.9
000000000000000000002d3f,73,1,345.0
000000000000000000002d3f,3236,2,499.9
000000000000000000002d40,4711,2,219.99
000000000000000000002d41,3060,3,1390.0
000000000000000000002d41,4123,2,30.9
000000000000000000002d41,2960,3,989.0
000000000000000000002d41,2595,2,4398.0
000000000000000000002d42,5177,3,1299.9
000000000000000000002d43,655,2,159.0
000000000000000000002d44,2957,3,989.0
000000000000000000002d44,2224,3,125.0
000000000000000000002d45,2343,1,110.0
000000000000000000002d45,4582,1,58.0
000000000000000000002d45,3665,1,149.5
000000000000000000002d46,2236,1,257.0
000000000000000000002d47,1969,2,449.99
000000000000000000002d48,821,1,1259.0
000000000000000000002d48,234,3,3599.0
000000000000000000002d49,3603,1,42.0
000000000000000000002d4a,4391,1,179.99
000000000000000000002d4b,4137,3,229.0
000000000000000000002d4c,556,2,179.0
000000000000000000002d4d,2899,1,979.0
000000000000000000002d4e,1860,1,409.0
000000000000000000002d4e,1242,3,93.9
000000000000000000002d4f,974,3,989.0
000000000000000000002d4f,1138,2,159.9
000000000000000000002d50,3890,1,54.9
000000000000000000002d51,4089,3,49.9
000000000000000000002d52,3155,2,490.0
000000000000000000002d53,3324,1,2349.0
000000000000000000002d54,586,2,159.0
000000000000000000002d54,1954,2,389.0
000000000000000000002d55,4714,3,36.0
000000000000000000002d55,4486,2,55.9
000000000000000000002d55,4441,2,399.9
000000000000000000002d56,4910,2,49.9
000000000000000000002d56,3922,3,33.0
000000000000000000002d56,1783,2,96.0
000000000000000000002d57,3921,2,27.9
000000000000000000002d57,4952,1,87.0
000000000000000000002d57,5088,3,650680.0
000000000000000000002d58,4104,2,107.0
000000000000000000002d58,4165,1,22.9
000000000000000000002d58,1915,3,999.0
000000000000000000002d59,4353,3,129.9
000000000000000000002d59,238,2,3599.0
000000000000000000002d5a,4307,2,129.9
000000000000000000002d5b,2004,2,829.0
000000000000000000002d5c,4682,1,85.0
000000000000000000002d5c,2087,2,129.9
000000000000000000002d5d,3194,1,54.0
000000000000000000002d5d,2535,3,59.0
000000000000000000002d5e,2334,3,189.9
000000000000000000002d5f,1820,1,1639.9
000000000000000000002d60,16,1,375.0
000000000000000000002d60,49,1,459.0
000000000000000000002d60,2741,3,2959.0
000000000000000000002d61,166,2,1159.0
000000000000000000002d62,2884,1,509.0
000000000000000000002d63,5166,3,79.0
000000000000000000002d64,1926,2,1089.0
000000000000000000002d64,4118,3,84.8
000000000000000000002d65,2871,1,250.0
000000000000000000002d65,2213,1,125.0
000000000000000000002d66,4185,1,129.9
000000000000000000002d66,757,3,1099.99
000000000000000000002d67,4918,2,39.9
000000000000000000002d68,308,3,899.0
000000000000000000002d68,1541,2,1499.0
000000000000000000002d68,829,3,899.0
000000000000000000002d69,4000,3,25.9
000000000000000000002d69,4593,1,54.9
000000000000000000002d6a,4060,2,349.0
000000000000000000002d6a,3370,2,499.0
000000000000000000002d6a,4146,2,30.5
000000000000000000002d6b,2294,3,154.9
000000000000000000002d6b,2071,2,105.0
000000000000000000002d6b,3828,2,229.0
000000000000000000002d6b,67,2,375.0
000000000000000000002d6c,2357,1,50.9
000000000000000000002d6d,2557,1,3300.0
000000000000000000002d6d,562,1,109.0
000000000000000000002d6d,1135,3,89.9
000000000000000000002d6d,1162,1,479.9
000000000000000000002d6e,4380,3,249.95
000000000000000000002d6f,781,1,299.0
000000000000000000002d6f,1167,3,199.0
000000000000000000002d6f,1134,1,89.9
000000000000000000002d70,2339,2,329.0
000000000000000000002d70,278,1,898.0
000000000000000000002d70,3370,2,499.0
000000000000000000002d71,1784,2,729.0
000000000000000000002d71,865,2,499.0
000000000000000000002d72,2165,1,62.0
000000000000000000002d72,2338,1,329.0
000000000000000000002d73,3717,1,28.9
000000000000000000002d74,2783,3,2799.0
000000000000000000002d74,1410,2,1799.0
000000000000000000002d75,3731,1,69.9
000000000000000000002d75,4914,3,29.9
000000000000000000002d76,4937,3,38.39
000000000000000000002d76,4245,1,175.7
000000000000000000002d76,1338,3,219.4
000000000000000000002d76,4758,1,159.0
000000000000000000002d77,815,3,799.0
000000000000000000002d77,2836,1,4699.0
000000000000000000002d78,554,2,179.0
000000000000000000002d79,1735,3,1049.0
000000000000000000002d79,1972,2,389.0
000000000000000000002d7a,1883,2,139.0
000000000000000000002d7a,1880,1,70.0
000000000000000000002d7a,1560,2,829.0
000000000000000000002d7b,841,2,2579.0
000000000000000000002d7b,2292,3,159.0
000000000000000000002d7b,4373,3,108.9
000000000000000000002d7c,4111,1,15.0
000000000000000000002d7d,2479,3,35.0
000000000000000000002d7e,2312,3,134.0
000000000000000000002d7e,1556,2,11000.0
000000000000000000002d7f,995,3,1501.0
000000000000000000002d80,959,1,1299.0
000000000000000000002d80,3647,3,295.0
000000000000000000002d80,4603,3,91.0
000000000000000000002d81,577,1,169.9
000000000000000000002d81,4039,2,23.9
000000000000000000002d81,1692,3,1099.0
000000000000000000002d81,1457,1,1549.0
000000000000000000002d82,2615,3,2699.0
000000000000000000002d83,3286,3,859.0
000000000000000000002d83,1243,2,429.9
000000000000000000002d83,262,1,2799.0
000000000000000000002d83,5164,3,1399.0
000000000000000000002d84,3069,1,2199.0
000000000000000000002d84,1347,2,72.9
000000000000000000002d85,2353,3,64.9
000000000000000000002d85,597,1,98.9
000000000000000000002d86,149,3,1149.0
000000000000000000002d87,1573,1,899.99
000000000000000000002d87,2670,2,4449.0
000000000000000000002d88,2786,3,480.0
000000000000000000002d88,3847,2,215.0
000000000000000000002d89,3322,1,1999.0
000000000000000000002d89,64,1,361.0
000000000000000000002d8a,1066,2,349.9
000000000000000000002d8b,3242,2,7199.0
000000000000000000002d8c,4060,2,349.0
000000000000000000002d8c,1226,1,249.0
000000000000000000002d8c,946,3,1829.0
000000000000000000002d8c,826,2,348.0
000000000000000000002d8d,4690,1,179.0
000000000000000000002d8d,3136,3,129.0
000000000000000000002d8e,467,3,189.0
000000000000000000002d8e,4370,1,103.9
000000000000000000002d8f,3158,1,171.6
000000000000000000002d8f,3244,2,349.9
000000000000000000002d90,4501,3,49.9
000000000000000000002d90,4144,1,39.9
000000000000000000002d91,5153,2,5590.0
000000000000000000002d92,3934,2,55.9
000000000000000000002d92,1933,1,248.9
000000000000000000002d93,1133,3,3129.0
000000000000000000002d93,4660,1,1619.0
000000000000000000002d93,922,1,4599.0
000000000000000000002d93,1144,3,3999.0
000000000000000000002d94,225,1,3499.0
000000000000000000002d94,2074,3,88.0
000000000000000000002d94,1688,1,599.0
000000000000000000002d94,1161,3,390.68
000000000000000000002d95,4657,1,309.0
000000000000000000002d95,5045,3,349.0
000000000000000000002d95,510,3,29.9
000000000000000000002d96,1612,3,1599.0
000000000000000000002d96,1608,2,1599.0
000000000000000000002d97,3954,1,39.0
000000000000000000002d98,3495,1,1799.0
000000000000000000002d98,4895,3,90.0
000000000000000000002d99,2789,2,2399.0
000000000000000000002d9a,2776,3,3299.0
000000000000000000002d9b,2409,1,149.0
000000000000000000002d9b,56,1,279.0
000000000000000000002d9b,10,3,529.0
000000000000000000002d9c,1421,2,949.0
000000000000000000002d9d,3929,1,139.99
000000000000000000002d9d,1252,2,469.0
000000000000000000002d9e,2498,1,2899.0
000000000000000000002d9e,1297,1,120.9
000000000000000000002d9e,1358,1,84.9
000000000000000000002d9f,4511,1,49.9
000000000000000000002da0,501,1,125.0
000000000000000000002da1,1748,2,185.0
000000000000000000002da1,793,2,599.99
000000000000000000002da2,4115,1,91.8
000000000000000000002da3,4592,1,54.9
000000000000000000002da3,2536,1,189.9
000000000000000000002da3,525,2,99.9
000000000000000000002da3,2919,3,1129.9
000000000000000000002da4,2112,1,38.0
000000000000000000002da5,899,1,1699.0
000000000000000000002da5,2337,1,195.0
000000000000000000002da6,4854,1,99.0
000000000000000000002da6,1557,2,899.0
000000000000000000002da7,1878,2,449.0
000000000000000000002da7,2864,1,899.0
000000000000000000002da8,291,2,919.0
000000000000000000002da9,731,1,799.0
000000000000000000002da9,607,2,239.0
000000000000000000002da9,1384,1,329.0
000000000000000000002daa,1078,2,399.0
000000000000000000002daa,3809,3,79.9
000000000000000000002dab,1769,2,899.0
000000000000000000002dab,4680,3,49.9
000000000000000000002dac,4511,2,49.9
000000000000000000002dac,4270,3,184.0
000000000000000000002dad,5025,1,79.0
000000000000000000002dad,3624,1,829.0
000000000000000000002dad,396,3,479.0
000000000000000000002dae,1328,2,1399.0
000000000000000000002dae,3683,2,129.0
000000000000000000002dae,1396,1,349.0
000000000000000000002dae,4701,1,599.0
000000000000000000002daf,2350,1,64.9
000000000000000000002db0,3774,3,79.0
000000000000000000002db0,460,1,173.9
000000000000000000002db1,1926,1,1089.0
000000000000000000002db1,1645,1,699.9
000000000000000000002db1,2193,2,227.0
000000000000000000002db2,1215,3,209.0
000000000000000000002db2,1114,3,799.0
000000000000000000002db2,1605,1,1499.0
000000000000000000002db3,4688,2,50.0
000000000000000000002db4,2420,1,639.0
000000000000000000002db4,3488,3,2599.0
000000000000000000002db5,3932,2,199.0
000000000000000000002db6,3259,2,399.0
000000000000000000002db7,1646,3,1899.0
000000000000000000002db7,1025,3,569.0
000000000000000000002db8,3547,3,529.0
000000000000000000002db8,2797,2,4539.0
000000000000000000002db8,4665,3,118.0
000000000000000000002db9,509,3,79.0
000000000000000000002db9,4462,3,79.9
000000000000000000002dba,177,2,3099.0
000000000000000000002dba,3887,3,334.0
000000000000000000002dba,2740,1,2999.0
000000000000000000002dbb,729,2,636.0
000000000000000000002dbb,1836,1,2599.0
000000000000000000002dbc,3539,3,329.0
000000000000000000002dbc,2917,1,979.0
000000000000000000002dbd,3781,1,89.0
000000000000000000002dbd,2577,2,1750.0
000000000000000000002dbe,1380,2,1599.0
000000000000000000002dbf,1037,1,1019.0
000000000000000000002dbf,519,1,14.9
000000000000000000002dc0,4205,3,79.9
000000000000000000002dc0,2162,1,70.4
000000000000000000002dc0,4736,2,101.34
000000000000000000002dc1,414,2,2705.0
000000000000000000002dc1,4607,2,89.0
000000000000000000002dc1,834,2,690.0
000000000000000000002dc2,3891,3,59.9
000000000000000000002dc3,2609,1,2879.0
000000000000000000002dc3,2972,3,1300.0
000000000000000000002dc3,1832,2,599.0
000000000000000000002dc4,508,2,79.0
000000000000000000002dc4,3059,1,1480.0
000000000000000000002dc5,1257,3,329.0
000000000000000000002dc5,4567,3,34.3
000000000000000000002dc6,2840,2,3600.0
000000000000000000002dc7,4488,1,55.9
000000000000000000002dc7,3983,2,60.99
000000000000000000002dc7,4923,3,99.0
000000000000000000002dc8,4880,2,450.0
000000000000000000002dc8,1468,3,1549.0
000000000000000000002dc9,713,3,512.0
000000000000000000002dca,3264,3,519.0
000000000000000000002dcb,4727,2,99.0
000000000000000000002dcb,2410,1,78.0
000000000000000000002dcb,17,2,419.0
000000000000000000002dcb,5072,2,390.0
000000000000000000002dcc,3974,2,74.4
000000000000000000002dcc,4638,3,49.9
000000000000000000002dcd,4252,1,49.9
000000000000000000002dce,3957,1,70.0
000000000000000000002dcf,2177,3,190.2
000000000000000000002dcf,5141,3,2600.0
000000000000000000002dd0,1221,2,329.0
000000000000000000002dd0,5093,2,470.0
000000000000000000002dd1,5006,1,39.0
000000000000000000002dd1,1773,3,899.0
000000000000000000002dd2,898,3,743.0
000000000000000000002dd3,4646,1,360.0
000000000000000000002dd4,5125,1,380.0
000000000000000000002dd5,86,1,469.0
000000000000000000002dd6,1163,3,379.0
000000000000000000002dd7,2401,3,289.0
000000000000000000002dd8,4655,2,209.0
000000000000000000002dd9,3401,2,820.0
000000000000000000002dd9,3758,1,69.0
000000000000000000002dda,539,1,45.5
000000000000000000002dda,914,3,878.0
000000000000000000002dda,2577,3,1750.0
000000000000000000002ddb,4420,2,49.9
000000000000000000002ddc,2065,2,149.0
000000000000000000002ddd,2414,2,369.0
000000000000000000002ddd,3619,3,369.0
000000000000000000002dde,3568,1,140.9
000000000000000000002dde,1558,2,949.0
000000000000000000002ddf,1307,3,302.9
000000000000000000002ddf,4699,3,109.0
000000000000000000002de0,5116,2,259.0
000000000000000000002de0,1670,2,949.0
000000000000000000002de1,2917,2,979.0
000000000000000000002de2,4786,2,976.35
000000000000000000002de3,992,2,819.0
000000000000000000002de3,5158,1,94.99
000000000000000000002de3,5131,1,450.0
000000000000000000002de4,3440,3,89.0
000000000000000000002de4,3764,1,88.0
000000000000000000002de5,4331,3,192.0
000000000000000000002de5,871,3,765.0
000000000000000000002de5,2443,2,379.0
000000000000000000002de6,1293,2,120.9
000000000000000000002de6,619,2,148.9
000000000000000000002de7,2045,2,475.0
000000000000000000002de8,2473,1,35.0
000000000000000000002de8,4361,3,108.9
000000000000000000002de9,1330,3,2589.0
000000000000000000002dea,1054,1,775.0
000000000000000000002deb,4526,1,49.9
000000000000000000002dec,2306,2,519.0
000000000000000000002dec,102,3,389.9
000000000000000000002ded,932,3,609.0
000000000000000000002dee,1957,1,298.0
000000000000000000002dee,4110,2,69.9
000000000000000000002def,3355,1,779.0
000000000000000000002def,2566,2,899.0
000000000000000000002def,2280,2,648.9
000000000000000000002def,3198,3,65.0
000000000000000000002df0,3064,3,800.0
000000000000000000002df1,4704,2,319.0
000000000000000000002df2,3627,3,349.9
000000000000000000002df2,3286,2,859.0
000000000000000000002df3,1907,3,599.0
000000000000000000002df4,862,1,390.0
000000000000000000002df4,1002,2,629.0
000000000000000000002df5,2998,3,520.0
000000000000000000002df6,606,3,119.0
000000000000000000002df6,4987,2,59.0
000000000000000000002df6,4521,2,49.9
000000000000000000002df7,275,1,868.0
000000000000000000002df7,2087,2,129.9
000000000000000000002df8,507,2,103.9
000000000000000000002df9,1021,3,465.0
000000000000000000002dfa,4432,1,499.9
000000000000000000002dfa,2609,2,2879.0
000000000000000000002dfb,2826,1,799.0
000000000000000000002dfb,3446,2,1099.0
000000000000000000002dfc,4152,3,93.9
000000000000000000002dfc,4419,2,79.9
000000000000000000002dfc,1479,1,1789.0
000000000000000000002dfd,1930,1,339.0
000000000000000000002dfe,871,2,765.0
000000000000000000002dff,2347,2,139.0
000000000000000000002dff,2096,1,299.0
000000000000000000002dff,1516,1,2449.0
000000000000000000002dff,931,1,609.0
000000000000000000002e00,4107,3,49.99
000000000000000000002e00,2018,2,249.0
000000000000000000002e01,3618,3,299.0
000000000000000000002e02,5135,2,429.99
000000000000000000002e03,525,1,99.9
000000000000000000002e03,1356,3,74.9
000000000000000000002e03,2649,1,2160.0
000000000000000000002e03,1439,3,489.9
000000000000000000002e04,3605,2,1129.0
000000000000000000002e04,1556,2,11000.0
000000000000000000002e05,2282,1,219.0
000000000000000000002e06,4514,3,49.9
000000000000000000002e07,327,1,449.0
000000000000000000002e08,4296,2,99.96
000000000000000000002e08,758,3,249.0
000000000000000000002e08,2001,3,279.0
000000000000000000002e09,3356,2,669.0
000000000000000000002e0a,2719,2,1649.0
000000000000000000002e0b,4106,2,36.0
000000000000000000002e0b,3784,1,50.9
000000000000000000002e0c,3243,1,15.5
000000000000000000002e0d,4479,1,44.95
000000000000000000002e0e,3545,3,329.0
000000000000000000002e0f,3930,3,79.0
000000000000000000002e0f,1635,1,1299.0
000000000000000000002e10,3238,2,94.9
000000000000000000002e11,3196,1,62.0
000000000000000000002e12,3955,3,70.0
000000000000000000002e12,3524,3,39.99
000000000000000000002e12,2849,3,699.0
000000000000000000002e13,992,3,819.0
000000000000000000002e14,3903,2,88.9
000000000000000000002e14,1418,1,199.0
000000000000000000002e15,4543,2,49.9
000000000000000000002e16,1565,1,729.0
000000000000000000002e16,3475,2,89.0
000000000000000000002e17,4430,2,127.92
000000000000000000002e17,1552,1,1528.0
000000000000000000002e18,89,1,409.0
000000000000000000002e18,1810,2,1250.0
000000000000000000002e19,3823,3,169.0
000000000000000000002e19,3014,3,1599.99
000000000000000000002e1a,493,1,39.0
000000000000000000002e1a,2163,2,349.0
000000000000000000002e1b,1572,1,799.0
000000000000000000002e1b,2018,2,249.0
000000000000000000002e1c,1387,3,2429.0
000000000000000000002e1c,96,2,450.0
000000000000000000002e1d,972,2,691.0
000000000000000000002e1d,1310,1,74.9
000000000000000000002e1e,2723,3,1649.0
000000000000000000002e1e,1610,2,899.0
000000000000000000002e1e,2466,1,989.0
000000000000000000002e1f,1595,2,1899.0
000000000000000000002e1f,4649,2,179.0
000000000000000000002e20,3065,1,800.0
000000000000000000002e20,2840,1,3600.0
000000000000000000002e21,2673,1,4449.0
000000000000000000002e21,43,3,529.0
000000000000000000002e22,1862,2,419.0
000000000000000000002e22,5141,1,2600.0
000000000000000000002e22,2290,3,719.0
000000000000000000002e23,3653,3,205.0
000000000000000000002e24,2465,1,40.0
000000000000000000002e25,937,3,409.0
000000000000000000002e26,3340,3,3359.0
000000000000000000002e27,624,2,63.9
000000000000000000002e27,92,3,399.0
000000000000000000002e28,2848,3,3999.0
000000000000000000002e29,3588,2,165.0
000000000000000000002e2a,1009,1,1150.0
000000000000000000002e2a,1314,2,109.0
000000000000000000002e2a,737,3,659.0
000000000000000000002e2b,3572,1,140.9
000000000000000000002e2b,3487,2,1949.0
000000000000000000002e2b,352,3,1399.0
000000000000000000002e2c,2518,1,249.0
000000000000000000002e2c,2918,1,979.0
000000000000000000002e2d,3294,2,799.0
000000000000000000002e2e,5057,3,430.0
000000000000000000002e2f,2006,2,799.0
000000000000000000002e2f,1010,3,1499.0
000000000000000000002e2f,4349,3,84.95
000000000000000000002e30,3594,3,599.0
000000000000000000002e31,3474,1,89.0
000000000000000000002e32,4101,3,49.9
000000000000000000002e33,3296,3,939.0
000000000000000000002e34,4080,3,42.9
000000000000000000002e34,1150,2,99.9
000000000000000000002e34,2505,3,320.0
000000000000000000002e35,1769,1,899.0
000000000000000000002e36,4201,1,149.9
000000000000000000002e36,2907,2,989.0
000000000000000000002e36,256,3,3599.0
000000000000000000002e37,2963,2,999.0
000000000000000000002e37,4067,3,199.0
000000000000000000002e37,2640,1,1409.0
000000000000000000002e37,924,2,589.99
000000000000000000002e38,498,2,89.0
000000000000000000002e39,3178,2,129.0
000000000000000000002e3a,3117,1,550.0
000000000000000000002e3b,2200,3,289.0
000000000000000000002e3c,301,2,2719.0
000000000000000000002e3d,3698,3,10.9
000000000000000000002e3d,2284,2,659.0
000000000000000000002e3d,820,3,1049.0
000000000000000000002e3e,1665,2,1249.0
000000000000000000002e3e,768,3,2299.9
000000000000000000002e3f,3639,2,1999.0
000000000000000000002e40,89,2,409.0
000000000000000000002e40,648,1,269.0
000000000000000000002e41,1141,2,179.9
000000000000000000002e42,2787,3,99.0
000000000000000000002e42,4109,2,69.9
000000000000000000002e43,2316,3,289.0
000000000000000000002e43,4987,3,59.0
000000000000000000002e43,2279,3,289.0
000000000000000000002e44,3708,2,29.9
000000000000000000002e45,4879,3,50.0
000000000000000000002e45,1628,2,1338.9
000000000000000000002e46,141,2,1189.0
000000000000000000002e47,1533,1,1399.0
000000000000000000002e47,3787,2,189.0
000000000000000000002e47,4181,1,118.3
000000000000000000002e48,1760,3,39.9
000000000000000000002e49,2661,2,1449.0
000000000000000000002e49,3469,2,89.0
000000000000000000002e4a,1297,3,120.9
000000000000000000002e4a,379,1,3099.0
000000000000000000002e4b,4637,2,155.0
000000000000000000002e4c,2998,2,520.0
000000000000000000002e4c,1555,3,8900.0
000000000000000000002e4d,3750,2,28.0
000000000000000000002e4d,3495,2,1799.0
000000000000000000002e4e,4070,2,29.9
000000000000000000002e4e,746,1,580.0
000000000000000000002e4e,1187,3,110.0
000000000000000000002e4f,672,2,629.0
000000000000000000002e4f,944,3,8499.99
000000000000000000002e50,1419,3,199.0
000000000000000000002e51,4121,2,96.9
000000000000000000002e51,1691,2,1049.0
000000000000000000002e51,4711,2,219.99
000000000000000000002e52,4415,2,69.9
000000000000000000002e52,2938,3,689.0
000000000000000000002e52,2084,1,39.7
000000000000000000002e52,130,2,2549.0
000000000000000000002e53,3558,1,239.0
000000000000000000002e53,1299,2,320.0
000000000000000000002e54,1845,2,1859.0
000000000000000000002e54,824,1,560.0
000000000000000000002e55,2869,1,220.0
000000000000000000002e55,3404,1,4049.0
000000000000000000002e56,2630,2,2519.9
000000000000000000002e57,2987,1,2039.0
000000000000000000002e57,2783,2,2799.0
000000000000000000002e58,2322,2,1259.9
000000000000000000002e59,3458,2,489.0
000000000000000000002e5a,2654,1,1599.0
000000000000000000002e5b,1376,1,4099.0
000000000000000000002e5c,4871,3,119.0
000000000000000000002e5c,2616,1,3999.0
000000000000000000002e5d,999,3,2699.0
000000000000000000002e5e,2927,2,1009.0
000000000000000000002e5f,1821,1,1589.0
000000000000000000002e5f,2875,3,729.0
000000000000000000002e60,3887,2,334.0
000000000000000000002e60,4568,3,27.3
000000000000000000002e61,4568,1,27.3
000000000000000000002e61,2562,3,1479.0
000000000000000000002e62,4793,3,599.0
000000000000000000002e63,1788,3,999.0
000000000000000000002e63,1544,2,1489.0
000000000000000000002e64,609,2,569.0
000000000000000000002e65,1125,3,369.9
000000000000000000002e65,2967,1,1089.0
000000000000000000002e66,904,2,690.0
000000000000000000002e66,4998,1,19.9
000000000000000000002e67,740,2,649.0
000000000000000000002e68,3165,2,70.0
000000000000000000002e69,236,2,2185.0
000000000000000000002e6a,2303,2,589.0
000000000000000000002e6a,2828,1,8999.0
000000000000000000002e6b,4594,2,71.1
000000000000000000002e6b,210,1,5349.0
000000000000000000002e6c,2565,3,949.0
000000000000000000002e6c,3906,3,89.5
000000000000000000002e6d,4974,3,89.0
000000000000000000002e6e,1114,2,799.0
000000000000000000002e6e,1482,1,1789.0
000000000000000000002e6e,237,3,3899.0
000000000000000000002e6f,1531,1,1399.0
000000000000000000002e6f,640,2,130.0
000000000000000000002e6f,4307,3,129.9
000000000000000000002e70,3067,2,1499.0
000000000000000000002e70,5171,2,1399.0
000000000000000000002e70,3649,2,189.0
000000000000000000002e71,4103,1,43.99
000000000000000000002e71,3142,2,80.0
000000000000000000002e71,3137,3,979.0
000000000000000000002e71,1588,2,1449.0
000000000000000000002e72,1864,1,429.0
000000000000000000002e72,2790,2,2399.0
000000000000000000002e73,2474,2,25.0
000000000000000000002e73,4512,1,49.9
000000000000000000002e74,462,1,189.9
000000000000000000002e74,331,1,879.0
000000000000000000002e74,2697,1,1149.0
000000000000000000002e75,3161,3,379.0
000000000000000000002e75,3038,1,560.0
000000000000000000002e75,4210,2,139.3
000000000000000000002e76,819,2,1199.9
000000000000000000002e76,3917,3,78.5
000000000000000000002e77,3668,2,135.0
000000000000000000002e77,4122,2,19.9
000000000000000000002e78,3585,3,165.0
000000000000000000002e79,2886,3,309.9
000000000000000000002e79,1272,2,159.0
000000000000000000002e79,3802,3,70.0
000000000000000000002e7a,2385,2,309.0
000000000000000000002e7a,1011,2,3222.22
000000000000000000002e7a,448,2,85.0
000000000000000000002e7b,2137,1,118.0
000000000000000000002e7b,256,3,3599.0
000000000000000000002e7c,1633,2,1299.0
000000000000000000002e7d,4616,3,337.9
000000000000000000002e7d,3437,1,1099.0
000000000000000000002e7e,4224,1,279.9
000000000000000000002e7f,3406,1,4399.0
000000000000000000002e80,1214,1,1719.0
000000000000000000002e80,2192,3,228.0
000000000000000000002e80,1752,2,1299.0
000000000000000000002e80,3911,1,33.0
000000000000000000002e81,759,3,1100.0
000000000000000000002e82,2051,2,879.0
000000000000000000002e83,1149,3,99.9
000000000000000000002e84,409,3,1349.0
000000000000000000002e85,4078,1,42.9
000000000000000000002e85,2034,3,369.0
000000000000000000002e86,2816,3,1999.0
000000000000000000002e86,3179,2,99.0
000000000000000000002e86,3865,3,19.9
000000000000000000002e86,1344,1,143.9
000000000000000000002e87,637,2,189.0
000000000000000000002e88,695,1,269.0
000000000000000000002e89,2489,2,167.55
000000000000000000002e89,4603,1,91.0
000000000000000000002e8a,3056,1,349.9
000000000000000000002e8a,3601,3,8.9
000000000000000000002e8b,1811,1,129.9
000000000000000000002e8c,4348,1,89.95
000000000000000000002e8c,91,2,399.0
000000000000000000002e8d,2989,3,2309.0
000000000000000000002e8d,1157,3,8631.18
000000000000000000002e8e,971,1,669.0
000000000000000000002e8f,3130,2,129.0
000000000000000000002e8f,4152,2,93.9
000000000000000000002e90,1072,2,569.0
000000000000000000002e90,1425,1,3280.0
000000000000000000002e90,468,1,189.0
000000000000000000002e91,1267,2,50.9
000000000000000000002e91,4454,3,108.9
000000000000000000002e92,3570,3,140.9
000000000000000000002e92,516,1,59.0
000000000000000000002e93,2517,3,339.0
000000000000000000002e94,1929,1,339.0
000000000000000000002e95,3972,2,189.0
000000000000000000002e95,4416,1,69.9
000000000000000000002e95,1823,3,169.0
000000000000000000002e95,2512,3,349.9
000000000000000000002e96,2436,3,1039.0
000000000000000000002e96,1870,1,449.0
000000000000000000002e96,3284,1,1679.0
000000000000000000002e97,4748,1,151.9
000000000000000000002e97,3849,1,639.0
000000000000000000002e98,937,3,409.0
000000000000000000002e99,2268,1,139.0
000000000000000000002e99,3122,2,39.0
000000000000000000002e9a,2387,2,609.0
000000000000000000002e9a,3004,2,500.0
000000000000000000002e9b,2417,2,399.0
000000000000000000002e9c,1373,2,265.0
000000000000000000002e9d,4412,2,69.9
000000000000000000002e9e,3665,1,149.5
000000000000000000002e9e,298,2,949.0
000000000000000000002e9f,2601,1,899.0
000000000000000000002e9f,836,1,799.0
000000000000000000002ea0,3955,1,70.0
000000000000000000002ea0,2358,2,59.9
000000000000000000002ea1,4435,2,449.9
000000000000000000002ea1,707,2,1099.0
000000000000000000002ea1,4436,2,89.9
000000000000000000002ea2,2952,1,1089.0
000000000000000000002ea2,1391,2,479.0
000000000000000000002ea2,3267,1,365.0
000000000000000000002ea3,4019,2,23.9
000000000000000000002ea3,1819,1,849.9
000000000000000000002ea3,273,1,939.0
000000000000000000002ea4,47,1,459.0
000000000000000000002ea4,1266,2,49.9
000000000000000000002ea4,3513,3,119.0
000000000000000000002ea5,4248,3,109.99
000000000000000000002ea5,2696,2,3999.0
000000000000000000002ea5,811,3,329.0
000000000000000000002ea6,2636,1,2699.0
000000000000000000002ea7,4654,1,79.9
000000000000000000002ea7,334,1,729.0
000000000000000000002ea7,4250,1,238.7
000000000000000000002ea8,2498,1,2899.0
000000000000000000002ea8,2180,3,55.1
000000000000000000002ea9,1036,1,709.0
000000000000000000002ea9,1859,2,409.0
000000000000000000002ea9,3684,1,99.0
000000000000000000002eaa,5117,3,259.0
000000000000000000002eaa,4859,2,69.9
000000000000000000002eaa,1921,2,219.9
000000000000000000002eaa,997,1,2499.0
000000000000000000002eab,2508,3,109.0
000000000000000000002eac,4799,2,359.0
000000000000000000002eac,716,1,799.0
000000000000000000002ead,2010,3,269.0
000000000000000000002eae,1063,1,54899.0
000000000000000000002eae,1697,1,799.0
000000000000000000002eae,848,3,999.0
000000000000000000002eaf,1482,2,1789.0
000000000000000000002eaf,4688,3,50.0
000000000000000000002eaf,2973,2,500.5
000000000000000000002eaf,3192,1,249.9
000000000000000000002eb0,1558,3,949.0
000000000000000000002eb0,3464,1,5199.0
000000000000000000002eb0,4155,3,32.0
000000000000000000002eb1,4235,2,150.0
000000000000000000002eb1,4475,2,79.0
000000000000000000002eb1,3265,3,619.0
000000000000000000002eb2,3201,3,67.0
000000000000000000002eb2,4663,1,189.0
000000000000000000002eb3,199,2,3259.0
000000000000000000002eb3,749,1,649.0
000000000000000000002eb3,4076,2,169.9
000000000000000000002eb3,5031,1,189.9
000000000000000000002eb4,4771,1,69.0
000000000000000000002eb5,1206,1,220.0
000000000000000000002eb6,45,2,479.0
000000000000000000002eb6,2081,2,32.9
000000000000000000002eb6,1304,1,302.9
000000000000000000002eb7,3467,3,99.0
000000000000000000002eb7,4793,1,599.0
000000000000000000002eb7,217,2,4990.0
000000000000000000002eb8,242,3,1760.0
000000000000000000002eb8,3237,2,59.9
000000000000000000002eb8,4462,1,79.9
000000000000000000002eb8,1258,1,329.0
000000000000000000002eb9,3339,1,2759.0
000000000000000000002eb9,1469,2,1464.0
000000000000000000002eba,528,3,1233.9
000000000000000000002ebb,3134,2,29.9
000000000000000000002ebb,4422,1,59.9
000000000000000000002ebb,1749,1,1099.0
000000000000000000002ebc,4433,1,499.9
000000000000000000002ebd,4985,3,299.0
000000000000000000002ebe,4526,3,49.9
000000000000000000002ebe,1335,1,119.0
000000000000000000002ebe,488,2,39.0
000000000000000000002ebf,1369,1,1849.0
000000000000000000002ebf,159,3,2149.0
000000000000000000002ec0,2521,3,1599.0
000000000000000000002ec1,3224,3,112.9
000000000000000000002ec1,4862,2,3834.68
000000000000000000002ec1,275,2,868.0
000000000000000000002ec2,626,1,1359.0
000000000000000000002ec2,2400,2,289.0
000000000000000000002ec2,729,2,636.0
000000000000000000002ec2,1239,2,249.9
000000000000000000002ec3,3756,1,79.0
000000000000000000002ec3,1226,1,249.0
000000000000000000002ec4,2915,3,999.0
000000000000000000002ec5,2666,3,1349.0
000000000000000000002ec6,1338,3,219.4
000000000000000000002ec7,3398,1,139.0
000000000000000000002ec8,5041,3,93.9
000000000000000000002ec8,4465,3,119.0
000000000000000000002ec8,2895,1,989.0
000000000000000000002ec8,2122,2,979.0
000000000000000000002ec9,2650,3,1379.0
000000000000000000002ec9,3853,2,49.9
000000000000000000002ec9,1514,3,2498.9
000000000000000000002ec9,880,3,699.0
000000000000000000002eca,4011,2,25.9
000000000000000000002eca,3313,2,299.0
000000000000000000002ecb,1647,1,1959.0
000000000000000000002ecc,3885,3,199.0
000000000000000000002ecc,3346,3,599.0
000000000000000000002ecd,2911,1,989.0
000000000000000000002ecd,413,1,2319.0
000000000000000000002ece,2901,1,819.0
000000000000000000002ece,4429,3,119.99
000000000000000000002ecf,3536,2,329.0
000000000000000000002ed0,4314,1,135.0
000000000000000000002ed0,3562,2,52.0
000000000000000000002ed0,4645,1,199.0
000000000000000000002ed1,3849,3,639.0
000000000000000000002ed1,678,1,139.0
000000000000000000002ed2,1545,3,1489.0
000000000000000000002ed3,2803,2,3369.0
000000000000000000002ed3,4477,3,36.9
000000000000000000002ed3,4746,1,529.0
000000000000000000002ed3,2336,2,289.0
000000000000000000002ed4,896,1,450.0
000000000000000000002ed4,4858,1,102.0
000000000000000000002ed5,260,2,1599.0
000000000000000000002ed5,1433,3,1399.0
000000000000000000002ed5,3933,3,109.9
000000000000000000002ed6,4286,1,130.0
000000000000000000002ed7,3159,3,299.9
000000000000000000002ed7,4554,2,45.9
000000000000000000002ed7,4040,2,23.9
000000000000000000002ed8,1296,1,120.9
000000000000000000002ed8,298,3,949.0
000000000000000000002ed9,3903,2,88.9
000000000000000000002ed9,464,2,189.9
000000000000000000002ed9,1100,1,1799.0
000000000000000000002eda,335,3,979.0
000000000000000000002eda,3776,1,109.0
000000000000000000002edb,2519,3,599.0
000000000000000000002edc,3427,1,1099.0
000000000000000000002edc,2756,1,3599.0
000000000000000000002edc,430,3,79.0
000000000000000000002edd,1686,1,1699.0
000000000000000000002edd,2285,3,599.0
000000000000000000002edd,3691,1,1519.9
000000000000000000002ede,4972,3,39.9
000000000000000000002ede,1206,2,220.0
000000000000000000002ede,4034,2,23.9
000000000000000000002edf,1768,1,899.0
000000000000000000002edf,3639,2,1999.0
000000000000000000002ee0,1388,2,3199.0
000000000000000000002ee0,2441,1,319.0
